-- phpMyAdmin SQL Dump
-- version 5.1.3
-- https://www.phpmyadmin.net/
--
-- Host: 127.0.0.1
-- Generation Time: May 10, 2022 at 06:37 AM
-- Server version: 10.4.22-MariaDB
-- PHP Version: 7.4.28

SET SQL_MODE = "NO_AUTO_VALUE_ON_ZERO";
START TRANSACTION;
SET time_zone = "+00:00";


/*!40101 SET @OLD_CHARACTER_SET_CLIENT=@@CHARACTER_SET_CLIENT */;
/*!40101 SET @OLD_CHARACTER_SET_RESULTS=@@CHARACTER_SET_RESULTS */;
/*!40101 SET @OLD_COLLATION_CONNECTION=@@COLLATION_CONNECTION */;
/*!40101 SET NAMES utf8mb4 */;

--
-- Database: `sim_hot`
--

-- --------------------------------------------------------

--
-- Table structure for table `alat_operasi`
--

CREATE TABLE `alat_operasi` (
  `id` int(3) NOT NULL,
  `nama` varchar(60) COLLATE utf8mb4_unicode_ci NOT NULL,
  `stok_terpakai` int(5) NOT NULL,
  `stok_tidak_terpakai` int(5) NOT NULL
) ENGINE=InnoDB DEFAULT CHARSET=utf8mb4 COLLATE=utf8mb4_unicode_ci;

-- --------------------------------------------------------

--
-- Table structure for table `alkes_kontrol_kehamilan`
--

CREATE TABLE `alkes_kontrol_kehamilan` (
  `id` int(5) NOT NULL,
  `no_periksa` varchar(30) NOT NULL,
  `kode_barang` varchar(15) NOT NULL,
  `jml_barang` int(3) NOT NULL
) ENGINE=InnoDB DEFAULT CHARSET=utf8mb4;

-- --------------------------------------------------------

--
-- Table structure for table `alkes_periksa_lab`
--

CREATE TABLE `alkes_periksa_lab` (
  `id` int(11) NOT NULL,
  `no_sampel` varchar(30) NOT NULL,
  `kode_barang` varchar(15) NOT NULL,
  `jml_barang` int(3) NOT NULL
) ENGINE=InnoDB DEFAULT CHARSET=utf8mb4;

-- --------------------------------------------------------

--
-- Table structure for table `alkes_periksa_rapid`
--

CREATE TABLE `alkes_periksa_rapid` (
  `id` int(11) NOT NULL,
  `no_sampel` varchar(30) NOT NULL,
  `kode_barang` varchar(15) NOT NULL,
  `jml_barang` int(3) NOT NULL
) ENGINE=InnoDB DEFAULT CHARSET=utf8mb4;

-- --------------------------------------------------------

--
-- Table structure for table `last_sync`
--

CREATE TABLE `last_sync` (
  `id` int(1) NOT NULL,
  `last_sync` datetime NOT NULL,
  `dtm_crt` datetime NOT NULL DEFAULT current_timestamp(),
  `dtm_upd` datetime NOT NULL DEFAULT current_timestamp()
) ENGINE=MyISAM DEFAULT CHARSET=latin1;

--
-- Dumping data for table `last_sync`
--

INSERT INTO `last_sync` (`id`, `last_sync`, `dtm_crt`, `dtm_upd`) VALUES
(1, '2018-05-19 21:33:18', '2018-03-27 11:37:36', '2018-05-19 21:33:18');

-- --------------------------------------------------------

--
-- Table structure for table `no_sync_table`
--

CREATE TABLE `no_sync_table` (
  `table_name` varchar(60) NOT NULL,
  `dtm_crt` datetime NOT NULL DEFAULT current_timestamp(),
  `dtm_upd` datetime NOT NULL DEFAULT current_timestamp()
) ENGINE=MyISAM DEFAULT CHARSET=latin1;

--
-- Dumping data for table `no_sync_table`
--

INSERT INTO `no_sync_table` (`table_name`, `dtm_crt`, `dtm_upd`) VALUES
('tbl_hak_akses', '2018-03-29 15:55:57', '2018-03-29 15:55:57'),
('tbl_master_sequence', '2018-03-29 15:55:57', '2018-03-29 15:55:57'),
('last_sync', '2018-04-02 14:31:16', '2018-04-02 14:31:16'),
('no_sync_table', '2018-03-29 15:57:27', '2018-03-29 15:57:27'),
('tbl_menu', '2018-03-29 16:33:21', '2018-03-29 16:33:21');

-- --------------------------------------------------------

--
-- Table structure for table `tbl_absensi_pegawai`
--

CREATE TABLE `tbl_absensi_pegawai` (
  `id_absensi` int(11) NOT NULL,
  `id_pegawai` int(11) NOT NULL,
  `jam_datang` time DEFAULT NULL,
  `jam_pulang` time DEFAULT NULL,
  `tanggal` date NOT NULL,
  `id_shift` int(11) NOT NULL,
  `durasi_lembur` int(11) NOT NULL,
  `dtm_crt` datetime NOT NULL DEFAULT current_timestamp(),
  `dtm_upd` datetime NOT NULL DEFAULT current_timestamp()
) ENGINE=InnoDB DEFAULT CHARSET=latin1;

-- --------------------------------------------------------

--
-- Table structure for table `tbl_agama`
--

CREATE TABLE `tbl_agama` (
  `id_agama` int(11) NOT NULL,
  `agama` varchar(30) NOT NULL,
  `dtm_crt` datetime NOT NULL DEFAULT current_timestamp(),
  `dtm_upd` datetime NOT NULL DEFAULT current_timestamp()
) ENGINE=InnoDB DEFAULT CHARSET=latin1;

--
-- Dumping data for table `tbl_agama`
--

INSERT INTO `tbl_agama` (`id_agama`, `agama`, `dtm_crt`, `dtm_upd`) VALUES
(1, 'ISLAM', '2018-03-27 10:32:18', '2018-03-25 10:32:18'),
(2, 'KRISTEN', '2018-03-27 10:32:18', '2018-03-25 10:32:18'),
(3, 'HINDU', '2018-03-27 10:32:18', '2018-03-25 10:32:18'),
(4, 'BUDHA', '2018-03-27 10:32:18', '2018-03-25 10:32:18');

-- --------------------------------------------------------

--
-- Table structure for table `tbl_akun`
--

CREATE TABLE `tbl_akun` (
  `id_akun` int(11) NOT NULL,
  `no_akun` varchar(15) NOT NULL,
  `nama_akun` varchar(100) NOT NULL,
  `level` int(1) NOT NULL,
  `id_main_akun` int(5) NOT NULL,
  `sifat_debit` int(1) NOT NULL,
  `sifat_kredit` int(1) NOT NULL,
  `dtm_crt` datetime NOT NULL DEFAULT current_timestamp(),
  `dtm_upd` datetime NOT NULL DEFAULT current_timestamp()
) ENGINE=InnoDB DEFAULT CHARSET=latin1;

--
-- Dumping data for table `tbl_akun`
--

INSERT INTO `tbl_akun` (`id_akun`, `no_akun`, `nama_akun`, `level`, `id_main_akun`, `sifat_debit`, `sifat_kredit`, `dtm_crt`, `dtm_upd`) VALUES
(3, '1', 'HARTA', 0, 0, 1, 0, '2019-11-23 14:32:05', '2019-11-23 14:32:05'),
(4, '2', 'HUTANG', 0, 0, 0, 1, '2019-11-23 14:33:41', '2019-11-23 14:33:41'),
(5, '3', 'MODAL', 0, 0, 0, 1, '2019-11-23 14:33:41', '2019-11-23 14:33:41'),
(6, '4', 'PENDAPATAN', 0, 0, 0, 1, '2019-11-23 14:33:41', '2019-11-23 14:33:41'),
(7, '5', 'BEBAN', 0, 0, 1, 0, '2019-11-23 14:33:41', '2019-11-23 14:33:41'),
(20, '1.1.0.0', 'Kas tunai', 1, 3, 1, 0, '2019-11-28 10:34:18', '2021-10-16 05:41:09'),
(34, '5.1.0.0', 'Rumah Tangga/kantor', 1, 7, 1, 0, '2019-11-29 20:03:24', '2021-10-13 07:14:50'),
(38, '5.2.0.0', 'Gaji/Upah', 1, 7, 1, 0, '2019-12-01 13:21:06', '2021-10-12 06:37:51'),
(42, '2.1.0.0', 'Hutang Jangka Panjang', 1, 4, 0, 1, '2019-12-02 20:18:33', '2019-12-02 20:18:33'),
(43, '5.3.0.0', 'Operasional', 1, 7, 1, 0, '2019-12-02 20:30:42', '2021-10-12 06:36:08'),
(44, '5.4.0.0', 'Retribusi', 1, 7, 1, 0, '2019-12-02 20:31:19', '2021-10-12 03:49:49'),
(54, '1.4.0.0', 'Aset Klinik', 1, 3, 1, 0, '2019-12-06 09:43:25', '2019-12-06 09:43:25'),
(55, '1.4.1.0', 'Tanah', 2, 54, 1, 0, '2019-12-06 09:43:48', '2021-10-12 07:56:10'),
(56, '3.1.0.0', 'Modal awal', 1, 5, 0, 1, '2019-12-06 09:59:52', '2021-10-13 06:59:11'),
(57, '1.5.0.0', 'Persediaan', 1, 3, 1, 0, '2019-12-06 10:00:09', '2019-12-06 10:00:09'),
(58, '1.5.1.0', 'Persediaan Obat', 2, 57, 1, 0, '2019-12-06 10:00:33', '2019-12-06 10:00:33'),
(59, '1.5.2.0', 'Alat Kesehatan', 2, 57, 1, 0, '2019-12-06 10:00:54', '2019-12-06 10:00:54'),
(60, '1.5.3.0', 'Obat Tindakan', 2, 57, 1, 0, '2019-12-06 10:01:47', '2019-12-06 10:01:47'),
(65, '5.5.0.0', 'Harga Pokok Penjualan (HPP)', 1, 7, 1, 0, '2019-12-06 15:53:57', '2019-12-06 15:53:57'),
(66, '5.6.0.0', 'Kasbon', 1, 7, 1, 0, '2019-12-09 14:30:43', '2019-12-09 14:30:43'),
(67, '5.7.0.0', 'ATK', 1, 7, 1, 0, '2019-12-09 14:30:58', '2019-12-09 14:30:58'),
(70, '5.8.0.0', 'Listrik', 1, 7, 1, 0, '2021-10-12 10:46:25', '2021-10-12 10:46:25'),
(71, '5.9.0.0', 'Telepon', 1, 7, 1, 0, '2021-10-12 10:46:56', '2021-10-12 10:46:56'),
(73, '5.4.1.0', 'Sampah', 2, 44, 1, 0, '2021-10-12 10:50:41', '2021-10-12 10:50:41'),
(74, '5.4.2.0', 'Keamanan Linkungan', 2, 44, 1, 0, '2021-10-12 10:51:23', '2021-10-12 04:22:55'),
(78, '5.3.1.0', 'Bensin/Tranportasi', 2, 43, 1, 0, '2021-10-12 13:36:28', '2021-10-13 08:04:08'),
(79, '5.3.2.0', 'Konsumsi', 2, 43, 1, 0, '2021-10-12 13:36:48', '2021-10-12 13:36:48'),
(80, '5.2.1.0', 'Upah dokter', 2, 38, 1, 0, '2021-10-12 13:44:52', '2021-10-12 13:44:52'),
(81, '5.2.2.0', 'Upah karyawan', 2, 38, 1, 0, '2021-10-12 13:45:18', '2021-10-12 13:45:18'),
(82, '5.2.3.0', 'Uang makan', 2, 38, 1, 0, '2021-10-12 13:45:40', '2021-10-12 13:45:40'),
(83, '5.2.4.0', 'Uang transport', 2, 38, 1, 0, '2021-10-12 13:45:59', '2021-10-12 13:45:59'),
(84, '5.2.5.0', 'Jamsostek/BPJS', 2, 38, 1, 0, '2021-10-12 13:46:19', '2021-10-12 13:46:19'),
(85, '5.2.6.0', 'Fee tindakan', 2, 38, 1, 0, '2021-10-12 13:46:35', '2021-10-12 13:46:35'),
(86, '1.4.2.0', 'Gedung', 2, 54, 1, 0, '2021-10-12 14:56:36', '2021-10-12 14:56:36'),
(87, '1.4.3.0', 'Alat & Peralatan', 2, 54, 1, 0, '2021-10-12 14:57:09', '2021-10-12 14:57:09'),
(88, '1.4.4.0', 'Komputer & Sistem', 2, 54, 1, 0, '2021-10-12 14:57:35', '2021-10-12 14:57:35'),
(89, '1.4.5.0', 'Furniture', 2, 54, 1, 0, '2021-10-12 14:58:00', '2021-10-12 14:58:00'),
(90, '1.4.6.0', 'Ac & Tv', 2, 54, 1, 0, '2021-10-12 14:58:24', '2021-10-12 14:58:24'),
(91, '1.4.7.0', 'Kendaraan', 2, 54, 1, 0, '2021-10-12 14:58:43', '2021-10-13 06:58:40'),
(92, '3.2.0.0', 'Prive/Keuntungan', 1, 5, 0, 1, '2021-10-13 08:43:56', '2021-10-13 08:43:56'),
(95, '1.3.0.0', 'Bank', 1, 3, 1, 0, '2021-11-01 13:33:00', '2021-11-01 13:33:00'),
(96, '1.3.1.0', 'Bank Mandiri', 2, 95, 1, 0, '2021-11-01 13:33:18', '2021-11-01 13:33:18'),
(100, '5.10.0.0', 'Internet', 1, 7, 1, 0, '2021-11-04 11:40:53', '2021-11-04 11:40:53'),
(101, '5.11.0.0', 'Biaya ekspedisi', 1, 7, 1, 0, '2021-11-04 11:41:29', '2021-11-04 11:41:29'),
(102, '5.2.7.0', 'Komisi dokter', 2, 38, 1, 0, '2021-11-04 11:44:33', '2021-11-04 11:44:33'),
(103, '5.12.0.0', 'Beban penyusutan', 1, 7, 1, 0, '2021-11-04 11:45:11', '2021-11-04 11:45:11'),
(104, '1.6.0.0', 'Akumulasi penyusutan', 1, 3, 1, 0, '2021-11-04 11:46:25', '2021-11-04 11:46:25'),
(105, '5.12.1.0', 'Beban penyusutan tanah', 2, 103, 1, 0, '2021-11-04 11:48:13', '2021-11-04 11:48:13'),
(106, '5.12.2.0', 'Beban peyusutan gedung', 2, 103, 1, 0, '2021-11-04 11:48:42', '2021-11-04 11:48:42'),
(107, '5.12.3.0', 'Beban penyusutan kendaraan', 2, 103, 1, 0, '2021-11-04 11:49:04', '2021-11-04 11:49:04'),
(108, '5.12.4.0', 'beban penyusutan inventaris ', 2, 103, 1, 0, '2021-11-04 11:49:28', '2021-11-04 11:49:28'),
(109, '2.2.0.0', 'Hutang PO', 1, 4, 0, 1, '2021-11-23 13:24:55', '2021-11-23 13:24:55'),
(111, '3.3.0.0', 'Laba Rugi Berjalan', 1, 5, 0, 1, '2021-11-25 15:35:57', '2021-11-25 15:35:57'),
(112, '4.1.0.0', 'Pendapatan Obat', 1, 6, 0, 1, '2021-12-22 04:13:37', '2021-12-22 04:13:37'),
(113, '4.2.0.0', 'Pendapatan BMHP', 1, 6, 0, 1, '2021-12-22 04:13:51', '2021-12-22 04:13:51'),
(114, '4.3.0.0', 'Pendapatan Tindakan', 1, 6, 0, 1, '2021-12-22 04:14:36', '2021-12-22 04:14:36'),
(115, '4.4.0.0', 'Pendapatan Biaya Lainnya', 1, 6, 0, 1, '2021-12-22 04:15:25', '2021-12-22 04:19:01'),
(116, '4.5.0.0', 'Pendapatan Laboratorium', 1, 6, 0, 1, '2021-12-22 04:18:40', '2021-12-22 04:19:21'),
(117, '4.6.0.0', 'Pendapatan Radiologi', 1, 6, 0, 1, '2021-12-22 04:19:35', '2021-12-22 04:19:35'),
(118, '4.7.0.0', 'Pendapatan Kamar', 1, 6, 0, 1, '2021-12-22 04:20:09', '2021-12-22 04:20:09'),
(119, '4.8.0.0', 'Pendapatan Operasi', 1, 6, 0, 1, '2021-12-22 04:20:23', '2021-12-22 04:20:23'),
(120, '4.9.0.0', 'Subsidi', 1, 6, 0, 1, '2021-12-22 04:20:34', '2021-12-22 04:20:34');

-- --------------------------------------------------------

--
-- Table structure for table `tbl_akun_detail`
--

CREATE TABLE `tbl_akun_detail` (
  `id_akun_d` int(11) NOT NULL,
  `id_akun` int(11) NOT NULL,
  `id_parent` int(11) NOT NULL,
  `turunan1` int(11) NOT NULL,
  `turunan2` int(11) NOT NULL,
  `turunan3` int(11) NOT NULL,
  `dtm_crt` datetime NOT NULL DEFAULT current_timestamp(),
  `dtm_upd` datetime NOT NULL DEFAULT current_timestamp()
) ENGINE=InnoDB DEFAULT CHARSET=latin1;

--
-- Dumping data for table `tbl_akun_detail`
--

INSERT INTO `tbl_akun_detail` (`id_akun_d`, `id_akun`, `id_parent`, `turunan1`, `turunan2`, `turunan3`, `dtm_crt`, `dtm_upd`) VALUES
(1, 34, 7, 0, 0, 0, '0000-00-00 00:00:00', '0000-00-00 00:00:00'),
(5, 38, 7, 0, 0, 0, '2019-12-01 13:21:06', '2019-12-01 13:21:06'),
(9, 20, 3, 0, 0, 0, '2019-12-02 19:25:01', '2019-12-02 19:25:01'),
(16, 42, 4, 0, 0, 0, '2019-12-02 20:18:34', '2019-12-02 20:18:34'),
(17, 43, 7, 0, 0, 0, '2019-12-02 20:30:42', '2019-12-02 20:30:42'),
(18, 44, 7, 0, 0, 0, '2019-12-02 20:31:19', '2019-12-02 20:31:19'),
(24, 54, 3, 0, 0, 0, '2019-12-06 09:43:26', '2019-12-06 09:43:26'),
(25, 55, 3, 54, 0, 0, '2019-12-06 09:43:48', '2019-12-06 09:43:48'),
(26, 56, 5, 0, 0, 0, '2019-12-06 09:59:52', '2019-12-06 09:59:52'),
(27, 57, 3, 0, 0, 0, '2019-12-06 10:00:09', '2019-12-06 10:00:09'),
(28, 58, 3, 57, 0, 0, '2019-12-06 10:00:33', '2019-12-06 10:00:33'),
(29, 59, 3, 57, 0, 0, '2019-12-06 10:00:54', '2019-12-06 10:00:54'),
(30, 60, 3, 57, 0, 0, '2019-12-06 10:01:47', '2019-12-06 10:01:47'),
(35, 65, 7, 0, 0, 0, '2019-12-06 15:53:58', '2019-12-06 15:53:58'),
(36, 66, 7, 0, 0, 0, '2019-12-09 14:30:44', '2019-12-09 14:30:44'),
(37, 67, 7, 0, 0, 0, '2019-12-09 14:30:58', '2019-12-09 14:30:58'),
(40, 70, 7, 0, 0, 0, '2021-10-12 10:46:25', '2021-10-12 10:46:25'),
(41, 71, 7, 0, 0, 0, '2021-10-12 10:46:56', '2021-10-12 10:46:56'),
(43, 73, 7, 44, 0, 0, '2021-10-12 10:50:41', '2021-10-12 10:50:41'),
(44, 74, 7, 44, 0, 0, '2021-10-12 10:51:23', '2021-10-12 10:51:23'),
(48, 78, 7, 43, 0, 0, '2021-10-12 13:36:28', '2021-10-12 13:36:28'),
(49, 79, 7, 43, 0, 0, '2021-10-12 13:36:48', '2021-10-12 13:36:48'),
(50, 80, 7, 38, 0, 0, '2021-10-12 13:44:52', '2021-10-12 13:44:52'),
(51, 81, 7, 38, 0, 0, '2021-10-12 13:45:18', '2021-10-12 13:45:18'),
(52, 82, 7, 38, 0, 0, '2021-10-12 13:45:40', '2021-10-12 13:45:40'),
(53, 83, 7, 38, 0, 0, '2021-10-12 13:45:59', '2021-10-12 13:45:59'),
(54, 84, 7, 38, 0, 0, '2021-10-12 13:46:19', '2021-10-12 13:46:19'),
(55, 85, 7, 38, 0, 0, '2021-10-12 13:46:35', '2021-10-12 13:46:35'),
(56, 86, 3, 54, 0, 0, '2021-10-12 14:56:36', '2021-10-12 14:56:36'),
(57, 87, 3, 54, 0, 0, '2021-10-12 14:57:09', '2021-10-12 14:57:09'),
(58, 88, 3, 54, 0, 0, '2021-10-12 14:57:35', '2021-10-12 14:57:35'),
(59, 89, 3, 54, 0, 0, '2021-10-12 14:58:00', '2021-10-12 14:58:00'),
(60, 90, 3, 54, 0, 0, '2021-10-12 14:58:24', '2021-10-12 14:58:24'),
(61, 91, 3, 54, 0, 0, '2021-10-12 14:58:43', '2021-10-12 14:58:43'),
(62, 92, 5, 0, 0, 0, '2021-10-13 08:43:56', '2021-10-13 08:43:56'),
(65, 95, 3, 0, 0, 0, '2021-11-01 13:33:00', '2021-11-01 13:33:00'),
(66, 96, 3, 95, 0, 0, '2021-11-01 13:33:18', '2021-11-01 13:33:18'),
(70, 100, 7, 0, 0, 0, '2021-11-04 11:40:53', '2021-11-04 11:40:53'),
(71, 101, 7, 0, 0, 0, '2021-11-04 11:41:29', '2021-11-04 11:41:29'),
(72, 102, 7, 38, 0, 0, '2021-11-04 11:44:33', '2021-11-04 11:44:33'),
(73, 103, 7, 0, 0, 0, '2021-11-04 11:45:11', '2021-11-04 11:45:11'),
(74, 104, 3, 0, 0, 0, '2021-11-04 11:46:25', '2021-11-04 11:46:25'),
(75, 105, 7, 103, 0, 0, '2021-11-04 11:48:13', '2021-11-04 11:48:13'),
(76, 106, 7, 103, 0, 0, '2021-11-04 11:48:42', '2021-11-04 11:48:42'),
(77, 107, 7, 103, 0, 0, '2021-11-04 11:49:04', '2021-11-04 11:49:04'),
(78, 108, 7, 103, 0, 0, '2021-11-04 11:49:28', '2021-11-04 11:49:28'),
(79, 109, 4, 0, 0, 0, '2021-11-23 13:24:55', '2021-11-23 13:24:55'),
(81, 111, 5, 0, 0, 0, '2021-11-25 15:35:57', '2021-11-25 15:35:57'),
(82, 112, 6, 0, 0, 0, '2021-12-22 04:13:37', '2021-12-22 04:13:37'),
(83, 113, 6, 0, 0, 0, '2021-12-22 04:13:51', '2021-12-22 04:13:51'),
(84, 114, 6, 0, 0, 0, '2021-12-22 04:14:36', '2021-12-22 04:14:36'),
(85, 115, 6, 0, 0, 0, '2021-12-22 04:15:25', '2021-12-22 04:15:25'),
(86, 116, 6, 0, 0, 0, '2021-12-22 04:18:40', '2021-12-22 04:18:40'),
(87, 117, 6, 0, 0, 0, '2021-12-22 04:19:35', '2021-12-22 04:19:35'),
(88, 118, 6, 0, 0, 0, '2021-12-22 04:20:09', '2021-12-22 04:20:09'),
(89, 119, 6, 0, 0, 0, '2021-12-22 04:20:23', '2021-12-22 04:20:23'),
(90, 120, 6, 0, 0, 0, '2021-12-22 04:20:34', '2021-12-22 04:20:34');

-- --------------------------------------------------------

--
-- Table structure for table `tbl_alat_operasi`
--

CREATE TABLE `tbl_alat_operasi` (
  `id` int(3) NOT NULL,
  `nama` varchar(60) COLLATE utf8mb4_unicode_ci NOT NULL,
  `stok_terpakai` int(5) NOT NULL,
  `stok_tidak_terpakai` int(5) NOT NULL
) ENGINE=InnoDB DEFAULT CHARSET=utf8mb4 COLLATE=utf8mb4_unicode_ci;

--
-- Dumping data for table `tbl_alat_operasi`
--

INSERT INTO `tbl_alat_operasi` (`id`, `nama`, `stok_terpakai`, `stok_tidak_terpakai`) VALUES
(1, 'Alat A', 0, 10);

-- --------------------------------------------------------

--
-- Table structure for table `tbl_apoteker`
--

CREATE TABLE `tbl_apoteker` (
  `id_apoteker` int(11) NOT NULL,
  `nama_apoteker` varchar(50) NOT NULL,
  `alamat` varchar(200) NOT NULL,
  `telp` varchar(25) NOT NULL,
  `email` varchar(50) NOT NULL,
  `no_sik_sipa` varchar(30) NOT NULL,
  `no_stra` varchar(30) NOT NULL,
  `tanggal_mulai_tugas` date NOT NULL,
  `dtm_crt` datetime NOT NULL DEFAULT current_timestamp(),
  `dtm_upd` datetime NOT NULL DEFAULT current_timestamp()
) ENGINE=InnoDB DEFAULT CHARSET=latin1;

--
-- Dumping data for table `tbl_apoteker`
--

INSERT INTO `tbl_apoteker` (`id_apoteker`, `nama_apoteker`, `alamat`, `telp`, `email`, `no_sik_sipa`, `no_stra`, `tanggal_mulai_tugas`, `dtm_crt`, `dtm_upd`) VALUES
(1, 'Apoteker', 'Banyuwangi', '083', 'apoteker@gmail.com', '123/321', '456', '2021-11-28', '2021-11-28 15:18:46', '2021-11-28 15:18:46'),
(2, 'apt. MUHAMMAD FANTONI, S.Farm', 'Lingkungan Ketapang RT.014', '085738296745', 'fantoni745@gmail.com', '440/6714.1/', 'straunej/1997', '2021-10-01', '2021-11-29 08:33:11', '2021-11-29 08:33:11');

-- --------------------------------------------------------

--
-- Table structure for table `tbl_biaya`
--

CREATE TABLE `tbl_biaya` (
  `id_biaya` int(3) NOT NULL,
  `id_kategori_biaya` int(6) NOT NULL,
  `nama_biaya` varchar(255) NOT NULL,
  `biaya` int(10) NOT NULL,
  `tipe_biaya` enum('1','2') DEFAULT NULL COMMENT '1 = FIX, 2 =PRESENTASE',
  `presentase` double DEFAULT NULL,
  `id_biaya_presentase` int(11) DEFAULT NULL,
  `is_id_dokter` int(11) NOT NULL
) ENGINE=InnoDB DEFAULT CHARSET=utf8mb4;

--
-- Dumping data for table `tbl_biaya`
--

INSERT INTO `tbl_biaya` (`id_biaya`, `id_kategori_biaya`, `nama_biaya`, `biaya`, `tipe_biaya`, `presentase`, `id_biaya_presentase`, `is_id_dokter`) VALUES
(1, 1, 'Tes', 100000, '1', NULL, NULL, 0),
(2, 18, 'KONSUL DOKTER UMUM ugd', 100000, '1', NULL, NULL, 0),
(3, 18, 'KONSUL DOKTER SPESIALIS ugd', 150000, '1', NULL, NULL, 0),
(4, 19, 'dr. POLI UMUM', 75000, '1', NULL, NULL, 0),
(5, 19, 'dr. POLI SPESIALIS', 150000, '1', NULL, NULL, 0),
(6, 18, 'PEMERIKSAAN', 25000, '1', NULL, NULL, 0),
(7, 20, 'VISITE DOKTER SPESIALIS KLAS 1', 150000, '1', NULL, NULL, 0),
(8, 20, 'VISITE DOKTER SPESIALIS KLAS 2', 125000, '1', NULL, NULL, 0),
(9, 20, 'VISITE DOKTER DOKTER UMUM', 75000, '1', NULL, NULL, 0),
(15, 15, 'PASIEN BARU', 45000, '1', NULL, NULL, 0),
(16, 15, 'PASIEN LAMA', 25000, '1', NULL, NULL, 0),
(31, 9, 'SEWA KAMAR OPERASI', 1250000, '1', NULL, NULL, 0),
(32, 9, 'SEWA ALAT OPERASI', 750000, '1', NULL, NULL, 0),
(35, 9, 'JASA OPERATOR OP. RINGAN', 2500000, '1', NULL, NULL, 0),
(36, 9, 'JASA OPERATOR OP.  SEDANG', 3000000, '1', NULL, NULL, 0),
(37, 9, 'JASA OPERATOR OP. BERAT', 4000000, '1', NULL, NULL, 0),
(38, 9, 'JASA OPERATOR OP. KHUSUS', 5000000, '1', NULL, NULL, 0),
(39, 9, 'JASA DOKTER ANESTHESI RINGAN', 0, '2', 35, 35, 0),
(40, 9, 'JASA DOKTER ANESTHESI SEDANG', 0, '2', 35, 36, 0),
(41, 9, 'JASA DOKTER ANESTHESI BERAT', 0, '2', 35, 37, 0),
(42, 9, 'JASA DOKTER ANESTHESI KHUSUS', 0, '2', 35, 38, 0),
(43, 9, 'JASA INSTRUMENT RINGAN', 0, '2', 3, 35, 0),
(44, 9, 'JASA INSTRUMENT SEDANG', 0, '2', 3, 36, 0),
(45, 9, 'JASA INSTRUMENT BERAT', 0, '2', 3, 37, 0),
(46, 9, 'JASA INSTRUMENT KHUSUS', 0, '2', 3, 38, 0),
(47, 9, 'JASA PENATA ANESTHESI RINGAN', 0, '2', 35, 39, 0),
(48, 9, 'JASA PENATA ANESTHESI SEDANG', 0, '2', 35, 40, 0),
(49, 9, 'JASA PENATA ANESTHESI BERAT', 0, '2', 35, 41, 0),
(50, 9, 'JASA PENATA ANESTHESI KHUSUS', 0, '2', 35, 42, 0),
(51, 9, 'JASA OMLOOP RINGAN', 0, '2', 2, 35, 0),
(52, 9, 'JASA OMLOOP SEDANG', 0, '2', 2, 36, 0),
(53, 9, 'JASA OMLOOP BERAT', 0, '2', 2, 37, 0),
(54, 9, 'JASA OMLOOP KHUSUS', 0, '2', 2, 38, 0),
(55, 9, 'RUJUKAN', 750000, '1', NULL, NULL, 0),
(56, 9, 'JASA MANAJEMEN RINGAN', 0, '2', 5, 35, 0),
(57, 9, 'JASA MANAJEMEN SEDANG', 0, '2', 5, 36, 0),
(58, 9, 'JASA MANAJEMEN BERAT', 0, '2', 5, 37, 0),
(59, 9, 'JASA MANAJEMEN KHUSUS', 0, '2', 5, 38, 0),
(60, 9, 'JASA PELAYANAN RINGAN', 0, '2', 10, 35, 0),
(61, 9, 'JASA PELAYANAN SEDANG', 0, '2', 10, 36, 0),
(62, 9, 'JASA PELAYANAN BERAT', 0, '2', 10, 37, 0),
(63, 9, 'JASA PELAYANAN KHUSUS', 0, '2', 10, 38, 0),
(64, 9, 'JASA ASISTEN OPERASI RINGAN', 0, '2', 12.5, 35, 0),
(65, 9, 'JASA ASISTEN OPERASI SEDANG', 0, '2', 12.5, 36, 0),
(66, 9, 'JASA ASISTEN OPERASI BERAT', 0, '2', 12.5, 37, 0),
(67, 9, 'JASA ASISTEN OPERASI KHUSUS', 0, '2', 12.5, 38, 0);

-- --------------------------------------------------------

--
-- Table structure for table `tbl_biaya_jenis_operasi`
--

CREATE TABLE `tbl_biaya_jenis_operasi` (
  `id` int(3) NOT NULL,
  `id_jenis_operasi` int(3) NOT NULL,
  `id_biaya` int(3) NOT NULL
) ENGINE=InnoDB DEFAULT CHARSET=utf8mb4 COLLATE=utf8mb4_unicode_ci;

--
-- Dumping data for table `tbl_biaya_jenis_operasi`
--

INSERT INTO `tbl_biaya_jenis_operasi` (`id`, `id_jenis_operasi`, `id_biaya`) VALUES
(3, 1, 64),
(4, 1, 60),
(5, 1, 56),
(6, 1, 51),
(7, 1, 47),
(8, 1, 43),
(9, 1, 39),
(10, 1, 35),
(11, 2, 65),
(12, 2, 61),
(13, 2, 57),
(14, 2, 52),
(15, 2, 48),
(16, 2, 44),
(17, 2, 40),
(18, 2, 36),
(19, 3, 66),
(20, 3, 62),
(21, 3, 58),
(22, 3, 53),
(23, 3, 49),
(24, 3, 45),
(25, 3, 41),
(26, 3, 37),
(27, 4, 67),
(28, 4, 63),
(29, 4, 59),
(30, 4, 54),
(31, 4, 50),
(32, 4, 46),
(33, 4, 42),
(34, 4, 38);

-- --------------------------------------------------------

--
-- Table structure for table `tbl_biaya_sk`
--

CREATE TABLE `tbl_biaya_sk` (
  `sksehat` int(11) NOT NULL,
  `sksakit` int(11) NOT NULL,
  `rapid_antigen` int(11) NOT NULL
) ENGINE=InnoDB DEFAULT CHARSET=utf8mb4;

--
-- Dumping data for table `tbl_biaya_sk`
--

INSERT INTO `tbl_biaya_sk` (`sksehat`, `sksakit`, `rapid_antigen`) VALUES
(50000, 20000, 95000);

-- --------------------------------------------------------

--
-- Table structure for table `tbl_bidang`
--

CREATE TABLE `tbl_bidang` (
  `id_bidang` int(11) NOT NULL,
  `nama_bidang` varchar(35) NOT NULL
) ENGINE=InnoDB DEFAULT CHARSET=latin1;

--
-- Dumping data for table `tbl_bidang`
--

INSERT INTO `tbl_bidang` (`id_bidang`, `nama_bidang`) VALUES
(1, 'BIDANG 1'),
(2, 'BIDANG 2'),
(3, 'bidang 33');

-- --------------------------------------------------------

--
-- Table structure for table `tbl_departemen`
--

CREATE TABLE `tbl_departemen` (
  `id_departemen` int(11) NOT NULL,
  `nama_departemen` varchar(40) NOT NULL
) ENGINE=InnoDB DEFAULT CHARSET=latin1;

--
-- Dumping data for table `tbl_departemen`
--

INSERT INTO `tbl_departemen` (`id_departemen`, `nama_departemen`) VALUES
(1, 'DEPARTEMEN 1'),
(2, 'kemanan'),
(3, 'KEUANGAN');

-- --------------------------------------------------------

--
-- Table structure for table `tbl_desa`
--

CREATE TABLE `tbl_desa` (
  `id` int(10) UNSIGNED NOT NULL,
  `id_kecamatan` int(10) UNSIGNED DEFAULT NULL,
  `desa` varchar(191) COLLATE utf8mb4_unicode_ci NOT NULL,
  `created_at` timestamp NULL DEFAULT NULL,
  `updated_at` timestamp NULL DEFAULT NULL
) ENGINE=InnoDB DEFAULT CHARSET=utf8mb4 COLLATE=utf8mb4_unicode_ci;

--
-- Dumping data for table `tbl_desa`
--

INSERT INTO `tbl_desa` (`id`, `id_kecamatan`, `desa`, `created_at`, `updated_at`) VALUES
(1, 1, 'WIDORO', NULL, NULL),
(2, 1, 'SAWAHAN', NULL, NULL),
(3, 1, 'KALAK', NULL, NULL),
(4, 1, 'SENDANG', NULL, NULL),
(5, 1, 'KLEPU', NULL, NULL),
(6, 1, 'GEDOMPOL', NULL, NULL),
(7, 1, 'CEMENG', NULL, NULL),
(8, 1, 'GENDARAN', NULL, NULL),
(9, 1, 'SUKODONO', NULL, NULL),
(10, 1, 'SEKAR', NULL, NULL),
(11, 1, 'DONOROJO', NULL, NULL),
(12, 1, 'BELAH', NULL, NULL),
(13, 2, 'BOMO', NULL, NULL),
(14, 2, 'SOOKA', NULL, NULL),
(15, 2, 'PUNUNG', NULL, NULL),
(16, 2, 'MENDOLO KIDUL', NULL, NULL),
(17, 2, 'MENDOLO LOR', NULL, NULL),
(18, 2, 'KENDAL', NULL, NULL),
(19, 2, 'PITON', NULL, NULL),
(20, 2, 'WARENG', NULL, NULL),
(21, 2, 'MANTREN', NULL, NULL),
(22, 2, 'PLOSO', NULL, NULL),
(23, 2, 'GONDOSARI', NULL, NULL),
(24, 2, 'TINATAR', NULL, NULL),
(25, 2, 'KEBONSARI', NULL, NULL),
(26, 3, 'WATU KARUNG', NULL, NULL),
(27, 3, 'DERSONO', NULL, NULL),
(28, 3, 'SUGIHWARAS', NULL, NULL),
(29, 3, 'JLUBANG', NULL, NULL),
(30, 3, 'CANDI', NULL, NULL),
(31, 3, 'POKO', NULL, NULL),
(32, 3, 'DADAPAN', NULL, NULL),
(33, 3, 'PRINGKUKU', NULL, NULL),
(34, 3, 'SOBO', NULL, NULL),
(35, 3, 'NGADIREJAN', NULL, NULL),
(36, 3, 'GLINGGANGAN', NULL, NULL),
(37, 3, 'PELEM', NULL, NULL),
(38, 3, 'TAMANASRI', NULL, NULL),
(39, 4, 'SIDOHARJO', NULL, NULL),
(40, 4, 'PLOSO', NULL, NULL),
(41, 4, 'KEMBANG', NULL, NULL),
(42, 4, 'SUKOHARJO', NULL, NULL),
(43, 4, 'KAYEN', NULL, NULL),
(44, 4, 'SIRNOBOYO', NULL, NULL),
(45, 4, 'ARJOWINANGUN', NULL, NULL),
(46, 4, 'BALEHARJO', NULL, NULL),
(47, 4, 'BANGUNSARI', NULL, NULL),
(48, 4, 'SEDENG', NULL, NULL),
(49, 4, 'SUMBERHARJO', NULL, NULL),
(50, 4, 'PUCANGSEWU', NULL, NULL),
(51, 4, 'PACITAN', NULL, NULL),
(52, 4, 'TANJUNGSARI', NULL, NULL),
(53, 4, 'MENADI', NULL, NULL),
(54, 4, 'MENTORO', NULL, NULL),
(55, 4, 'PURWOREJO', NULL, NULL),
(56, 4, 'NANGGUNGAN', NULL, NULL),
(57, 4, 'WIDORO', NULL, NULL),
(58, 4, 'SEMANTEN', NULL, NULL),
(59, 4, 'BANJARSARI', NULL, NULL),
(60, 4, 'BOLOSINGO', NULL, NULL),
(61, 4, 'SAMBONG', NULL, NULL),
(62, 4, 'PONGGOK', NULL, NULL),
(63, 4, 'TAMBAKREJO', NULL, NULL),
(64, 5, 'PLUMBUNGAN', NULL, NULL),
(65, 5, 'KARANGNONGKO', NULL, NULL),
(66, 5, 'KALIPELUS', NULL, NULL),
(67, 5, 'KATIPUGAL', NULL, NULL),
(68, 5, 'KLESEM', NULL, NULL),
(69, 5, 'SIDOMULYO', NULL, NULL),
(70, 5, 'WORAWARI', NULL, NULL),
(71, 5, 'MANTREN', NULL, NULL),
(72, 5, 'GAWANG', NULL, NULL),
(73, 5, 'KARANGANYAR', NULL, NULL),
(74, 5, 'KEBONAGUNG', NULL, NULL),
(75, 5, 'PURWOASRI', NULL, NULL),
(76, 5, 'BANJARJO', NULL, NULL),
(77, 5, 'GEMBUK', NULL, NULL),
(78, 5, 'SANGGRAHAN', NULL, NULL),
(79, 5, 'PUNJUNG', NULL, NULL),
(80, 5, 'WONOGONDO', NULL, NULL),
(81, 5, 'KETEPUNG', NULL, NULL),
(82, 5, 'KETRO', NULL, NULL),
(83, 6, 'MLATI', NULL, NULL),
(84, 6, 'SEDAYU', NULL, NULL),
(85, 6, 'TREMAS', NULL, NULL),
(86, 6, 'ARJOSARI', NULL, NULL),
(87, 6, 'GUNUNGSARI', NULL, NULL),
(88, 6, 'PAGUTAN', NULL, NULL),
(89, 6, 'GEMBONG', NULL, NULL),
(90, 6, 'BORANG', NULL, NULL),
(91, 6, 'GEGERAN', NULL, NULL),
(92, 6, 'KEDUNGBENDO', NULL, NULL),
(93, 6, 'MANGUNHARJO', NULL, NULL),
(94, 6, 'JETIS KIDUL', NULL, NULL),
(95, 6, 'TEMON', NULL, NULL),
(96, 6, 'JATIMALANG', NULL, NULL),
(97, 6, 'GAYUHAN', NULL, NULL),
(98, 6, 'KARANGREJO', NULL, NULL),
(99, 6, 'KARANGGEDE', NULL, NULL),
(100, 7, 'GONDANG', NULL, NULL),
(101, 7, 'MUJING', NULL, NULL),
(102, 7, 'SEMPU', NULL, NULL),
(103, 7, 'NAWANGAN', NULL, NULL),
(104, 7, 'TOKAWI', NULL, NULL),
(105, 7, 'JETISLOR', NULL, NULL),
(106, 7, 'PENGGUNG', NULL, NULL),
(107, 7, 'PAKISBARU', NULL, NULL),
(108, 7, 'NGROMO', NULL, NULL),
(109, 8, 'PETUNGSINARANG', NULL, NULL),
(110, 8, 'NGUNUT', NULL, NULL),
(111, 8, 'BANDAR', NULL, NULL),
(112, 8, 'KLEDUNG', NULL, NULL),
(113, 8, 'TUMPUK', NULL, NULL),
(114, 8, 'WATUPATOK', NULL, NULL),
(115, 8, 'BANGUNSARI', NULL, NULL),
(116, 8, 'JERUK', NULL, NULL),
(117, 9, 'KEBONDALEM', NULL, NULL),
(118, 9, 'GEDANGAN', NULL, NULL),
(119, 9, 'NGRECO', NULL, NULL),
(120, 9, 'KASIHAN', NULL, NULL),
(121, 9, 'PUCANGOMBO', NULL, NULL),
(122, 9, 'GEMAHARJO', NULL, NULL),
(123, 9, 'PLOSO', NULL, NULL),
(124, 9, 'TEGALOMBO', NULL, NULL),
(125, 9, 'KEMUNING', NULL, NULL),
(126, 9, 'TAHUNAN', NULL, NULL),
(127, 9, 'TAHUNAN BARU', NULL, NULL),
(128, 10, 'JETAK', NULL, NULL),
(129, 10, 'NGLARAN', NULL, NULL),
(130, 10, 'WONOANTI', NULL, NULL),
(131, 10, 'PADI', NULL, NULL),
(132, 10, 'KLUWIH', NULL, NULL),
(133, 10, 'BUNGUR', NULL, NULL),
(134, 10, 'TULAKAN', NULL, NULL),
(135, 10, 'JATIGUNUNG', NULL, NULL),
(136, 10, 'KALIKUNING', NULL, NULL),
(137, 10, 'GASANG', NULL, NULL),
(138, 10, 'NGILE', NULL, NULL),
(139, 10, 'BUBAKAN', NULL, NULL),
(140, 10, 'LOSARI', NULL, NULL),
(141, 10, 'NGUMBUL', NULL, NULL),
(142, 10, 'WONOSIDI', NULL, NULL),
(143, 10, 'KETRO', NULL, NULL),
(144, 11, 'SIDOMULYO', NULL, NULL),
(145, 11, 'HADIWARNO', NULL, NULL),
(146, 11, 'TANJUNGPURO', NULL, NULL),
(147, 11, 'HADILUWIH', NULL, NULL),
(148, 11, 'PAGEREJO', NULL, NULL),
(149, 11, 'WIYORO', NULL, NULL),
(150, 11, 'NGADIROJO', NULL, NULL),
(151, 11, 'BOGOHARJO', NULL, NULL),
(152, 11, 'COKROKEMBANG', NULL, NULL),
(153, 11, 'BODAG', NULL, NULL),
(154, 11, 'TANJUNGLOR', NULL, NULL),
(155, 11, 'NOGOSARI', NULL, NULL),
(156, 11, 'CANGKRING', NULL, NULL),
(157, 11, 'WONODADI KULON', NULL, NULL),
(158, 11, 'WONODADI WETAN', NULL, NULL),
(159, 11, 'WONOKARTO', NULL, NULL),
(160, 11, 'WONOSOBO', NULL, NULL),
(161, 11, 'WONOASRI', NULL, NULL),
(162, 12, 'PAGER KIDUL', NULL, NULL),
(163, 12, 'PAGER LOR', NULL, NULL),
(164, 12, 'SUKOREJO', NULL, NULL),
(165, 12, 'SUDIMORO', NULL, NULL),
(166, 12, 'KETANGGUNG', NULL, NULL),
(167, 12, 'KLEPU', NULL, NULL),
(168, 12, 'SEMBOWO', NULL, NULL),
(169, 12, 'KARANG MULYO', NULL, NULL),
(170, 12, 'GUNUNG REJO', NULL, NULL),
(171, 12, 'SUMBER REJO', NULL, NULL),
(172, 13, 'BAOSANKIDUL', NULL, NULL),
(173, 13, 'WONODADI', NULL, NULL),
(174, 13, 'SENDANG', NULL, NULL),
(175, 13, 'MRAYAN', NULL, NULL),
(176, 13, 'BINADE', NULL, NULL),
(177, 13, 'BAOSANLOR', NULL, NULL),
(178, 13, 'NGRAYUN', NULL, NULL),
(179, 13, 'TEMON', NULL, NULL),
(180, 13, 'SELUR', NULL, NULL),
(181, 13, 'CEPOKO', NULL, NULL),
(182, 13, 'GEDANGAN', NULL, NULL),
(183, 14, 'TUGUREJO', NULL, NULL),
(184, 14, 'SENEPO', NULL, NULL),
(185, 14, 'SLAHUNG', NULL, NULL),
(186, 14, 'CALUK', NULL, NULL),
(187, 14, 'BROTO', NULL, NULL),
(188, 14, 'MENGGARE', NULL, NULL),
(189, 14, 'KAMBENG', NULL, NULL),
(190, 14, 'WATES', NULL, NULL),
(191, 14, 'NGILO-ILO', NULL, NULL),
(192, 14, 'DURI', NULL, NULL),
(193, 14, 'NGLONING', NULL, NULL),
(194, 14, 'PLANCUNGAN', NULL, NULL),
(195, 14, 'JEBENG', NULL, NULL),
(196, 14, 'GALAK', NULL, NULL),
(197, 14, 'TRUNENG', NULL, NULL),
(198, 14, 'SIMO', NULL, NULL),
(199, 14, 'CRABAK', NULL, NULL),
(200, 14, 'MOJOPITU', NULL, NULL),
(201, 14, 'GUNDIK', NULL, NULL),
(202, 14, 'NAILAN', NULL, NULL),
(203, 14, 'GOMBANG', NULL, NULL),
(204, 14, 'JANTI', NULL, NULL),
(205, 15, 'PELEM', NULL, NULL),
(206, 15, 'KORIPAN', NULL, NULL),
(207, 15, 'BEKARE', NULL, NULL),
(208, 15, 'NAMBAK', NULL, NULL),
(209, 15, 'KALISAT', NULL, NULL),
(210, 15, 'MUNGGU', NULL, NULL),
(211, 15, 'PAGER', NULL, NULL),
(212, 15, 'BELANG', NULL, NULL),
(213, 15, 'BUNGKAL', NULL, NULL),
(214, 15, 'KETONGGO', NULL, NULL),
(215, 15, 'KUNTI', NULL, NULL),
(216, 15, 'BANCAR', NULL, NULL),
(217, 15, 'PADAS', NULL, NULL),
(218, 15, 'BUNGU', NULL, NULL),
(219, 15, 'KUPUK', NULL, NULL),
(220, 15, 'SAMBILAWANG', NULL, NULL),
(221, 15, 'KWAJON', NULL, NULL),
(222, 15, 'BEDIWETAN', NULL, NULL),
(223, 15, 'BEDIKULON', NULL, NULL),
(224, 16, 'GAJAH', NULL, NULL),
(225, 16, 'WRINGINANOM', NULL, NULL),
(226, 16, 'NGADISANAN', NULL, NULL),
(227, 16, 'MAGUWAN', NULL, NULL),
(228, 16, 'NGLEWAN', NULL, NULL),
(229, 16, 'BEDINGIN', NULL, NULL),
(230, 16, 'BANCANGAN', NULL, NULL),
(231, 16, 'CAMPUREJO', NULL, NULL),
(232, 16, 'CAMPURSARI', NULL, NULL),
(233, 16, 'BULU', NULL, NULL),
(234, 16, 'SAMBIT', NULL, NULL),
(235, 16, 'BESUKI', NULL, NULL),
(236, 16, 'WILANGAN', NULL, NULL),
(237, 16, 'BANGSALAN', NULL, NULL),
(238, 16, 'KEMUNING', NULL, NULL),
(239, 16, 'JRAKAH', NULL, NULL),
(240, 17, 'TUMPUK', NULL, NULL),
(241, 17, 'PANGKAL', NULL, NULL),
(242, 17, 'TUMPAKPELEM', NULL, NULL),
(243, 17, 'TEMPURAN', NULL, NULL),
(244, 17, 'SRITI', NULL, NULL),
(245, 17, 'TEMON', NULL, NULL),
(246, 17, 'SAWOO', NULL, NULL),
(247, 17, 'PRAYUNGAN', NULL, NULL),
(248, 17, 'TUGUREJO', NULL, NULL),
(249, 17, 'GROGOL', NULL, NULL),
(250, 17, 'KETRO', NULL, NULL),
(251, 17, 'KORI', NULL, NULL),
(252, 17, 'BONDRANG', NULL, NULL),
(253, 17, 'NGINDENG', NULL, NULL),
(254, 18, 'NGADIROJO', NULL, NULL),
(255, 18, 'KLEPU', NULL, NULL),
(256, 18, 'SURU', NULL, NULL),
(257, 18, 'SOOKO', NULL, NULL),
(258, 18, 'BEDOHO', NULL, NULL),
(259, 18, 'JURUG', NULL, NULL),
(260, 19, 'BANJARJO', NULL, NULL),
(261, 19, 'PUDAK WETAN', NULL, NULL),
(262, 19, 'PUDAK KULON', NULL, NULL),
(263, 19, 'KRISIK', NULL, NULL),
(264, 19, 'TAMBANG', NULL, NULL),
(265, 19, 'BARENG', NULL, NULL),
(266, 20, 'KARANGPATIHAN', NULL, NULL),
(267, 20, 'TEGALREJO', NULL, NULL),
(268, 20, 'BEDRUG', NULL, NULL),
(269, 20, 'WAGIRKIDUL', NULL, NULL),
(270, 20, 'SINGGAHAN', NULL, NULL),
(271, 20, 'PATIK', NULL, NULL),
(272, 20, 'PULUNG', NULL, NULL),
(273, 20, 'PULUNG MERDIKO', NULL, NULL),
(274, 20, 'SIDOHARJO', NULL, NULL),
(275, 20, 'WOTAN', NULL, NULL),
(276, 20, 'PLUNTURAN', NULL, NULL),
(277, 20, 'POMAHAN', NULL, NULL),
(278, 20, 'KESUGIHAN', NULL, NULL),
(279, 20, 'SERAG', NULL, NULL),
(280, 20, 'WAYANG', NULL, NULL),
(281, 20, 'MUNGGUNG', NULL, NULL),
(282, 20, 'BEKIRING', NULL, NULL),
(283, 20, 'BANARAN', NULL, NULL),
(284, 21, 'TUGU', NULL, NULL),
(285, 21, 'CANDI', NULL, NULL),
(286, 21, 'TOTOKAN', NULL, NULL),
(287, 21, 'NGRUKEM', NULL, NULL),
(288, 21, 'SIWALAN', NULL, NULL),
(289, 21, 'JORESAN', NULL, NULL),
(290, 21, 'NGLUMPANG', NULL, NULL),
(291, 21, 'GONTOR', NULL, NULL),
(292, 21, 'GANDU', NULL, NULL),
(293, 21, 'JABUNG', NULL, NULL),
(294, 21, 'BAJANG', NULL, NULL),
(295, 21, 'MLARAK', NULL, NULL),
(296, 21, 'SERANGAN', NULL, NULL),
(297, 21, 'SUREN', NULL, NULL),
(298, 21, 'KAPONAN', NULL, NULL),
(299, 22, 'DEMANGAN', NULL, NULL),
(300, 22, 'NGABAR', NULL, NULL),
(301, 22, 'MADUSARI', NULL, NULL),
(302, 22, 'BETON', NULL, NULL),
(303, 22, 'SEKARAN', NULL, NULL),
(304, 22, 'BRAHU', NULL, NULL),
(305, 22, 'KEPUH RUBUH', NULL, NULL),
(306, 22, 'SAWUH', NULL, NULL),
(307, 22, 'JARAK', NULL, NULL),
(308, 22, 'TRANJANG', NULL, NULL),
(309, 22, 'PIJERAN', NULL, NULL),
(310, 22, 'MANUK', NULL, NULL),
(311, 22, 'SIMAN', NULL, NULL),
(312, 22, 'PATIHAN KIDUL', NULL, NULL),
(313, 22, 'RONOSENTANAN', NULL, NULL),
(314, 22, 'TAJUG', NULL, NULL),
(315, 22, 'RONOWIJAYAN', NULL, NULL),
(316, 22, 'MANGUNSUMAN', NULL, NULL),
(317, 23, 'NGASINAN', NULL, NULL),
(318, 23, 'KUTUKULON', NULL, NULL),
(319, 23, 'KUTUWETAN', NULL, NULL),
(320, 23, 'KRADENAN', NULL, NULL),
(321, 23, 'MOJOMATI', NULL, NULL),
(322, 23, 'COPER', NULL, NULL),
(323, 23, 'MOJOREJO', NULL, NULL),
(324, 23, 'KARANGGEBANG', NULL, NULL),
(325, 23, 'JETIS', NULL, NULL),
(326, 23, 'TEGALSARI', NULL, NULL),
(327, 23, 'WONOKETRO', NULL, NULL),
(328, 23, 'JOSARI', NULL, NULL),
(329, 23, 'TURI', NULL, NULL),
(330, 23, 'WINONG', NULL, NULL),
(331, 24, 'PANDAK', NULL, NULL),
(332, 24, 'BULUKIDUL', NULL, NULL),
(333, 24, 'BULAK', NULL, NULL),
(334, 24, 'NGENDUT', NULL, NULL),
(335, 24, 'KARANGPATIHAN', NULL, NULL),
(336, 24, 'SUMBEREJO', NULL, NULL),
(337, 24, 'NGUMPUL', NULL, NULL),
(338, 24, 'NGRAKET', NULL, NULL),
(339, 24, 'DADAPAN', NULL, NULL),
(340, 24, 'SINGKIL', NULL, NULL),
(341, 24, 'KARANGAN', NULL, NULL),
(342, 24, 'BAJANG', NULL, NULL),
(343, 24, 'BALONG', NULL, NULL),
(344, 24, 'JALEN', NULL, NULL),
(345, 24, 'KARANGMOJO', NULL, NULL),
(346, 24, 'SEDARAT', NULL, NULL),
(347, 24, 'PURWOREJO', NULL, NULL),
(348, 24, 'TATUNG', NULL, NULL),
(349, 24, 'MUNENG', NULL, NULL),
(350, 24, 'NGAMPEL', NULL, NULL),
(351, 25, 'TEGALOMBO', NULL, NULL),
(352, 25, 'NONGKODONO', NULL, NULL),
(353, 25, 'SUKOSARI', NULL, NULL),
(354, 25, 'NGRANDU', NULL, NULL),
(355, 25, 'NGLARANGAN', NULL, NULL),
(356, 25, 'BRINGIN', NULL, NULL),
(357, 25, 'PENGKOL', NULL, NULL),
(358, 25, 'GABEL', NULL, NULL),
(359, 25, 'CILUK', NULL, NULL),
(360, 25, 'SEMANDING', NULL, NULL),
(361, 25, 'TOSANAN', NULL, NULL),
(362, 25, 'MARON', NULL, NULL),
(363, 25, 'SOMOROTO', NULL, NULL),
(364, 25, 'PLOSOJENAR', NULL, NULL),
(365, 25, 'CARAT', NULL, NULL),
(366, 25, 'KAUMAN', NULL, NULL),
(367, 26, 'KREBET', NULL, NULL),
(368, 26, 'JONGGOL', NULL, NULL),
(369, 26, 'POKO', NULL, NULL),
(370, 26, 'BRINGINAN', NULL, NULL),
(371, 26, 'SENDANG', NULL, NULL),
(372, 26, 'KARANG LOKIDUL', NULL, NULL),
(373, 26, 'BULU LOR', NULL, NULL),
(374, 26, 'JAMBON', NULL, NULL),
(375, 26, 'BLEMBEM', NULL, NULL),
(376, 26, 'PULOSARI', NULL, NULL),
(377, 26, 'MENANG', NULL, NULL),
(378, 26, 'SRANDIL', NULL, NULL),
(379, 26, 'SIDOHARJO', NULL, NULL),
(380, 27, 'DAYAKAN', NULL, NULL),
(381, 27, 'KARANGAN', NULL, NULL),
(382, 27, 'TANJUNGGUNUNG', NULL, NULL),
(383, 27, 'KARANGJOHO', NULL, NULL),
(384, 27, 'TANJUNGREJO', NULL, NULL),
(385, 27, 'BANDARALIM', NULL, NULL),
(386, 27, 'KAPURAN', NULL, NULL),
(387, 27, 'BADEGAN', NULL, NULL),
(388, 27, 'WATUBONANG', NULL, NULL),
(389, 27, 'BITING', NULL, NULL),
(390, 28, 'GELANGKULON', NULL, NULL),
(391, 28, 'KARANG WALUH', NULL, NULL),
(392, 28, 'GLINGGANG', NULL, NULL),
(393, 28, 'CARANG REJO', NULL, NULL),
(394, 28, 'TULUNG', NULL, NULL),
(395, 28, 'KUNTI', NULL, NULL),
(396, 28, 'PAGERUKIR', NULL, NULL),
(397, 28, 'POHIJO', NULL, NULL),
(398, 28, 'JENANGAN', NULL, NULL),
(399, 28, 'NGLURUP', NULL, NULL),
(400, 28, 'SAMPUNG', NULL, NULL),
(401, 28, 'RINGIN PUTIH', NULL, NULL),
(402, 29, 'MOROSARI', NULL, NULL),
(403, 29, 'SRAGI', NULL, NULL),
(404, 29, 'KALIMALANG', NULL, NULL),
(405, 29, 'KARANGLOLOR', NULL, NULL),
(406, 29, 'GANDUKEPUH', NULL, NULL),
(407, 29, 'NAMBANGREJO', NULL, NULL),
(408, 29, 'LENGKONG', NULL, NULL),
(409, 29, 'GOLAN', NULL, NULL),
(410, 29, 'BANGUNREJO', NULL, NULL),
(411, 29, 'SUKOREJO', NULL, NULL),
(412, 29, 'NAMPAN', NULL, NULL),
(413, 29, 'KRANGGAN', NULL, NULL),
(414, 29, 'GELANGLOR', NULL, NULL),
(415, 29, 'SIDOREJO', NULL, NULL),
(416, 29, 'GEGERAN', NULL, NULL),
(417, 29, 'PRAJEGAN', NULL, NULL),
(418, 29, 'SERANGAN', NULL, NULL),
(419, 29, 'KEDUNG BANTENG', NULL, NULL),
(420, 30, 'PAJU', NULL, NULL),
(421, 30, 'BROTONEGARAN', NULL, NULL),
(422, 30, 'PAKUNDEN', NULL, NULL),
(423, 30, 'KEPATIHAN', NULL, NULL),
(424, 30, 'SURODIKRAMAN', NULL, NULL),
(425, 30, 'PURBOSUMAN', NULL, NULL),
(426, 30, 'TONATAN', NULL, NULL),
(427, 30, 'BANGUNSARI', NULL, NULL),
(428, 30, 'TAMAN ARUM', NULL, NULL),
(429, 30, 'KAUMAN', NULL, NULL),
(430, 30, 'TAMBAKBAYAN', NULL, NULL),
(431, 30, 'PINGGIRSARI', NULL, NULL),
(432, 30, 'MANGKUJAYAN', NULL, NULL),
(433, 30, 'BANYUDONO', NULL, NULL),
(434, 30, 'NOLOGATEN', NULL, NULL),
(435, 30, 'COKROMENGGALAN', NULL, NULL),
(436, 30, 'KENITEN', NULL, NULL),
(437, 30, 'JINGGLONG', NULL, NULL),
(438, 30, 'BEDURI', NULL, NULL),
(439, 31, 'KERTOSARI', NULL, NULL),
(440, 31, 'CEKOK', NULL, NULL),
(441, 31, 'PATIHAN WETAN', NULL, NULL),
(442, 31, 'KADIPATEN', NULL, NULL),
(443, 31, 'JAPAN', NULL, NULL),
(444, 31, 'GUPOLO', NULL, NULL),
(445, 31, 'POLOREJO', NULL, NULL),
(446, 31, 'BARENG', NULL, NULL),
(447, 31, 'NGUNUT', NULL, NULL),
(448, 31, 'SUKOSARI', NULL, NULL),
(449, 31, 'LEMBAH', NULL, NULL),
(450, 31, 'PONDOK', NULL, NULL),
(451, 31, 'BABADAN', NULL, NULL),
(452, 31, 'PURWOSARI', NULL, NULL),
(453, 31, 'TRISONO', NULL, NULL),
(454, 32, 'MRICAN', NULL, NULL),
(455, 32, 'SINGOSAREN', NULL, NULL),
(456, 32, 'SETONO', NULL, NULL),
(457, 32, 'PLALANGAN', NULL, NULL),
(458, 32, 'NGRUPIT', NULL, NULL),
(459, 32, 'SEDAH', NULL, NULL),
(460, 32, 'PINTU', NULL, NULL),
(461, 32, 'PANJENG', NULL, NULL),
(462, 32, 'JIMBE', NULL, NULL),
(463, 32, 'JENANGAN', NULL, NULL),
(464, 32, 'SRATEN', NULL, NULL),
(465, 32, 'KEMIRI', NULL, NULL),
(466, 32, 'SEMANDING', NULL, NULL),
(467, 32, 'TANJUNG SARI', NULL, NULL),
(468, 32, 'NGLAYANG', NULL, NULL),
(469, 32, 'PARINGAN', NULL, NULL),
(470, 32, 'WATES', NULL, NULL),
(471, 33, 'NGROGUNG', NULL, NULL),
(472, 33, 'SAHANG', NULL, NULL),
(473, 33, 'WAGIRLOR', NULL, NULL),
(474, 33, 'TALUN', NULL, NULL),
(475, 33, 'GONDOWIDO', NULL, NULL),
(476, 33, 'PUPUS', NULL, NULL),
(477, 33, 'NGEBEL', NULL, NULL),
(478, 33, 'SEMPU', NULL, NULL),
(479, 34, 'NGLEBENG', NULL, NULL),
(480, 34, 'BANJAR', NULL, NULL),
(481, 34, 'NGRAMBINGAN', NULL, NULL),
(482, 34, 'NGRENCAK', NULL, NULL),
(483, 34, 'PANGGUL', NULL, NULL),
(484, 34, 'GAYAM', NULL, NULL),
(485, 34, 'WONOCOYO', NULL, NULL),
(486, 34, 'BESUKI', NULL, NULL),
(487, 34, 'TERBIS', NULL, NULL),
(488, 34, 'KARANGTENGAH', NULL, NULL),
(489, 34, 'KERTOSONO', NULL, NULL),
(490, 34, 'BODAG', NULL, NULL),
(491, 34, 'BARANG', NULL, NULL),
(492, 34, 'SAWAHAN', NULL, NULL),
(493, 34, 'MANGGIS', NULL, NULL),
(494, 34, 'TANGKIL', NULL, NULL),
(495, 34, 'DEPOK', NULL, NULL),
(496, 35, 'NGULUNGWETAN', NULL, NULL),
(497, 35, 'NGULUNGKULON', NULL, NULL),
(498, 35, 'SOBO', NULL, NULL),
(499, 35, 'CRAKEN', NULL, NULL),
(500, 35, 'MASARAN', NULL, NULL),
(501, 35, 'MUNJUNGAN', NULL, NULL),
(502, 35, 'TAWING', NULL, NULL),
(503, 35, 'BENDOROTO', NULL, NULL),
(504, 35, 'BANGUN', NULL, NULL),
(505, 35, 'KARANGTURI', NULL, NULL),
(506, 35, 'BESUKI', NULL, NULL),
(507, 36, 'KARANGGANDU', NULL, NULL),
(508, 36, 'PRIGI', NULL, NULL),
(509, 36, 'TASIKMADU', NULL, NULL),
(510, 36, 'WATULIMO', NULL, NULL),
(511, 36, 'MARGOMULYO', NULL, NULL),
(512, 36, 'SAWAHAN', NULL, NULL),
(513, 36, 'DUKUH', NULL, NULL),
(514, 36, 'SLAWE', NULL, NULL),
(515, 36, 'GEMAHARJO', NULL, NULL),
(516, 36, 'PAKEL', NULL, NULL),
(517, 36, 'NGEMBEL', NULL, NULL),
(518, 36, 'WATUAGUNG', NULL, NULL),
(519, 37, 'NGADIMULYO', NULL, NULL),
(520, 37, 'KARANGREJO', NULL, NULL),
(521, 37, 'SENDEN', NULL, NULL),
(522, 37, 'SUGIHAN', NULL, NULL),
(523, 37, 'BENDOAGUNG', NULL, NULL),
(524, 37, 'BOGORAN', NULL, NULL),
(525, 37, 'TIMAHAN', NULL, NULL),
(526, 38, 'WATUAGUNG', NULL, NULL),
(527, 38, 'PANDEAN', NULL, NULL),
(528, 38, 'SALAMWATES', NULL, NULL),
(529, 38, 'NGERDANI', NULL, NULL),
(530, 38, 'PETUNG', NULL, NULL),
(531, 38, 'CAKUL', NULL, NULL),
(532, 38, 'SIKI', NULL, NULL),
(533, 38, 'DONGKO', NULL, NULL),
(534, 38, 'SUMBERBENING', NULL, NULL),
(535, 38, 'PRINGAPUS', NULL, NULL),
(536, 39, 'SIDOMULYO', NULL, NULL),
(537, 39, 'PUYUNG', NULL, NULL),
(538, 39, 'JOHO', NULL, NULL),
(539, 39, 'KEMBANGAN', NULL, NULL),
(540, 39, 'PAKEL', NULL, NULL),
(541, 39, 'PULE', NULL, NULL),
(542, 39, 'JOMBOK', NULL, NULL),
(543, 39, 'TANGGARAN', NULL, NULL),
(544, 39, 'KARANGANYAR', NULL, NULL),
(545, 39, 'SUKOKIDUL', NULL, NULL),
(546, 40, 'SUKOWETAN', NULL, NULL),
(547, 40, 'JATIPRAHU', NULL, NULL),
(548, 40, 'SUMBERINGIN', NULL, NULL),
(549, 40, 'KEDUNGSIGIT', NULL, NULL),
(550, 40, 'JATI', NULL, NULL),
(551, 40, 'KAYEN', NULL, NULL),
(552, 40, 'KARANGAN', NULL, NULL),
(553, 40, 'KERJO', NULL, NULL),
(554, 40, 'SALAMREJO', NULL, NULL),
(555, 40, 'BULUAGUNG', NULL, NULL),
(556, 40, 'SUMBER', NULL, NULL),
(557, 40, 'NGENTRONG', NULL, NULL),
(558, 41, 'NGRANDU', NULL, NULL),
(559, 41, 'PURU', NULL, NULL),
(560, 41, 'WONOKERTO', NULL, NULL),
(561, 41, 'NGLEBO', NULL, NULL),
(562, 41, 'GAMPING', NULL, NULL),
(563, 41, 'SURUH', NULL, NULL),
(564, 41, 'MLINJON', NULL, NULL),
(565, 42, 'NGRAYUNG', NULL, NULL),
(566, 42, 'JAJAR', NULL, NULL),
(567, 42, 'WONOREJO', NULL, NULL),
(568, 42, 'SUKOREJO', NULL, NULL),
(569, 42, 'GANDUSARI', NULL, NULL),
(570, 42, 'WONOANTI', NULL, NULL),
(571, 42, 'WIDORO', NULL, NULL),
(572, 42, 'KARANGANYAR', NULL, NULL),
(573, 42, 'MELIS', NULL, NULL),
(574, 42, 'KRANDEGAN', NULL, NULL),
(575, 42, 'SUKORAME', NULL, NULL),
(576, 43, 'NGADISUKO', NULL, NULL),
(577, 43, 'DURENAN', NULL, NULL),
(578, 43, 'PANDEAN', NULL, NULL),
(579, 43, 'PANGGUNGSARI', NULL, NULL),
(580, 43, 'MALASAN', NULL, NULL),
(581, 43, 'KARANGANOM', NULL, NULL),
(582, 43, 'BARUHARJO', NULL, NULL),
(583, 43, 'KAMULAN', NULL, NULL),
(584, 43, 'SUMBERGAYAM', NULL, NULL),
(585, 43, 'PAKIS', NULL, NULL),
(586, 43, 'SEMARUM', NULL, NULL),
(587, 43, 'KENDALREJO', NULL, NULL),
(588, 43, 'GADOR', NULL, NULL),
(589, 43, 'SUMBEREJO', NULL, NULL),
(590, 44, 'NGADIREJO', NULL, NULL),
(591, 44, 'KEDUNGLURAH', NULL, NULL),
(592, 44, 'BENDOREJO', NULL, NULL),
(593, 44, 'WONOCOYO', NULL, NULL),
(594, 44, 'NGETAL', NULL, NULL),
(595, 44, 'NGADIRENGGO', NULL, NULL),
(596, 44, 'GEMBLEB', NULL, NULL),
(597, 44, 'NGULANWETAN', NULL, NULL),
(598, 44, 'NGULANKULON', NULL, NULL),
(599, 44, 'POGALAN', NULL, NULL),
(600, 45, 'KARANGSOKO', NULL, NULL),
(601, 45, 'SAMBIREJO', NULL, NULL),
(602, 45, 'KELUTAN', NULL, NULL),
(603, 45, 'TAMANAN', NULL, NULL),
(604, 45, 'NGANTRU', NULL, NULL),
(605, 45, 'SUMBERGEDONG', NULL, NULL),
(606, 45, 'SURODAKAN', NULL, NULL),
(607, 45, 'REJOWINANGUN', NULL, NULL),
(608, 45, 'PARAKAN', NULL, NULL),
(609, 45, 'NGARES', NULL, NULL),
(610, 45, 'SUMBERDADI', NULL, NULL),
(611, 45, 'SUKOSARI', NULL, NULL),
(612, 45, 'DAWUHAN', NULL, NULL),
(613, 46, 'DUREN', NULL, NULL),
(614, 46, 'NGEPEH', NULL, NULL),
(615, 46, 'TUMPUK', NULL, NULL),
(616, 46, 'GONDANG', NULL, NULL),
(617, 46, 'NGLONGSOR', NULL, NULL),
(618, 46, 'BANARAN', NULL, NULL),
(619, 46, 'WINONG', NULL, NULL),
(620, 46, 'SUKOREJO', NULL, NULL),
(621, 46, 'JAMBU', NULL, NULL),
(622, 46, 'NGLINGGIS', NULL, NULL),
(623, 46, 'GADING', NULL, NULL),
(624, 46, 'PUCANGANAK', NULL, NULL),
(625, 46, 'DERMOSARI', NULL, NULL),
(626, 46, 'TEGAREN', NULL, NULL),
(627, 46, 'PRAMBON', NULL, NULL),
(628, 47, 'MASARAN', NULL, NULL),
(629, 47, 'SENGON', NULL, NULL),
(630, 47, 'SUMURUP', NULL, NULL),
(631, 47, 'SRABAH', NULL, NULL),
(632, 47, 'DEPOK', NULL, NULL),
(633, 47, 'SURENLOR', NULL, NULL),
(634, 47, 'DOMPYONG', NULL, NULL),
(635, 47, 'BOTOPUTIH', NULL, NULL),
(636, 48, 'SEDAYUGUNUNG', NULL, NULL),
(637, 48, 'KEBOIRENG', NULL, NULL),
(638, 48, 'BESUKI', NULL, NULL),
(639, 48, 'BESOLE', NULL, NULL),
(640, 48, 'TANGGULWELAHAN', NULL, NULL),
(641, 48, 'TANGGULTURUS', NULL, NULL),
(642, 48, 'TANGGULKUNDUNG', NULL, NULL),
(643, 48, 'WATESKROYO', NULL, NULL),
(644, 48, 'SIYOTOBAGUS', NULL, NULL),
(645, 48, 'TULUNGREJO', NULL, NULL),
(646, 49, 'NGLAMPIR', NULL, NULL),
(647, 49, 'TALUNKULON', NULL, NULL),
(648, 49, 'BANTENGAN', NULL, NULL),
(649, 49, 'KEDUNGWILUT', NULL, NULL),
(650, 49, 'SUWARU', NULL, NULL),
(651, 49, 'NGUNGGAHAN', NULL, NULL),
(652, 49, 'SURUHAN KIDUL', NULL, NULL),
(653, 49, 'BANDUNG', NULL, NULL),
(654, 49, 'MERGAYU', NULL, NULL),
(655, 49, 'SEBALOR', NULL, NULL),
(656, 49, 'SUKOHARJO', NULL, NULL),
(657, 49, 'SINGGIT', NULL, NULL),
(658, 49, 'SURUHAN LOR', NULL, NULL),
(659, 49, 'KESAMBI', NULL, NULL),
(660, 49, 'GANDONG', NULL, NULL),
(661, 49, 'BULUS', NULL, NULL),
(662, 49, 'NGEPEH', NULL, NULL),
(663, 49, 'SOKO', NULL, NULL),
(664, 50, 'SAMBITAN', NULL, NULL),
(665, 50, 'BONO', NULL, NULL),
(666, 50, 'SUKOANYAR', NULL, NULL),
(667, 50, 'DUWET', NULL, NULL),
(668, 50, 'TAMBAN', NULL, NULL),
(669, 50, 'NGEBONG', NULL, NULL),
(670, 50, 'SODO', NULL, NULL),
(671, 50, 'GOMBANG', NULL, NULL),
(672, 50, 'PAKEL', NULL, NULL),
(673, 50, 'SUWALUH', NULL, NULL),
(674, 50, 'PECUK', NULL, NULL),
(675, 50, 'BANGUNMULYO', NULL, NULL),
(676, 50, 'KASREMAN', NULL, NULL),
(677, 50, 'SANAN', NULL, NULL),
(678, 50, 'BANGUNJAYA', NULL, NULL),
(679, 50, 'NGRANCE', NULL, NULL),
(680, 50, 'GEBANG', NULL, NULL),
(681, 50, 'GESIKAN', NULL, NULL),
(682, 50, 'GEMPOLAN', NULL, NULL),
(683, 51, 'NGENTRONG', NULL, NULL),
(684, 51, 'SAWO', NULL, NULL),
(685, 51, 'GEDANGAN', NULL, NULL),
(686, 51, 'GAMPING', NULL, NULL),
(687, 51, 'CAMPURDARAT', NULL, NULL),
(688, 51, 'WATES', NULL, NULL),
(689, 51, 'PELEM', NULL, NULL),
(690, 51, 'POJOK', NULL, NULL),
(691, 51, 'TANGGUNG', NULL, NULL),
(692, 52, 'NGREJO', NULL, NULL),
(693, 52, 'JENGGLUNGHARJO', NULL, NULL),
(694, 52, 'KRESIKAN', NULL, NULL),
(695, 52, 'TANGGUNGGUNUNG', NULL, NULL),
(696, 52, 'NGEPOH', NULL, NULL),
(697, 52, 'TENGGAREJO', NULL, NULL),
(698, 52, 'PAKISREJO', NULL, NULL),
(699, 53, 'KALIBATUR', NULL, NULL),
(700, 53, 'REJOSARI', NULL, NULL),
(701, 53, 'SUKOREJO KULON', NULL, NULL),
(702, 53, 'BANYUURIP', NULL, NULL),
(703, 53, 'WINONG', NULL, NULL),
(704, 53, 'JOHO', NULL, NULL),
(705, 53, 'PAKISAJI', NULL, NULL),
(706, 53, 'KARANGTALUN', NULL, NULL),
(707, 53, 'KALIDAWIR', NULL, NULL),
(708, 53, 'NGUBALAN', NULL, NULL),
(709, 53, 'SALAK KEMBANG', NULL, NULL),
(710, 53, 'TUNGGANGRI', NULL, NULL),
(711, 53, 'JABON', NULL, NULL),
(712, 53, 'PAGERSARI', NULL, NULL),
(713, 53, 'BETAK', NULL, NULL),
(714, 53, 'TANJUNG', NULL, NULL),
(715, 53, 'DOMASAN', NULL, NULL),
(716, 54, 'PANGGUNGKALAK', NULL, NULL),
(717, 54, 'KALIDAWE', NULL, NULL),
(718, 54, 'PUCANGLABAN', NULL, NULL),
(719, 54, 'SUMBERBENDO', NULL, NULL),
(720, 54, 'KALIGENTONG', NULL, NULL),
(721, 54, 'MANDING', NULL, NULL),
(722, 54, 'PANGGUNGUNI', NULL, NULL),
(723, 54, 'SUMBERDADAP', NULL, NULL),
(724, 54, 'DEMUK', NULL, NULL),
(725, 55, 'TENGGONG', NULL, NULL),
(726, 55, 'PANJEREJO', NULL, NULL),
(727, 55, 'KARANGSARI', NULL, NULL),
(728, 55, 'TUGU', NULL, NULL),
(729, 55, 'SUKOREJO WETAN', NULL, NULL),
(730, 55, 'TANEN', NULL, NULL),
(731, 55, 'SUMBERAGUNG', NULL, NULL),
(732, 55, 'BLIMBING', NULL, NULL),
(733, 55, 'PAKISREJO', NULL, NULL),
(734, 55, 'TEGALREJO', NULL, NULL),
(735, 55, 'BANJAREJO', NULL, NULL),
(736, 55, 'JATIDOWO', NULL, NULL),
(737, 55, 'TENGGUR', NULL, NULL),
(738, 55, 'BUNTARAN', NULL, NULL),
(739, 55, 'ARIYOJEDING', NULL, NULL),
(740, 55, 'REJOTANGAN', NULL, NULL),
(741, 56, 'BALESONO', NULL, NULL),
(742, 56, 'SELOREJO', NULL, NULL),
(743, 56, 'SAMIR', NULL, NULL),
(744, 56, 'KARANGSONO', NULL, NULL),
(745, 56, 'KACANGAN', NULL, NULL),
(746, 56, 'PANDANSARI', NULL, NULL),
(747, 56, 'SUMBERINGIN KULON', NULL, NULL),
(748, 56, 'SUMBERINGIN KIDUL', NULL, NULL),
(749, 56, 'KALANGAN', NULL, NULL),
(750, 56, 'GILANG', NULL, NULL),
(751, 56, 'KALIWUNGU', NULL, NULL),
(752, 56, 'NGUNUT', NULL, NULL),
(753, 56, 'SUMBEREJO WETAN', NULL, NULL),
(754, 56, 'SUMBEREJO KULON', NULL, NULL),
(755, 56, 'PURWOREJO', NULL, NULL),
(756, 56, 'KROMASAN', NULL, NULL),
(757, 56, 'PULOSARI', NULL, NULL),
(758, 56, 'PULOTONDO', NULL, NULL),
(759, 57, 'JUNJUNG', NULL, NULL),
(760, 57, 'PODOREJO', NULL, NULL),
(761, 57, 'WATES', NULL, NULL),
(762, 57, 'SAMBIDOPLANG', NULL, NULL),
(763, 57, 'MIRIGAMBAR', NULL, NULL),
(764, 57, 'TRENCENG', NULL, NULL),
(765, 57, 'BENDILWUNGU', NULL, NULL),
(766, 57, 'SAMBIJAJAR', NULL, NULL),
(767, 57, 'TAMBAKREJO', NULL, NULL),
(768, 57, 'DOROAMPEL', NULL, NULL),
(769, 57, 'WONOREJO', NULL, NULL),
(770, 57, 'BENDILJATI KULON', NULL, NULL),
(771, 57, 'BENDILJATI WETAN', NULL, NULL),
(772, 57, 'SUMBERDADI', NULL, NULL),
(773, 57, 'JABALSARI', NULL, NULL),
(774, 57, 'SAMBIROBYONG', NULL, NULL),
(775, 57, 'BUKUR', NULL, NULL),
(776, 58, 'NGRANTI', NULL, NULL),
(777, 58, 'KENDALBULUR', NULL, NULL),
(778, 58, 'BOYOLANGU', NULL, NULL),
(779, 58, 'PUCUNG KIDUL', NULL, NULL),
(780, 58, 'SANGGRAHAN', NULL, NULL),
(781, 58, 'WAJAK KIDUL', NULL, NULL),
(782, 58, 'KARANGREJO', NULL, NULL),
(783, 58, 'WAJAK LOR', NULL, NULL),
(784, 58, 'KEPUH', NULL, NULL),
(785, 58, 'TANJUNGSARI', NULL, NULL),
(786, 58, 'SERUT', NULL, NULL),
(787, 58, 'BEJI', NULL, NULL),
(788, 58, 'SOBONTORO', NULL, NULL),
(789, 58, 'GEDANGSEWU', NULL, NULL),
(790, 58, 'MOYOKETEN', NULL, NULL),
(791, 58, 'WAUNG', NULL, NULL),
(792, 58, 'BONO', NULL, NULL),
(793, 59, 'KEDUNGSOKO', NULL, NULL),
(794, 59, 'TERTEK', NULL, NULL),
(795, 59, 'KARANGWARU', NULL, NULL),
(796, 59, 'TAMANAN', NULL, NULL),
(797, 59, 'JEPUN', NULL, NULL),
(798, 59, 'BAGO', NULL, NULL),
(799, 59, 'KEPATIHAN', NULL, NULL),
(800, 59, 'KAMPUNGDALEM', NULL, NULL),
(801, 59, 'KAUMAN', NULL, NULL),
(802, 59, 'KUTOANYAR', NULL, NULL),
(803, 59, 'SEMBUNG', NULL, NULL),
(804, 59, 'PANGGUNGREJO', NULL, NULL),
(805, 59, 'BOTORAN', NULL, NULL),
(806, 59, 'KENAYAN', NULL, NULL),
(807, 60, 'PLOSOKANDANG', NULL, NULL),
(808, 60, 'TUNGGULSARI', NULL, NULL),
(809, 60, 'RINGINPITU', NULL, NULL),
(810, 60, 'LODERESAN', NULL, NULL),
(811, 60, 'BULUSARI', NULL, NULL),
(812, 60, 'BANGOAN', NULL, NULL),
(813, 60, 'REJOAGUNG', NULL, NULL),
(814, 60, 'KEDUNGWARU', NULL, NULL),
(815, 60, 'PLANDAAN', NULL, NULL),
(816, 60, 'MANGUNSARI', NULL, NULL),
(817, 60, 'TAWANGSARI', NULL, NULL),
(818, 60, 'WINONG', NULL, NULL),
(819, 60, 'MAJAN', NULL, NULL),
(820, 60, 'SIMO', NULL, NULL),
(821, 60, 'KETANON', NULL, NULL),
(822, 60, 'GENDINGAN', NULL, NULL),
(823, 60, 'TAPAN', NULL, NULL),
(824, 60, 'NGUJANG', NULL, NULL),
(825, 60, 'BORO', NULL, NULL),
(826, 61, 'PAKEL', NULL, NULL),
(827, 61, 'PUCUNG LOR', NULL, NULL),
(828, 61, 'SRIKATON', NULL, NULL),
(829, 61, 'PADANGAN', NULL, NULL),
(830, 61, 'PINGGIRSARI', NULL, NULL),
(831, 61, 'BENDOSARI', NULL, NULL),
(832, 61, 'NGANTRU', NULL, NULL),
(833, 61, 'PULEREJO', NULL, NULL),
(834, 61, 'POJOK', NULL, NULL),
(835, 61, 'KEPUHREJO', NULL, NULL),
(836, 61, 'MOJOAGUNG', NULL, NULL),
(837, 61, 'BATOKAN', NULL, NULL),
(838, 61, 'BANJARSARI', NULL, NULL),
(839, 62, 'BUNGUR', NULL, NULL),
(840, 62, 'BABADAN', NULL, NULL),
(841, 62, 'SUKOWIYONO', NULL, NULL),
(842, 62, 'SEMBON', NULL, NULL),
(843, 62, 'SUKOWIDODO', NULL, NULL),
(844, 62, 'TANJUNGSARI', NULL, NULL),
(845, 62, 'GEDANGAN', NULL, NULL),
(846, 62, 'SUKODONO', NULL, NULL),
(847, 62, 'KARANGREJO', NULL, NULL),
(848, 62, 'SUKOREJO', NULL, NULL),
(849, 62, 'PUNJUL', NULL, NULL),
(850, 62, 'TULUNGREJO', NULL, NULL),
(851, 62, 'JELI', NULL, NULL),
(852, 63, 'PUCANGAN', NULL, NULL),
(853, 63, 'BOLOREJO', NULL, NULL),
(854, 63, 'KAUMAN', NULL, NULL),
(855, 63, 'BALEREJO', NULL, NULL),
(856, 63, 'BATANGSAREN', NULL, NULL),
(857, 63, 'PANGGUNGREJO', NULL, NULL),
(858, 63, 'SIDOREJO', NULL, NULL),
(859, 63, 'KALANGBRET', NULL, NULL),
(860, 63, 'MOJOSARI', NULL, NULL),
(861, 63, 'KARANGANOM', NULL, NULL),
(862, 63, 'KATES', NULL, NULL),
(863, 63, 'BANARAN', NULL, NULL),
(864, 63, 'JATIMULYO', NULL, NULL),
(865, 64, 'KENDAL', NULL, NULL),
(866, 64, 'TAWING', NULL, NULL),
(867, 64, 'GONDOSULI', NULL, NULL),
(868, 64, 'DUKUH', NULL, NULL),
(869, 64, 'SEPATAN', NULL, NULL),
(870, 64, 'MACANBANG', NULL, NULL),
(871, 64, 'KIPING', NULL, NULL),
(872, 64, 'REJOSARI', NULL, NULL),
(873, 64, 'BENDO', NULL, NULL),
(874, 64, 'NGRENDENG', NULL, NULL),
(875, 64, 'GONDANG', NULL, NULL),
(876, 64, 'BENDUNGAN', NULL, NULL),
(877, 64, 'MOJOARUM', NULL, NULL),
(878, 64, 'SIDOMULYO', NULL, NULL),
(879, 64, 'NOTOREJO', NULL, NULL),
(880, 64, 'SIDEM', NULL, NULL),
(881, 64, 'BLENDIS', NULL, NULL),
(882, 64, 'TIUDAN', NULL, NULL),
(883, 64, 'WONOKROMO', NULL, NULL),
(884, 64, 'JARAKAN', NULL, NULL),
(885, 65, 'WONOREJO', NULL, NULL),
(886, 65, 'KEDUNGCANGKRING', NULL, NULL),
(887, 65, 'MULYOSARI', NULL, NULL),
(888, 65, 'SEGAWE', NULL, NULL),
(889, 65, 'PENJOR', NULL, NULL),
(890, 65, 'SAMAR', NULL, NULL),
(891, 65, 'SIDOMULYO', NULL, NULL),
(892, 65, 'KRADINAN', NULL, NULL),
(893, 65, 'PAGERWOJO', NULL, NULL),
(894, 65, 'GONDANGGUNUNG', NULL, NULL),
(895, 65, 'GAMBIRAN', NULL, NULL),
(896, 66, 'KEDOYO', NULL, NULL),
(897, 66, 'NGLUTUNG', NULL, NULL),
(898, 66, 'TALANG', NULL, NULL),
(899, 66, 'DONO', NULL, NULL),
(900, 66, 'KROSOK', NULL, NULL),
(901, 66, 'TUGU', NULL, NULL),
(902, 66, 'PICISAN', NULL, NULL),
(903, 66, 'NYAWANGAN', NULL, NULL),
(904, 66, 'SENDANG', NULL, NULL),
(905, 66, 'NGLURUP', NULL, NULL),
(906, 66, 'GEGER', NULL, NULL),
(907, 67, 'PLANDIREJO', NULL, NULL),
(908, 67, 'TUMPAKOYOT', NULL, NULL),
(909, 67, 'BULULAWANG', NULL, NULL),
(910, 67, 'SIDOMULYO', NULL, NULL),
(911, 67, 'TUMPAKKEPUH', NULL, NULL),
(912, 67, 'LOREJO', NULL, NULL),
(913, 67, 'KEDUNGBANTENG', NULL, NULL),
(914, 67, 'BAKUNG', NULL, NULL),
(915, 67, 'SUMBERDADI', NULL, NULL),
(916, 67, 'PULEREJO', NULL, NULL),
(917, 67, 'NGREJO', NULL, NULL),
(918, 68, 'TAMBAKREJO', NULL, NULL),
(919, 68, 'KALIGRENJENG', NULL, NULL),
(920, 68, 'PASIRAMAN', NULL, NULL),
(921, 68, 'SUMBERBOTO', NULL, NULL),
(922, 68, 'GUNUNG GEDE', NULL, NULL),
(923, 68, 'NGADIPURO', NULL, NULL),
(924, 68, 'NGENI', NULL, NULL),
(925, 68, 'WONOTIRTO', NULL, NULL),
(926, 69, 'SERANG', NULL, NULL),
(927, 69, 'SUMBERSIH', NULL, NULL),
(928, 69, 'KALI GAMBIR', NULL, NULL),
(929, 69, 'BALE REJO', NULL, NULL),
(930, 69, 'SUMBER AGUNG', NULL, NULL),
(931, 69, 'PANGGUNG REJO', NULL, NULL),
(932, 69, 'KALITENGAH', NULL, NULL),
(933, 69, 'MARGO MULYO', NULL, NULL),
(934, 69, 'BUMIAYU', NULL, NULL),
(935, 69, 'PANGGUNG ASRI', NULL, NULL),
(936, 70, 'RINGIN REJO', NULL, NULL),
(937, 70, 'SUKOREJO', NULL, NULL),
(938, 70, 'TUGU REJO', NULL, NULL),
(939, 70, 'WATES', NULL, NULL),
(940, 70, 'TULUNGREJO', NULL, NULL),
(941, 70, 'PURWOREJO', NULL, NULL),
(942, 70, 'SUMBERARUM', NULL, NULL),
(943, 70, 'MOJOREJO', NULL, NULL),
(944, 71, 'SALAMREJO', NULL, NULL),
(945, 71, 'SUMBER KEMBAR', NULL, NULL),
(946, 71, 'BINANGUN', NULL, NULL),
(947, 71, 'BIROWO', NULL, NULL),
(948, 71, 'SUKORAME', NULL, NULL),
(949, 71, 'NGADRI', NULL, NULL),
(950, 71, 'SAMBIGEDE', NULL, NULL),
(951, 71, 'REJOSO', NULL, NULL),
(952, 71, 'UMBUL DAMAR', NULL, NULL),
(953, 71, 'TAWANG REJO', NULL, NULL),
(954, 71, 'NGEMBUL', NULL, NULL),
(955, 71, 'KEDUNGWUNGU', NULL, NULL),
(956, 72, 'PANDANARUM', NULL, NULL),
(957, 72, 'KEDUNG BUNDER', NULL, NULL),
(958, 72, 'SOTOJAYAN', NULL, NULL),
(959, 72, 'BACEM', NULL, NULL),
(960, 72, 'SUMBERJO', NULL, NULL),
(961, 72, 'SUKOREJO', NULL, NULL),
(962, 72, 'KALIPANG', NULL, NULL),
(963, 72, 'KEMBANGARUM', NULL, NULL),
(964, 72, 'JINGGLONG', NULL, NULL),
(965, 72, 'KAULON', NULL, NULL),
(966, 72, 'JEGU', NULL, NULL),
(967, 73, 'PANGGUNGDUWET', NULL, NULL),
(968, 73, 'PAKISAJI', NULL, NULL),
(969, 73, 'MARON', NULL, NULL),
(970, 73, 'KEBONSARI', NULL, NULL),
(971, 73, 'BENDOSARI', NULL, NULL),
(972, 73, 'SURUHWADANG', NULL, NULL),
(973, 73, 'SUMBERJO', NULL, NULL),
(974, 73, 'DAWUHAN', NULL, NULL),
(975, 73, 'SUMBERJATI', NULL, NULL),
(976, 73, 'PLUMPUNGREJO', NULL, NULL),
(977, 73, 'JIMBE', NULL, NULL),
(978, 73, 'KADEMANGAN', NULL, NULL),
(979, 73, 'REJOWINANGUN', NULL, NULL),
(980, 73, 'PLOSOREJO', NULL, NULL),
(981, 73, 'DARUNGAN', NULL, NULL),
(982, 74, 'MINGGIRSARI', NULL, NULL),
(983, 74, 'GOGODESO', NULL, NULL),
(984, 74, 'KARANGSONO', NULL, NULL),
(985, 74, 'SATREYAN', NULL, NULL),
(986, 74, 'KANIGORO', NULL, NULL),
(987, 74, 'TLOGO', NULL, NULL),
(988, 74, 'GAPRANG', NULL, NULL),
(989, 74, 'JATINOM', NULL, NULL),
(990, 74, 'KUNINGAN', NULL, NULL),
(991, 74, 'PAPUNGAN', NULL, NULL),
(992, 74, 'BANGGLE', NULL, NULL),
(993, 74, 'SAWENTAR', NULL, NULL),
(994, 75, 'TUMPANG', NULL, NULL),
(995, 75, 'JABUNG', NULL, NULL),
(996, 75, 'JEBLOG', NULL, NULL),
(997, 75, 'BENDOSEWU', NULL, NULL),
(998, 75, 'DUREN', NULL, NULL),
(999, 75, 'SRAGI', NULL, NULL),
(1000, 75, 'WONOREJO', NULL, NULL),
(1001, 75, 'PASIRHARJO', NULL, NULL),
(1002, 75, 'KENDALREJO', NULL, NULL),
(1003, 75, 'KAMULAN', NULL, NULL),
(1004, 75, 'TALUN', NULL, NULL),
(1005, 75, 'BAJANG', NULL, NULL),
(1006, 75, 'KAWERON', NULL, NULL),
(1007, 75, 'JAJAR', NULL, NULL),
(1008, 76, 'MRONJO', NULL, NULL),
(1009, 76, 'MANDESAN', NULL, NULL),
(1010, 76, 'SELOPURO', NULL, NULL),
(1011, 76, 'PLOSO', NULL, NULL),
(1012, 76, 'JATITENGAH', NULL, NULL),
(1013, 76, 'JAMBEWANGI', NULL, NULL),
(1014, 76, 'TEGALREJO', NULL, NULL),
(1015, 76, 'POPOH', NULL, NULL),
(1016, 77, 'SIRAMAN', NULL, NULL),
(1017, 77, 'JUGO', NULL, NULL),
(1018, 77, 'KESAMBEN', NULL, NULL),
(1019, 77, 'PAGERGUNUNG', NULL, NULL),
(1020, 77, 'SUKOANYAR', NULL, NULL),
(1021, 77, 'PAGERWOJO', NULL, NULL),
(1022, 77, 'TAPAKREJO', NULL, NULL),
(1023, 77, 'TEPAS', NULL, NULL),
(1024, 77, 'KEMIRIGEDE', NULL, NULL),
(1025, 77, 'BUMIREJO', NULL, NULL),
(1026, 78, 'POHGAJIH', NULL, NULL),
(1027, 78, 'SELOREJO', NULL, NULL),
(1028, 78, 'NGRECO', NULL, NULL),
(1029, 78, 'BORO', NULL, NULL),
(1030, 78, 'OLAK ALEN', NULL, NULL),
(1031, 78, 'SUMBER AGUNG', NULL, NULL),
(1032, 78, 'BANJARSARI', NULL, NULL),
(1033, 78, 'NGRENDENG', NULL, NULL),
(1034, 78, 'SIDOMULYO', NULL, NULL),
(1035, 78, 'AMPELGADING', NULL, NULL),
(1036, 79, 'SLOROK', NULL, NULL),
(1037, 79, 'GENENGAN', NULL, NULL),
(1038, 79, 'JAMBEPAWON', NULL, NULL),
(1039, 79, 'SIDOREJO', NULL, NULL),
(1040, 79, 'DOKO', NULL, NULL),
(1041, 79, 'SURU', NULL, NULL),
(1042, 79, 'PLUMBANGAN', NULL, NULL),
(1043, 79, 'SUMBER URIP', NULL, NULL),
(1044, 79, 'RESAPOMBO', NULL, NULL),
(1045, 79, 'KALIMANIS', NULL, NULL),
(1046, 80, 'KLEMUNAN', NULL, NULL),
(1047, 80, 'WLINGI', NULL, NULL),
(1048, 80, 'TANGKIL', NULL, NULL),
(1049, 80, 'BERU', NULL, NULL),
(1050, 80, 'BABADAN', NULL, NULL),
(1051, 80, 'TEMBALANG', NULL, NULL),
(1052, 80, 'NGADIRENGGO', NULL, NULL),
(1053, 80, 'TEGALASRI', NULL, NULL),
(1054, 81, 'SUMBERAGUNG', NULL, NULL),
(1055, 81, 'GONDANG', NULL, NULL),
(1056, 81, 'KOTES', NULL, NULL),
(1057, 81, 'TAMBAKAN', NULL, NULL),
(1058, 81, 'BUTUN', NULL, NULL),
(1059, 81, 'GANDUSARI', NULL, NULL),
(1060, 81, 'SUKOSEWU', NULL, NULL),
(1061, 81, 'GADUNGAN', NULL, NULL),
(1062, 81, 'NGARINGAN', NULL, NULL),
(1063, 81, 'SOSO', NULL, NULL),
(1064, 81, 'SLUMBUNG', NULL, NULL),
(1065, 81, 'SEMEN', NULL, NULL),
(1066, 81, 'TULUNGREJO', NULL, NULL),
(1067, 81, 'KRISIK', NULL, NULL),
(1068, 82, 'POJOK', NULL, NULL),
(1069, 82, 'SUMBERDIREN', NULL, NULL),
(1070, 82, 'GARUM', NULL, NULL),
(1071, 82, 'TINGAL', NULL, NULL),
(1072, 82, 'BENCE', NULL, NULL),
(1073, 82, 'TAWANGSARI', NULL, NULL),
(1074, 82, 'SLOROK', NULL, NULL),
(1075, 82, 'SIDODADI', NULL, NULL),
(1076, 82, 'KARANGREJO', NULL, NULL),
(1077, 83, 'BANGSRI', NULL, NULL),
(1078, 83, 'JIWUT', NULL, NULL),
(1079, 83, 'KRENCENG', NULL, NULL),
(1080, 83, 'KEMLOKO', NULL, NULL),
(1081, 83, 'DAYU', NULL, NULL),
(1082, 83, 'NGORAN', NULL, NULL),
(1083, 83, 'MODANGAN', NULL, NULL),
(1084, 83, 'PENATARAN', NULL, NULL),
(1085, 83, 'KEDAWUNG', NULL, NULL),
(1086, 83, 'SUMBERASRI', NULL, NULL),
(1087, 84, 'PLOSOARANG', NULL, NULL),
(1088, 84, 'TULISKRIYO', NULL, NULL),
(1089, 84, 'BENDOWULUNG', NULL, NULL),
(1090, 84, 'PURWOREJO', NULL, NULL),
(1091, 84, 'BENDOSARI', NULL, NULL),
(1092, 84, 'SANANKULON', NULL, NULL),
(1093, 84, 'KALIPUCUNG', NULL, NULL),
(1094, 84, 'SUMBER', NULL, NULL),
(1095, 84, 'SUMBERJO', NULL, NULL),
(1096, 84, 'JEDING', NULL, NULL),
(1097, 84, 'GLEDUG', NULL, NULL),
(1098, 84, 'SUMBERINGIN', NULL, NULL),
(1099, 85, 'BENDO', NULL, NULL),
(1100, 85, 'JATILENGGER', NULL, NULL),
(1101, 85, 'MALIRAN', NULL, NULL),
(1102, 85, 'KAWEDUSAN', NULL, NULL),
(1103, 85, 'LANGON', NULL, NULL),
(1104, 85, 'DADAPLANGU', NULL, NULL),
(1105, 85, 'KEBONDUREN', NULL, NULL),
(1106, 85, 'POJOK', NULL, NULL),
(1107, 85, 'PONGGOK', NULL, NULL),
(1108, 85, 'KARANGBENDO', NULL, NULL),
(1109, 85, 'CANDIREJO', NULL, NULL),
(1110, 85, 'BACEM', NULL, NULL),
(1111, 85, 'RINGINANYAR', NULL, NULL),
(1112, 85, 'GEMBONGAN', NULL, NULL),
(1113, 85, 'SIDOREJO', NULL, NULL),
(1114, 86, 'PURWOKERTO', NULL, NULL),
(1115, 86, 'SELOKAJANG', NULL, NULL),
(1116, 86, 'NGAGLIK', NULL, NULL),
(1117, 86, 'MARON', NULL, NULL),
(1118, 86, 'PAKISREJO', NULL, NULL),
(1119, 86, 'KARANGGAYAM', NULL, NULL),
(1120, 86, 'KERJEN', NULL, NULL),
(1121, 86, 'WONOREJO', NULL, NULL),
(1122, 86, 'KAUMAN', NULL, NULL),
(1123, 86, 'KANDANGAN', NULL, NULL),
(1124, 86, 'KENDALREJO', NULL, NULL),
(1125, 86, 'DANDONG', NULL, NULL),
(1126, 86, 'BAGELENAN', NULL, NULL),
(1127, 86, 'SRENGAT', NULL, NULL),
(1128, 86, 'TOGOGAN', NULL, NULL),
(1129, 86, 'DERMOJAYAN', NULL, NULL),
(1130, 87, 'GANDEKAN', NULL, NULL),
(1131, 87, 'KUNIR', NULL, NULL),
(1132, 87, 'KOLOMAYAN', NULL, NULL),
(1133, 87, 'PIKATAN', NULL, NULL),
(1134, 87, 'WONODADI', NULL, NULL),
(1135, 87, 'KALIBOTO', NULL, NULL),
(1136, 87, 'REJOSARI', NULL, NULL),
(1137, 87, 'TAWANGREJO', NULL, NULL),
(1138, 87, 'KEBONAGUNG', NULL, NULL),
(1139, 87, 'SALAM', NULL, NULL),
(1140, 87, 'JATEN', NULL, NULL),
(1141, 88, 'RINGINANOM', NULL, NULL),
(1142, 88, 'SUMBERSARI', NULL, NULL),
(1143, 88, 'KARANGGONDANG', NULL, NULL),
(1144, 88, 'TUNJUNG', NULL, NULL),
(1145, 88, 'JATI', NULL, NULL),
(1146, 88, 'TEMENGGUNGAN', NULL, NULL),
(1147, 88, 'BESUKI', NULL, NULL),
(1148, 88, 'BAKUNG', NULL, NULL),
(1149, 88, 'MANGUNAN', NULL, NULL),
(1150, 88, 'SUKOREJO', NULL, NULL),
(1151, 88, 'SLEMANAN', NULL, NULL),
(1152, 88, 'BENDOREJO', NULL, NULL),
(1153, 89, 'NGETREP', NULL, NULL),
(1154, 89, 'NGADI', NULL, NULL),
(1155, 89, 'KRANDING', NULL, NULL),
(1156, 89, 'MAESAN', NULL, NULL),
(1157, 89, 'PONGGOK', NULL, NULL),
(1158, 89, 'PETUNGROTO', NULL, NULL),
(1159, 89, 'PAMONGAN', NULL, NULL),
(1160, 89, 'KEDAWUNG', NULL, NULL),
(1161, 89, 'PLOSO', NULL, NULL),
(1162, 89, 'TAMBIBENDO', NULL, NULL),
(1163, 89, 'KRATON', NULL, NULL),
(1164, 89, 'BLIMBING', NULL, NULL),
(1165, 89, 'JUGO', NULL, NULL),
(1166, 89, 'MOJO', NULL, NULL),
(1167, 89, 'MLATI', NULL, NULL),
(1168, 89, 'SURAT', NULL, NULL),
(1169, 89, 'SUKOANYAR', NULL, NULL),
(1170, 89, 'KENITEN', NULL, NULL),
(1171, 89, 'MONDO', NULL, NULL),
(1172, 89, 'PETOK', NULL, NULL),
(1173, 90, 'SELOPANGGUNG', NULL, NULL),
(1174, 90, 'PUHRUBUH', NULL, NULL),
(1175, 90, 'SIDOMULYO', NULL, NULL),
(1176, 90, 'BULU', NULL, NULL),
(1177, 90, 'BOBANG', NULL, NULL),
(1178, 90, 'PUHSARANG', NULL, NULL),
(1179, 90, 'KANYORAN', NULL, NULL),
(1180, 90, 'JOHO', NULL, NULL),
(1181, 90, 'PAGUNG', NULL, NULL),
(1182, 90, 'KEDAK', NULL, NULL),
(1183, 90, 'TITIK', NULL, NULL),
(1184, 90, 'SEMEN', NULL, NULL),
(1185, 91, 'TALES', NULL, NULL),
(1186, 91, 'SLUMBUNG', NULL, NULL),
(1187, 91, 'BRANGGAHAN', NULL, NULL),
(1188, 91, 'SEKETI', NULL, NULL),
(1189, 91, 'BANGGLE', NULL, NULL),
(1190, 91, 'NGADILUWIH', NULL, NULL),
(1191, 91, 'PURWOKERTO', NULL, NULL),
(1192, 91, 'DUKUH', NULL, NULL),
(1193, 91, 'REMBANGKEPUH', NULL, NULL),
(1194, 91, 'BEDUG', NULL, NULL),
(1195, 91, 'REMBANG', NULL, NULL),
(1196, 91, 'BADAL', NULL, NULL),
(1197, 91, 'BADAL PANDEAN', NULL, NULL),
(1198, 91, 'WONOREJO', NULL, NULL),
(1199, 91, 'BANJAREJO', NULL, NULL),
(1200, 91, 'MANGUNREJO', NULL, NULL),
(1201, 92, 'SETONOREJO', NULL, NULL),
(1202, 92, 'PELAS', NULL, NULL),
(1203, 92, 'BLEBER', NULL, NULL),
(1204, 92, 'REJOMULYO', NULL, NULL),
(1205, 92, 'MOJOSARI', NULL, NULL),
(1206, 92, 'BUTUH', NULL, NULL),
(1207, 92, 'JABANG', NULL, NULL),
(1208, 92, 'KARANGTALUN', NULL, NULL),
(1209, 92, 'NYAWANGAN', NULL, NULL),
(1210, 92, 'KRAS', NULL, NULL),
(1211, 92, 'BENDOSARI', NULL, NULL),
(1212, 92, 'KRANDANG', NULL, NULL),
(1213, 92, 'KANIGORO', NULL, NULL),
(1214, 92, 'BANJARANYAR', NULL, NULL),
(1215, 92, 'PURWODADI', NULL, NULL),
(1216, 92, 'JAMBEAN', NULL, NULL),
(1217, 93, 'JEMEKAN', NULL, NULL),
(1218, 93, 'SRIKATON', NULL, NULL),
(1219, 93, 'SAMBI', NULL, NULL),
(1220, 93, 'RINGINREJO', NULL, NULL),
(1221, 93, 'DEYENG', NULL, NULL),
(1222, 93, 'BATUAJI', NULL, NULL),
(1223, 93, 'DAWUNG', NULL, NULL),
(1224, 93, 'PURWODADI', NULL, NULL),
(1225, 93, 'SELODONO', NULL, NULL),
(1226, 93, 'SUSUHBANGO', NULL, NULL),
(1227, 93, 'NAMBAKAN', NULL, NULL),
(1228, 94, 'SUMBERJO', NULL, NULL),
(1229, 94, 'KARANGREJO', NULL, NULL),
(1230, 94, 'SELOSARI', NULL, NULL),
(1231, 94, 'KANDAT', NULL, NULL),
(1232, 94, 'CENDONO', NULL, NULL),
(1233, 94, 'RINGINSARI', NULL, NULL),
(1234, 94, 'TEGALAN', NULL, NULL),
(1235, 94, 'NGLETIH', NULL, NULL),
(1236, 94, 'PURWOREJO', NULL, NULL),
(1237, 94, 'PULE', NULL, NULL),
(1238, 94, 'BLABAK', NULL, NULL),
(1239, 94, 'NGRECO', NULL, NULL),
(1240, 95, 'DUWET', NULL, NULL),
(1241, 95, 'TAWANG', NULL, NULL),
(1242, 95, 'SEGARAN', NULL, NULL),
(1243, 95, 'GADUNGAN', NULL, NULL),
(1244, 95, 'POJOK', NULL, NULL),
(1245, 95, 'WONOREJO', NULL, NULL),
(1246, 95, 'WATES', NULL, NULL),
(1247, 95, 'JAJAR', NULL, NULL),
(1248, 95, 'TUNGE', NULL, NULL),
(1249, 95, 'TEMPUREJO', NULL, NULL),
(1250, 95, 'PLAOSAN', NULL, NULL),
(1251, 95, 'KARANGANYAR', NULL, NULL),
(1252, 95, 'SUMBERAGUNG', NULL, NULL),
(1253, 95, 'PAGU', NULL, NULL),
(1254, 95, 'JOHO', NULL, NULL),
(1255, 95, 'SILIR', NULL, NULL),
(1256, 95, 'JANTI', NULL, NULL),
(1257, 95, 'SIDOMULYO', NULL, NULL),
(1258, 96, 'BEDALI', NULL, NULL),
(1259, 96, 'MARGOURIP', NULL, NULL),
(1260, 96, 'MANGGIS', NULL, NULL),
(1261, 96, 'SEMPU', NULL, NULL),
(1262, 96, 'SUGIHWARAS', NULL, NULL),
(1263, 96, 'NGANCAR', NULL, NULL),
(1264, 96, 'PANDANTOYO', NULL, NULL),
(1265, 96, 'KUNJANG', NULL, NULL),
(1266, 96, 'JAGUL', NULL, NULL),
(1267, 96, 'BABADAN', NULL, NULL),
(1268, 97, 'GONDANG', NULL, NULL),
(1269, 97, 'KAYUNAN', NULL, NULL),
(1270, 97, 'PANJER', NULL, NULL),
(1271, 97, 'JARAK', NULL, NULL),
(1272, 97, 'SEPAWON', NULL, NULL),
(1273, 97, 'PLOSOKIDUL', NULL, NULL),
(1274, 97, 'BRENGGOLO', NULL, NULL),
(1275, 97, 'PLOSOLOR', NULL, NULL),
(1276, 97, 'WONOREJO TRISULO', NULL, NULL),
(1277, 97, 'PRANGGANG', NULL, NULL),
(1278, 97, 'PUNJUL', NULL, NULL),
(1279, 97, 'KLANDERAN', NULL, NULL),
(1280, 97, 'DONGANTI', NULL, NULL),
(1281, 97, 'KAWEDUSAN', NULL, NULL),
(1282, 97, 'SUMBERAGUNG', NULL, NULL),
(1283, 98, 'NGLUMBANG', NULL, NULL),
(1284, 98, 'BLIMBING', NULL, NULL),
(1285, 98, 'NGASEM', NULL, NULL),
(1286, 98, 'BANGKOK', NULL, NULL),
(1287, 98, 'BESUK', NULL, NULL),
(1288, 98, 'BOGEM', NULL, NULL),
(1289, 98, 'TURUS', NULL, NULL),
(1290, 98, 'BANYUANYAR', NULL, NULL),
(1291, 98, 'GABRU', NULL, NULL),
(1292, 98, 'WONOJOYO', NULL, NULL),
(1293, 98, 'KRANGGAN', NULL, NULL),
(1294, 98, 'GURAH', NULL, NULL),
(1295, 98, 'SUMBERCANGKRING', NULL, NULL),
(1296, 98, 'TIRU KIDUL', NULL, NULL),
(1297, 98, 'TIRU LOR', NULL, NULL),
(1298, 98, 'TAMBAKREJO', NULL, NULL),
(1299, 98, 'GEMPOLAN', NULL, NULL),
(1300, 98, 'KERKEP', NULL, NULL),
(1301, 98, 'SUKOREJO', NULL, NULL),
(1302, 98, 'GAYAM', NULL, NULL),
(1303, 98, 'ADAN-ADAN', NULL, NULL),
(1304, 99, 'SATAK', NULL, NULL),
(1305, 99, 'PUNCU', NULL, NULL),
(1306, 99, 'ASMOROBANGUN', NULL, NULL),
(1307, 99, 'WONOREJO', NULL, NULL),
(1308, 99, 'MANGGIS', NULL, NULL),
(1309, 99, 'SIDOMULYO', NULL, NULL),
(1310, 99, 'WATUGEDE', NULL, NULL),
(1311, 99, 'GADUNGAN', NULL, NULL),
(1312, 100, 'KEBONREJO', NULL, NULL),
(1313, 100, 'BESOWO', NULL, NULL),
(1314, 100, 'KAMPUNGBARU', NULL, NULL),
(1315, 100, 'SIMAN', NULL, NULL),
(1316, 100, 'BRUMBUNG', NULL, NULL),
(1317, 100, 'KEPUNG', NULL, NULL),
(1318, 100, 'KRENCENG', NULL, NULL),
(1319, 100, 'KENCONG', NULL, NULL),
(1320, 100, 'KELING', NULL, NULL),
(1321, 100, 'DAMARWULAN', NULL, NULL),
(1322, 101, 'KLAMPISAN', NULL, NULL),
(1323, 101, 'KANDANGAN', NULL, NULL),
(1324, 101, 'MLANCU', NULL, NULL),
(1325, 101, 'MEDOWO', NULL, NULL),
(1326, 101, 'BANARAN', NULL, NULL),
(1327, 101, 'BUKUR', NULL, NULL),
(1328, 101, 'KASREMAN', NULL, NULL),
(1329, 101, 'KEMIRI', NULL, NULL),
(1330, 101, 'KARANGTENGAH', NULL, NULL),
(1331, 101, 'JERUKWANGI', NULL, NULL),
(1332, 101, 'JERUKGULUNG', NULL, NULL),
(1333, 101, 'JLUMBANG', NULL, NULL),
(1334, 102, 'SIDOREJO', NULL, NULL),
(1335, 102, 'GEDANGSEWU', NULL, NULL),
(1336, 102, 'SUMBERBENDO', NULL, NULL),
(1337, 102, 'DARUNGAN', NULL, NULL),
(1338, 102, 'SAMBIREJO', NULL, NULL),
(1339, 102, 'BENDO', NULL, NULL),
(1340, 102, 'PELEM', NULL, NULL),
(1341, 102, 'TULUNGREJO', NULL, NULL),
(1342, 102, 'PARE', NULL, NULL),
(1343, 102, 'TERTEK', NULL, NULL),
(1344, 103, 'SEKOTO', NULL, NULL),
(1345, 103, 'BRINGIN', NULL, NULL),
(1346, 103, 'LAMONG', NULL, NULL),
(1347, 103, 'CANGGU', NULL, NULL),
(1348, 103, 'KRECEK', NULL, NULL),
(1349, 103, 'TUNGLUR', NULL, NULL),
(1350, 103, 'BADAS', NULL, NULL),
(1351, 103, 'BLARU', NULL, NULL),
(1352, 104, 'KAPAS', NULL, NULL),
(1353, 104, 'KAPI', NULL, NULL),
(1354, 104, 'TENGGERLOR', NULL, NULL),
(1355, 104, 'WONOREJO', NULL, NULL),
(1356, 104, 'BALONGJERUK', NULL, NULL),
(1357, 104, 'KUWIK', NULL, NULL),
(1358, 104, 'DUNGUS', NULL, NULL),
(1359, 104, 'JUWET', NULL, NULL),
(1360, 104, 'KUNJANG', NULL, NULL),
(1361, 104, 'KLEPEK', NULL, NULL),
(1362, 104, 'PAKIS', NULL, NULL),
(1363, 104, 'PARELOR', NULL, NULL),
(1364, 105, 'KAYEN LOR', NULL, NULL),
(1365, 105, 'BOGOKIDUL', NULL, NULL),
(1366, 105, 'MEJONO', NULL, NULL),
(1367, 105, 'TEGOWANGI', NULL, NULL),
(1368, 105, 'LANGENHARJO', NULL, NULL),
(1369, 105, 'PUHJARAK', NULL, NULL),
(1370, 105, 'SEBET', NULL, NULL),
(1371, 105, 'PAYAMAN', NULL, NULL),
(1372, 105, 'WONOKERTO', NULL, NULL),
(1373, 105, 'NGINO', NULL, NULL),
(1374, 105, 'BANJAREJO', NULL, NULL),
(1375, 105, 'SIDOWAREK', NULL, NULL),
(1376, 105, 'RINGINPITU', NULL, NULL),
(1377, 105, 'SUKOHARJO', NULL, NULL),
(1378, 105, 'MOJOAYU', NULL, NULL),
(1379, 105, 'PLEMAHAN', NULL, NULL),
(1380, 105, 'MOJOKEREP', NULL, NULL),
(1381, 106, 'MRANGGEN', NULL, NULL),
(1382, 106, 'PESING', NULL, NULL),
(1383, 106, 'JANTOK', NULL, NULL),
(1384, 106, 'KETAWANG', NULL, NULL),
(1385, 106, 'WONOTENGAH', NULL, NULL),
(1386, 106, 'PURWOASRI', NULL, NULL),
(1387, 106, 'PANDANSARI', NULL, NULL),
(1388, 106, 'BLAWE', NULL, NULL),
(1389, 106, 'BELOR', NULL, NULL),
(1390, 106, 'TUGU', NULL, NULL),
(1391, 106, 'BULU', NULL, NULL),
(1392, 106, 'PURWODADI', NULL, NULL),
(1393, 106, 'MUNENG', NULL, NULL),
(1394, 106, 'KLAMPITAN', NULL, NULL),
(1395, 106, 'SIDOMULYO', NULL, NULL),
(1396, 106, 'SUMBERJO', NULL, NULL),
(1397, 106, 'KEMPLENG', NULL, NULL),
(1398, 106, 'WOROMARTO', NULL, NULL),
(1399, 106, 'MERJOYO', NULL, NULL),
(1400, 106, 'MEKIKIS', NULL, NULL),
(1401, 106, 'KARANGPAKIS', NULL, NULL),
(1402, 106, 'DAYU', NULL, NULL),
(1403, 106, 'DAWUHAN', NULL, NULL),
(1404, 107, 'PURWOTENGAH', NULL, NULL),
(1405, 107, 'KWARON', NULL, NULL),
(1406, 107, 'MINGGIRAN', NULL, NULL),
(1407, 107, 'PEHKULON', NULL, NULL),
(1408, 107, 'PEHWETAN', NULL, NULL),
(1409, 107, 'DAWUHAN KIDUL', NULL, NULL),
(1410, 107, 'JANTI', NULL, NULL),
(1411, 107, 'PAPAR', NULL, NULL),
(1412, 107, 'MADURETNO', NULL, NULL),
(1413, 107, 'NGAMPEL', NULL, NULL),
(1414, 107, 'KEDUNGMALANG', NULL, NULL),
(1415, 107, 'SUKOMORO', NULL, NULL),
(1416, 107, 'KEPUH', NULL, NULL),
(1417, 107, 'JAMBANGAN', NULL, NULL),
(1418, 107, 'SRIKATON', NULL, NULL),
(1419, 107, 'TANON', NULL, NULL),
(1420, 107, 'PUHJAJAR', NULL, NULL),
(1421, 108, 'BULUPASAR', NULL, NULL),
(1422, 108, 'WONOSARI', NULL, NULL),
(1423, 108, 'KAMBINGAN', NULL, NULL),
(1424, 108, 'TANJUNG', NULL, NULL),
(1425, 108, 'SEMEN', NULL, NULL),
(1426, 108, 'WATES', NULL, NULL),
(1427, 108, 'MENANG', NULL, NULL),
(1428, 108, 'TENGGER KIDUL', NULL, NULL),
(1429, 108, 'SEMANDING', NULL, NULL),
(1430, 108, 'SITIMERT0', NULL, NULL),
(1431, 108, 'PAGU', NULL, NULL),
(1432, 108, 'BENDO', NULL, NULL),
(1433, 108, 'JAGUNG', NULL, NULL),
(1434, 109, 'BAYE', NULL, NULL),
(1435, 109, 'BANGSONGAN', NULL, NULL),
(1436, 109, 'SENDEN', NULL, NULL),
(1437, 109, 'SAMBIROBYONG', NULL, NULL),
(1438, 109, 'MUKUH', NULL, NULL),
(1439, 109, 'SUKOHARJO', NULL, NULL),
(1440, 109, 'JAMBU', NULL, NULL),
(1441, 109, 'SEKARAN', NULL, NULL),
(1442, 109, 'PADANGAN', NULL, NULL),
(1443, 109, 'KAYEN KIDUL', NULL, NULL),
(1444, 109, 'NANGGUNGAN', NULL, NULL),
(1445, 109, 'SEMAMBUNG', NULL, NULL),
(1446, 110, 'JONGBIRU', NULL, NULL),
(1447, 110, 'PUTIH', NULL, NULL),
(1448, 110, 'SAMBIREJO', NULL, NULL),
(1449, 110, 'SAMBIRESIK', NULL, NULL),
(1450, 110, 'GAMPENG', NULL, NULL),
(1451, 110, 'NGEBRAK', NULL, NULL),
(1452, 110, 'WANENGPATEN', NULL, NULL),
(1453, 110, 'TURUS', NULL, NULL),
(1454, 110, 'PLOSOREJO', NULL, NULL),
(1455, 110, 'KEPUHREJO', NULL, NULL),
(1456, 110, 'KALIBELO', NULL, NULL),
(1457, 111, 'TUGUREJO', NULL, NULL),
(1458, 111, 'SUMBEREJO', NULL, NULL),
(1459, 111, 'PARON', NULL, NULL),
(1460, 111, 'SUKOREJO', NULL, NULL),
(1461, 111, 'NGASEM', NULL, NULL),
(1462, 111, 'KARANGREJO', NULL, NULL),
(1463, 111, 'KWADUNGAN', NULL, NULL),
(1464, 111, 'NAMBAAN', NULL, NULL),
(1465, 111, 'TOYORESMI', NULL, NULL),
(1466, 111, 'WONOCATUR', NULL, NULL),
(1467, 111, 'GOGORANTE', NULL, NULL),
(1468, 111, 'DOKO', NULL, NULL),
(1469, 112, 'PARANG', NULL, NULL),
(1470, 112, 'TIRON', NULL, NULL),
(1471, 112, 'MANYARAN', NULL, NULL),
(1472, 112, 'JATIREJO', NULL, NULL),
(1473, 112, 'BANYAKAN', NULL, NULL),
(1474, 112, 'MARON', NULL, NULL),
(1475, 112, 'JABON', NULL, NULL),
(1476, 112, 'NGABLAK', NULL, NULL),
(1477, 112, 'SENDANG', NULL, NULL),
(1478, 113, 'KALIPANG', NULL, NULL),
(1479, 113, 'GROGOL', NULL, NULL),
(1480, 113, 'WONOASRI', NULL, NULL),
(1481, 113, 'SONOREJO', NULL, NULL),
(1482, 113, 'BAKALAN', NULL, NULL),
(1483, 113, 'DATENGAN', NULL, NULL),
(1484, 113, 'GAMBYOK', NULL, NULL),
(1485, 113, 'SUMBERJO', NULL, NULL),
(1486, 113, 'CERME', NULL, NULL),
(1487, 114, 'TAROKAN', NULL, NULL),
(1488, 114, 'BULUSARI', NULL, NULL),
(1489, 114, 'KALIRONG', NULL, NULL),
(1490, 114, 'KALIBOTO', NULL, NULL),
(1491, 114, 'KEDUNGSARI', NULL, NULL),
(1492, 114, 'SUMBERDUREN', NULL, NULL),
(1493, 114, 'KEREP', NULL, NULL),
(1494, 114, 'BLIMBING', NULL, NULL),
(1495, 114, 'CENGKOK', NULL, NULL),
(1496, 114, 'JATI', NULL, NULL),
(1497, 115, 'SUMBEROTO', NULL, NULL),
(1498, 115, 'PURWOREJO', NULL, NULL),
(1499, 115, 'MENTARAMAN', NULL, NULL),
(1500, 115, 'DONOMULYO', NULL, NULL),
(1501, 115, 'TEMPURSARI', NULL, NULL),
(1502, 115, 'TLOGOSARI', NULL, NULL),
(1503, 115, 'KEDUNGSALAM', NULL, NULL),
(1504, 115, 'BANJARJO', NULL, NULL),
(1505, 115, 'TULUNGREJO', NULL, NULL);
INSERT INTO `tbl_desa` (`id`, `id_kecamatan`, `desa`, `created_at`, `updated_at`) VALUES
(1506, 115, 'PURWODADI', NULL, NULL),
(1507, 116, 'ARJOSARI', NULL, NULL),
(1508, 116, 'TUMPAKREJO', NULL, NULL),
(1509, 116, 'KALIASRI', NULL, NULL),
(1510, 116, 'PUTUKREJO', NULL, NULL),
(1511, 116, 'SUMBERPETUNG', NULL, NULL),
(1512, 116, 'KALIPARE', NULL, NULL),
(1513, 116, 'SUKOWILANGUN', NULL, NULL),
(1514, 116, 'ARJOWILANGUN', NULL, NULL),
(1515, 116, 'KALIREJO', NULL, NULL),
(1516, 117, 'SUMBERMANJING KULON', NULL, NULL),
(1517, 117, 'PANDANREJO', NULL, NULL),
(1518, 117, 'SUMBERKERTO', NULL, NULL),
(1519, 117, 'SEMPOL', NULL, NULL),
(1520, 117, 'PAGAK', NULL, NULL),
(1521, 117, 'SUMBERREJO', NULL, NULL),
(1522, 117, 'GAMPINGAN', NULL, NULL),
(1523, 117, 'TLOGOREJO', NULL, NULL),
(1524, 118, 'BANDUNGREJO', NULL, NULL),
(1525, 118, 'SUMBERBENING', NULL, NULL),
(1526, 118, 'SRIGONCO', NULL, NULL),
(1527, 118, 'WONOREJO', NULL, NULL),
(1528, 118, 'BANTUR', NULL, NULL),
(1529, 118, 'PRINGGODANI', NULL, NULL),
(1530, 118, 'REJOSARI', NULL, NULL),
(1531, 118, 'WONOKERTO', NULL, NULL),
(1532, 118, 'REJOYOSO', NULL, NULL),
(1533, 118, 'KARANGSARI', NULL, NULL),
(1534, 119, 'TUMPAKREJO', NULL, NULL),
(1535, 119, 'SINDUREJO', NULL, NULL),
(1536, 119, 'GAJAHREJO', NULL, NULL),
(1537, 119, 'SIDODADI', NULL, NULL),
(1538, 119, 'GEDANGAN', NULL, NULL),
(1539, 119, 'SEGARAN', NULL, NULL),
(1540, 119, 'SUMBEREJO', NULL, NULL),
(1541, 119, 'GIRIMULYO', NULL, NULL),
(1542, 120, 'SITIARJO', NULL, NULL),
(1543, 120, 'TAMBAKREJO', NULL, NULL),
(1544, 120, 'KEDUNGBANTENG', NULL, NULL),
(1545, 120, 'TAMBAKASRI', NULL, NULL),
(1546, 120, 'TEGALREJO', NULL, NULL),
(1547, 120, 'RINGINKEMBAR', NULL, NULL),
(1548, 120, 'SUMBERAGUNG', NULL, NULL),
(1549, 120, 'HARJOKUNCARAN', NULL, NULL),
(1550, 120, 'ARGOTIRTO', NULL, NULL),
(1551, 120, 'RINGINSARI', NULL, NULL),
(1552, 120, 'DRUJU', NULL, NULL),
(1553, 120, 'SUMBERMANJING WETAN', NULL, NULL),
(1554, 120, 'KLEPU', NULL, NULL),
(1555, 120, 'SEKARBANYU', NULL, NULL),
(1556, 120, 'SIDOASRI', NULL, NULL),
(1557, 121, 'SUKODONO', NULL, NULL),
(1558, 121, 'SRIMULYO', NULL, NULL),
(1559, 121, 'BATURETNO', NULL, NULL),
(1560, 121, 'BUMIREJO', NULL, NULL),
(1561, 121, 'SUMBERSUKO', NULL, NULL),
(1562, 121, 'AMADANOM', NULL, NULL),
(1563, 121, 'DAMPIT', NULL, NULL),
(1564, 121, 'PAMOTAN', NULL, NULL),
(1565, 121, 'MAJANGTENGAH', NULL, NULL),
(1566, 121, 'REMBUN', NULL, NULL),
(1567, 121, 'POJOK', NULL, NULL),
(1568, 121, 'JAMBANGAN', NULL, NULL),
(1569, 122, 'PURWODADI', NULL, NULL),
(1570, 122, 'PUJIHARJO', NULL, NULL),
(1571, 122, 'SUMBERTANGKIL', NULL, NULL),
(1572, 122, 'KEPATIHAN', NULL, NULL),
(1573, 122, 'JOGOMULYAN', NULL, NULL),
(1574, 122, 'TIRTOYUDO', NULL, NULL),
(1575, 122, 'GADUNGSARI', NULL, NULL),
(1576, 122, 'TLOGOSARI', NULL, NULL),
(1577, 122, 'SUKOREJO', NULL, NULL),
(1578, 122, 'AMPELGADING', NULL, NULL),
(1579, 122, 'TAMANKUNCARAN', NULL, NULL),
(1580, 122, 'WONOAGUNG', NULL, NULL),
(1581, 122, 'TAMANSATRIYAN', NULL, NULL),
(1582, 123, 'LEBAKHARJO', NULL, NULL),
(1583, 123, 'WIROTAMAN', NULL, NULL),
(1584, 123, 'TAMANASRI', NULL, NULL),
(1585, 123, 'SONOWANGI', NULL, NULL),
(1586, 123, 'TIRTOMARTO', NULL, NULL),
(1587, 123, 'PURWOHARJO', NULL, NULL),
(1588, 123, 'SIDORENGGO', NULL, NULL),
(1589, 123, 'TIRTOMOYO', NULL, NULL),
(1590, 123, 'TAWANGAGUNG', NULL, NULL),
(1591, 123, 'SIMOJAYAN', NULL, NULL),
(1592, 123, 'ARGOYUWONO', NULL, NULL),
(1593, 123, 'MULYOASRI', NULL, NULL),
(1594, 123, 'TAMANSARI', NULL, NULL),
(1595, 124, 'DAWUHAN', NULL, NULL),
(1596, 124, 'SUMBEREJO', NULL, NULL),
(1597, 124, 'PANDANSARI', NULL, NULL),
(1598, 124, 'NGADIRESO', NULL, NULL),
(1599, 124, 'KARANGANYAR', NULL, NULL),
(1600, 124, 'JAMBESARI', NULL, NULL),
(1601, 124, 'PAJARAN', NULL, NULL),
(1602, 124, 'ARGOSUKO', NULL, NULL),
(1603, 124, 'NGEBRUK', NULL, NULL),
(1604, 124, 'KARANGNONGKO', NULL, NULL),
(1605, 124, 'WONOMULYO', NULL, NULL),
(1606, 124, 'BELUNG', NULL, NULL),
(1607, 124, 'WONOREJO', NULL, NULL),
(1608, 124, 'PONCOKUSUMO', NULL, NULL),
(1609, 124, 'WRINGINANOM', NULL, NULL),
(1610, 124, 'GUBUKKLAKAH', NULL, NULL),
(1611, 124, 'NGADAS', NULL, NULL),
(1612, 125, 'SUMBERPUTIH', NULL, NULL),
(1613, 125, 'WONOAYU', NULL, NULL),
(1614, 125, 'BAMBANG', NULL, NULL),
(1615, 125, 'BRINGIN', NULL, NULL),
(1616, 125, 'DADAPAN', NULL, NULL),
(1617, 125, 'PATOKPICIS', NULL, NULL),
(1618, 125, 'BLAYU', NULL, NULL),
(1619, 125, 'CODO', NULL, NULL),
(1620, 125, 'SUKOLILO', NULL, NULL),
(1621, 125, 'KIDANGBANG', NULL, NULL),
(1622, 125, 'SUKOANYAR', NULL, NULL),
(1623, 125, 'WAJAK', NULL, NULL),
(1624, 125, 'NGEMBAL', NULL, NULL),
(1625, 126, 'KEMULAN', NULL, NULL),
(1626, 126, 'TAWANGREJENI', NULL, NULL),
(1627, 126, 'SAWAHAN', NULL, NULL),
(1628, 126, 'UNDAAN', NULL, NULL),
(1629, 126, 'GEDOG KULON', NULL, NULL),
(1630, 126, 'GEDOG WETAN', NULL, NULL),
(1631, 126, 'TALOK', NULL, NULL),
(1632, 126, 'SEDAYU', NULL, NULL),
(1633, 126, 'TANGGUNG', NULL, NULL),
(1634, 126, 'JERU', NULL, NULL),
(1635, 126, 'TUREN', NULL, NULL),
(1636, 126, 'PAGEDANGAN', NULL, NULL),
(1637, 126, 'SANANKERTO', NULL, NULL),
(1638, 126, 'SANANREJO', NULL, NULL),
(1639, 126, 'KEDOK', NULL, NULL),
(1640, 126, 'TALANGSUKO', NULL, NULL),
(1641, 126, 'TUMPUKRENTENG', NULL, NULL),
(1642, 127, 'SUKONOLO', NULL, NULL),
(1643, 127, 'GADING', NULL, NULL),
(1644, 127, 'KREBET', NULL, NULL),
(1645, 127, 'BAKALAN', NULL, NULL),
(1646, 127, 'SUDIMORO', NULL, NULL),
(1647, 127, 'KASRI', NULL, NULL),
(1648, 127, 'PRINGU', NULL, NULL),
(1649, 127, 'KASEMBON', NULL, NULL),
(1650, 127, 'KUWOLU', NULL, NULL),
(1651, 127, 'KREBET SENGGRONG', NULL, NULL),
(1652, 127, 'LUMBANGSARI', NULL, NULL),
(1653, 127, 'WANDANPURO', NULL, NULL),
(1654, 127, 'BULULAWANG', NULL, NULL),
(1655, 127, 'SEMPALWADAK', NULL, NULL),
(1656, 128, 'SUKOREJO', NULL, NULL),
(1657, 128, 'BULUPITU', NULL, NULL),
(1658, 128, 'SUKOSARI', NULL, NULL),
(1659, 128, 'PANGGUNGREJO', NULL, NULL),
(1660, 128, 'GONDANGLEGI KULON', NULL, NULL),
(1661, 128, 'GONDANGLEGI WETAN', NULL, NULL),
(1662, 128, 'SEPANJANG', NULL, NULL),
(1663, 128, 'PUTAT KIDUL', NULL, NULL),
(1664, 128, 'PUTAT LOR', NULL, NULL),
(1665, 128, 'UREK UREK', NULL, NULL),
(1666, 128, 'KETAWANG', NULL, NULL),
(1667, 128, 'GANJARAN', NULL, NULL),
(1668, 128, 'PUTUKREJO', NULL, NULL),
(1669, 128, 'SUMBERJAYA', NULL, NULL),
(1670, 129, 'KANIGORO', NULL, NULL),
(1671, 129, 'BALEARJO', NULL, NULL),
(1672, 129, 'KADEMANGAN', NULL, NULL),
(1673, 129, 'SUWARU', NULL, NULL),
(1674, 129, 'CLUMPRIT', NULL, NULL),
(1675, 129, 'SIDOREJO', NULL, NULL),
(1676, 129, 'PAGELARAN', NULL, NULL),
(1677, 129, 'BANJAREJO', NULL, NULL),
(1678, 129, 'BRONGKAL', NULL, NULL),
(1679, 129, 'KARANGSUKO', NULL, NULL),
(1680, 130, 'JENGGOLO', NULL, NULL),
(1681, 130, 'SENGGURUH', NULL, NULL),
(1682, 130, 'KEMIRI', NULL, NULL),
(1683, 130, 'TEGALSARI', NULL, NULL),
(1684, 130, 'MANGUNREJO', NULL, NULL),
(1685, 130, 'PANGGUNGREJO', NULL, NULL),
(1686, 130, 'KEDUNGPEDARINGAN', NULL, NULL),
(1687, 130, 'PENARUKAN', NULL, NULL),
(1688, 130, 'CEPOKOMULYO', NULL, NULL),
(1689, 130, 'KEPANJEN', NULL, NULL),
(1690, 130, 'TALANGAGUNG', NULL, NULL),
(1691, 130, 'DILEM', NULL, NULL),
(1692, 130, 'ARDIREJO', NULL, NULL),
(1693, 130, 'SUKORAHARJO', NULL, NULL),
(1694, 130, 'CURUNG REJO', NULL, NULL),
(1695, 130, 'JATIREJOYOSO', NULL, NULL),
(1696, 130, 'NGADILANGKUNG', NULL, NULL),
(1697, 130, 'MOJOSARI', NULL, NULL),
(1698, 131, 'KARANGKATES', NULL, NULL),
(1699, 131, 'SUMBERPUCUNG', NULL, NULL),
(1700, 131, 'JATIGUWI', NULL, NULL),
(1701, 131, 'SAMBIGEDE', NULL, NULL),
(1702, 131, 'SENGGRENG', NULL, NULL),
(1703, 131, 'TERNYANG', NULL, NULL),
(1704, 131, 'NGEBRUK', NULL, NULL),
(1705, 132, 'SLOROK', NULL, NULL),
(1706, 132, 'JATIKERTO', NULL, NULL),
(1707, 132, 'NGADIREJO', NULL, NULL),
(1708, 132, 'KARANGREJO', NULL, NULL),
(1709, 132, 'KROMENGAN', NULL, NULL),
(1710, 132, 'PENIWEN', NULL, NULL),
(1711, 132, 'JAMBUWER', NULL, NULL),
(1712, 133, 'NGAJUM', NULL, NULL),
(1713, 133, 'PALAAN', NULL, NULL),
(1714, 133, 'NGASEM', NULL, NULL),
(1715, 133, 'BANJARSARI', NULL, NULL),
(1716, 133, 'KRANGGAN', NULL, NULL),
(1717, 133, 'KESAMBEN', NULL, NULL),
(1718, 133, 'BABADAN', NULL, NULL),
(1719, 133, 'BALESARI', NULL, NULL),
(1720, 133, 'MAGUAN', NULL, NULL),
(1721, 134, 'KLUWUT', NULL, NULL),
(1722, 134, 'PLANDI', NULL, NULL),
(1723, 134, 'PLAOSAN', NULL, NULL),
(1724, 134, 'KEBOBANG', NULL, NULL),
(1725, 134, 'BANGELAN', NULL, NULL),
(1726, 134, 'SUMBERDEM', NULL, NULL),
(1727, 134, 'SUMBERTEMPUR', NULL, NULL),
(1728, 134, 'WONOSARI', NULL, NULL),
(1729, 135, 'SUMBERSUKO', NULL, NULL),
(1730, 135, 'MENDALANWANGI', NULL, NULL),
(1731, 135, 'SITIREJO', NULL, NULL),
(1732, 135, 'PARANGARGO', NULL, NULL),
(1733, 135, 'GONDOWANGI', NULL, NULL),
(1734, 135, 'PANDANREJO', NULL, NULL),
(1735, 135, 'PETUNGSEWU', NULL, NULL),
(1736, 135, 'SUKODADI', NULL, NULL),
(1737, 135, 'SIDORAHAYU', NULL, NULL),
(1738, 135, 'JEDONG', NULL, NULL),
(1739, 135, 'DALISODO', NULL, NULL),
(1740, 135, 'PANDANLANDUNG', NULL, NULL),
(1741, 136, 'PERMANU', NULL, NULL),
(1742, 136, 'KARANGPANDAN', NULL, NULL),
(1743, 136, 'GLANGGANG', NULL, NULL),
(1744, 136, 'SUTOJAYAN', NULL, NULL),
(1745, 136, 'WONOKERSO', NULL, NULL),
(1746, 136, 'KARANGDUREN', NULL, NULL),
(1747, 136, 'PAKISAJI', NULL, NULL),
(1748, 136, 'JATISARI', NULL, NULL),
(1749, 136, 'WADUNG', NULL, NULL),
(1750, 136, 'GENENGAN', NULL, NULL),
(1751, 136, 'KEBONAGUNG', NULL, NULL),
(1752, 136, 'KENDALPAYAK', NULL, NULL),
(1753, 137, 'TAMBAKASRI', NULL, NULL),
(1754, 137, 'TANGKILSARI', NULL, NULL),
(1755, 137, 'JAMBEARJO', NULL, NULL),
(1756, 137, 'JATISARI', NULL, NULL),
(1757, 137, 'PANDANMULYO', NULL, NULL),
(1758, 137, 'NGAWONGGO', NULL, NULL),
(1759, 137, 'PURWOSEKAR', NULL, NULL),
(1760, 137, 'GUNUNGRONGGO', NULL, NULL),
(1761, 137, 'GUNUNGSARI', NULL, NULL),
(1762, 137, 'TAJINAN', NULL, NULL),
(1763, 137, 'RANDUGADING', NULL, NULL),
(1764, 137, 'SUMBERSUKO', NULL, NULL),
(1765, 138, 'NGINGIT', NULL, NULL),
(1766, 138, 'KIDAL', NULL, NULL),
(1767, 138, 'KAMBINGAN', NULL, NULL),
(1768, 138, 'PANDANAJENG', NULL, NULL),
(1769, 138, 'PULUNGDOWO', NULL, NULL),
(1770, 138, 'BOKOR', NULL, NULL),
(1771, 138, 'SLAMET', NULL, NULL),
(1772, 138, 'WRINGINSONGO', NULL, NULL),
(1773, 138, 'JERU', NULL, NULL),
(1774, 138, 'MALANGSUKO', NULL, NULL),
(1775, 138, 'TUMPANG', NULL, NULL),
(1776, 138, 'TULUSBESAR', NULL, NULL),
(1777, 138, 'BENJOR', NULL, NULL),
(1778, 138, 'DUWET', NULL, NULL),
(1779, 138, 'DUWET KRAJAN', NULL, NULL),
(1780, 139, 'SEKARPURO', NULL, NULL),
(1781, 139, 'AMPELDENTO', NULL, NULL),
(1782, 139, 'SUMBERKRADENAN', NULL, NULL),
(1783, 139, 'KEDUNGREJO', NULL, NULL),
(1784, 139, 'BANJARREJO', NULL, NULL),
(1785, 139, 'PUCANG SONGO', NULL, NULL),
(1786, 139, 'SUKOANYAR', NULL, NULL),
(1787, 139, 'SUMBERPASIR', NULL, NULL),
(1788, 139, 'PAKISKEMBAR', NULL, NULL),
(1789, 139, 'PAKISJAJAR', NULL, NULL),
(1790, 139, 'BUNUTWETAN', NULL, NULL),
(1791, 139, 'ASRIKATON', NULL, NULL),
(1792, 139, 'SAPTORENGGO', NULL, NULL),
(1793, 139, 'MANGLIAWAN', NULL, NULL),
(1794, 139, 'TIRTOMOYO', NULL, NULL),
(1795, 140, 'KENONGO', NULL, NULL),
(1796, 140, 'NGADIREJO', NULL, NULL),
(1797, 140, 'TAJI', NULL, NULL),
(1798, 140, 'PANDANSARI LOR', NULL, NULL),
(1799, 140, 'SUKOPURO', NULL, NULL),
(1800, 140, 'SIDOREJO', NULL, NULL),
(1801, 140, 'SUKOLILO', NULL, NULL),
(1802, 140, 'SIDOMULYO', NULL, NULL),
(1803, 140, 'GADING KEMBAR', NULL, NULL),
(1804, 140, 'KEMANTREN', NULL, NULL),
(1805, 140, 'ARGOSARI', NULL, NULL),
(1806, 140, 'SLAMPAREJO', NULL, NULL),
(1807, 140, 'KEMIRI', NULL, NULL),
(1808, 140, 'JABUNG', NULL, NULL),
(1809, 140, 'GUNUNG JATI', NULL, NULL),
(1810, 141, 'SIDOLUHUR', NULL, NULL),
(1811, 141, 'SRIGADING', NULL, NULL),
(1812, 141, 'SIDODADI', NULL, NULL),
(1813, 141, 'BEDALI', NULL, NULL),
(1814, 141, 'KALIREJO', NULL, NULL),
(1815, 141, 'MULYOARJO', NULL, NULL),
(1816, 141, 'SUMBER NGEPOH', NULL, NULL),
(1817, 141, 'SUMBER PORONG', NULL, NULL),
(1818, 141, 'TURIREJO', NULL, NULL),
(1819, 141, 'LAWANG', NULL, NULL),
(1820, 141, 'KETINDAN', NULL, NULL),
(1821, 141, 'WONOREJO', NULL, NULL),
(1822, 142, 'LANGLANG', NULL, NULL),
(1823, 142, 'TUNJUNGTIRTO', NULL, NULL),
(1824, 142, 'BANJARARUM', NULL, NULL),
(1825, 142, 'WATUGEDE', NULL, NULL),
(1826, 142, 'DENGKOL', NULL, NULL),
(1827, 142, 'WONOREJO', NULL, NULL),
(1828, 142, 'BATURETNO', NULL, NULL),
(1829, 142, 'TAMANHARJO', NULL, NULL),
(1830, 142, 'LOSARI', NULL, NULL),
(1831, 142, 'PAGENTAN', NULL, NULL),
(1832, 142, 'PURWOASRI', NULL, NULL),
(1833, 142, 'KLAMPOK', NULL, NULL),
(1834, 142, 'GUNUNGREJO', NULL, NULL),
(1835, 142, 'CANDIRENGGO', NULL, NULL),
(1836, 142, 'ARDIMULYO', NULL, NULL),
(1837, 142, 'RANDUAGUNG', NULL, NULL),
(1838, 142, 'TOYOMARTO', NULL, NULL),
(1839, 143, 'TEGALGONDO', NULL, NULL),
(1840, 143, 'KEPUHARJO', NULL, NULL),
(1841, 143, 'NGENEP', NULL, NULL),
(1842, 143, 'NGIJO', NULL, NULL),
(1843, 143, 'AMPELDENTO', NULL, NULL),
(1844, 143, 'GIRIMOYO', NULL, NULL),
(1845, 143, 'BOCEK', NULL, NULL),
(1846, 143, 'DONOWARIH', NULL, NULL),
(1847, 143, 'TAWANGARGO', NULL, NULL),
(1848, 144, 'KUCUR', NULL, NULL),
(1849, 144, 'KALISONGO', NULL, NULL),
(1850, 144, 'KARANGWIDORO', NULL, NULL),
(1851, 144, 'PETUNG SEWU', NULL, NULL),
(1852, 144, 'SELOREJO', NULL, NULL),
(1853, 144, 'TEGALWERU', NULL, NULL),
(1854, 144, 'LANDUNGSARI', NULL, NULL),
(1855, 144, 'GADINGKULON', NULL, NULL),
(1856, 144, 'MULYOAGUNG', NULL, NULL),
(1857, 144, 'SUMBERSEKAR', NULL, NULL),
(1858, 145, 'BENDOSARI', NULL, NULL),
(1859, 145, 'SUKOMULYO', NULL, NULL),
(1860, 145, 'PUJON KIDUL', NULL, NULL),
(1861, 145, 'PANDESARI', NULL, NULL),
(1862, 145, 'PUJON LOR', NULL, NULL),
(1863, 145, 'NGROTO', NULL, NULL),
(1864, 145, 'NGABAB', NULL, NULL),
(1865, 145, 'TAWANGSARI', NULL, NULL),
(1866, 145, 'MADIREDO', NULL, NULL),
(1867, 145, 'WIYUREJO', NULL, NULL),
(1868, 146, 'PAGERSARI', NULL, NULL),
(1869, 146, 'SIDODADI', NULL, NULL),
(1870, 146, 'BANJAREJO', NULL, NULL),
(1871, 146, 'PURWOREJO', NULL, NULL),
(1872, 146, 'NGANTRU', NULL, NULL),
(1873, 146, 'BANTUREJO', NULL, NULL),
(1874, 146, 'PANDANSARI', NULL, NULL),
(1875, 146, 'MULYOREJO', NULL, NULL),
(1876, 146, 'SUMBERAGUNG', NULL, NULL),
(1877, 146, 'KAUMREJO', NULL, NULL),
(1878, 146, 'TULUNGREJO', NULL, NULL),
(1879, 146, 'WATUREJO', NULL, NULL),
(1880, 146, 'JOMBOK', NULL, NULL),
(1881, 147, 'PONDOK AGUNG', NULL, NULL),
(1882, 147, 'BAYEM', NULL, NULL),
(1883, 147, 'PAIT', NULL, NULL),
(1884, 147, 'WONOAGUNG', NULL, NULL),
(1885, 147, 'KASEMBON', NULL, NULL),
(1886, 147, 'SUKOSARI', NULL, NULL),
(1887, 148, 'TEGALREJO', NULL, NULL),
(1888, 148, 'BULUREJO', NULL, NULL),
(1889, 148, 'PUROREJO', NULL, NULL),
(1890, 148, 'TEMPURREJO', NULL, NULL),
(1891, 148, 'TEMPURSARI', NULL, NULL),
(1892, 148, 'PUNDUNGSARI', NULL, NULL),
(1893, 148, 'KALIULING', NULL, NULL),
(1894, 149, 'SIDOMULYO', NULL, NULL),
(1895, 149, 'PRONOJIWO', NULL, NULL),
(1896, 149, 'TAMANAYU', NULL, NULL),
(1897, 149, 'SUMBERURIP', NULL, NULL),
(1898, 149, 'ORO ORO OMBO', NULL, NULL),
(1899, 149, 'SUPITURANG', NULL, NULL),
(1900, 150, 'JUGOSARI', NULL, NULL),
(1901, 150, 'JARIT', NULL, NULL),
(1902, 150, 'CANDIPURO', NULL, NULL),
(1903, 150, 'SUMBERREJO', NULL, NULL),
(1904, 150, 'SUMBERWULUH', NULL, NULL),
(1905, 150, 'SUMBERMUJUR', NULL, NULL),
(1906, 150, 'PENANGGAL', NULL, NULL),
(1907, 150, 'TAMBAHREJO', NULL, NULL),
(1908, 150, 'KLOPOSAWIT', NULL, NULL),
(1909, 150, 'TUMPENG', NULL, NULL),
(1910, 151, 'GONDORUSO', NULL, NULL),
(1911, 151, 'KALIBENDO', NULL, NULL),
(1912, 151, 'BADES', NULL, NULL),
(1913, 151, 'BAGO', NULL, NULL),
(1914, 151, 'SELOK AWAR AWAR', NULL, NULL),
(1915, 151, 'CONDRO', NULL, NULL),
(1916, 151, 'MADUREJO', NULL, NULL),
(1917, 151, 'PASIRIAN', NULL, NULL),
(1918, 151, 'SEMEMU', NULL, NULL),
(1919, 151, 'NGUTER', NULL, NULL),
(1920, 151, 'SELOK ANYAR', NULL, NULL),
(1921, 152, 'PANDANARUM', NULL, NULL),
(1922, 152, 'PANDANWANGI', NULL, NULL),
(1923, 152, 'SUMBERJATI', NULL, NULL),
(1924, 152, 'TEMPEH KIDUL', NULL, NULL),
(1925, 152, 'LEMPENI', NULL, NULL),
(1926, 152, 'TEMPEH TENGAH', NULL, NULL),
(1927, 152, 'KALIWUNGU', NULL, NULL),
(1928, 152, 'TEMPEH LOR', NULL, NULL),
(1929, 152, 'BESUK', NULL, NULL),
(1930, 152, 'JATISARI', NULL, NULL),
(1931, 152, 'PULO', NULL, NULL),
(1932, 152, 'GESANG', NULL, NULL),
(1933, 152, 'JOKARTO', NULL, NULL),
(1934, 153, 'BANJARWARU', NULL, NULL),
(1935, 153, 'LABRUK LOR', NULL, NULL),
(1936, 153, 'CITRODIWANGSAN', NULL, NULL),
(1937, 153, 'DITOTRUNAN', NULL, NULL),
(1938, 153, 'JOGOTRUNAN', NULL, NULL),
(1939, 153, 'DENOK', NULL, NULL),
(1940, 153, 'BLUKON', NULL, NULL),
(1941, 153, 'BORENG', NULL, NULL),
(1942, 153, 'JOGOYUDAN', NULL, NULL),
(1943, 153, 'ROGOTRUNAN', NULL, NULL),
(1944, 153, 'TOMPOKERSAN', NULL, NULL),
(1945, 153, 'KEPUHARJO', NULL, NULL),
(1946, 154, 'SUMBERSUKO', NULL, NULL),
(1947, 154, 'KEBONSARI', NULL, NULL),
(1948, 154, 'GRATI', NULL, NULL),
(1949, 154, 'LABRUK KIDUL', NULL, NULL),
(1950, 154, 'MOJOSARI', NULL, NULL),
(1951, 154, 'SENTUL', NULL, NULL),
(1952, 154, 'PURWOSONO', NULL, NULL),
(1953, 154, 'PETAHUNAN', NULL, NULL),
(1954, 155, 'WONOGRIYO', NULL, NULL),
(1955, 155, 'WONOSARI', NULL, NULL),
(1956, 155, 'MANGUNSARI', NULL, NULL),
(1957, 155, 'TEKUNG', NULL, NULL),
(1958, 155, 'WONOKERTO', NULL, NULL),
(1959, 155, 'TUKUM', NULL, NULL),
(1960, 155, 'KARANGBENDO', NULL, NULL),
(1961, 155, 'KLAMPOKARUM', NULL, NULL),
(1962, 156, 'JATIMULYO', NULL, NULL),
(1963, 156, 'JATIREJO', NULL, NULL),
(1964, 156, 'JATIGONO', NULL, NULL),
(1965, 156, 'SUKOREJO', NULL, NULL),
(1966, 156, 'SUKOSARI', NULL, NULL),
(1967, 156, 'KUNIR KIDUL', NULL, NULL),
(1968, 156, 'KUNIR LOR', NULL, NULL),
(1969, 156, 'KEDUNGMORO', NULL, NULL),
(1970, 156, 'KARANGLO', NULL, NULL),
(1971, 156, 'KABUARAN', NULL, NULL),
(1972, 156, 'DOROGOWOK', NULL, NULL),
(1973, 157, 'DARUNGAN', NULL, NULL),
(1974, 157, 'KRATON', NULL, NULL),
(1975, 157, 'WOTGALIH', NULL, NULL),
(1976, 157, 'TUNJUNGREJO', NULL, NULL),
(1977, 157, 'YOSOWILANGUN KIDUL', NULL, NULL),
(1978, 157, 'YOSOWILANGUN LOR', NULL, NULL),
(1979, 157, 'KRAI', NULL, NULL),
(1980, 157, 'KARANGAYAR', NULL, NULL),
(1981, 157, 'KARANGREJO', NULL, NULL),
(1982, 157, 'MUNDER', NULL, NULL),
(1983, 157, 'KEBONSARI', NULL, NULL),
(1984, 157, 'KALIPEPE', NULL, NULL),
(1985, 158, 'NOGOSARI', NULL, NULL),
(1986, 158, 'KEDUNGREJO', NULL, NULL),
(1987, 158, 'SIDOREJO', NULL, NULL),
(1988, 158, 'ROWOKANGKUNG', NULL, NULL),
(1989, 158, 'SUMBERSARI', NULL, NULL),
(1990, 158, 'SUMBERANYAR', NULL, NULL),
(1991, 158, 'DAWUHAN WETAN', NULL, NULL),
(1992, 159, 'BANYUPUTIH KIDUL', NULL, NULL),
(1993, 159, 'ROJOPOLO', NULL, NULL),
(1994, 159, 'SUKOSARI', NULL, NULL),
(1995, 159, 'KALIBOTO KIDUL', NULL, NULL),
(1996, 159, 'KALIBOTO LOR', NULL, NULL),
(1997, 159, 'JATIROTO', NULL, NULL),
(1998, 160, 'BANYUPUTIH LOR', NULL, NULL),
(1999, 160, 'KALIDILEM', NULL, NULL),
(2000, 160, 'TUNJUNG', NULL, NULL),
(2001, 160, 'GEDANGMAS', NULL, NULL),
(2002, 160, 'KALIPENGGUNG', NULL, NULL),
(2003, 160, 'RANULOGONG', NULL, NULL),
(2004, 160, 'RANDUAGUNG', NULL, NULL),
(2005, 160, 'LEDOKTEMPURO', NULL, NULL),
(2006, 160, 'PEJARAKAN', NULL, NULL),
(2007, 160, 'BUWEK', NULL, NULL),
(2008, 160, 'RANUWURUNG', NULL, NULL),
(2009, 160, 'SALAK', NULL, NULL),
(2010, 161, 'KLANTING', NULL, NULL),
(2011, 161, 'KEBONAGUNG', NULL, NULL),
(2012, 161, 'KARANGSARI', NULL, NULL),
(2013, 161, 'DAWUHAN LOR', NULL, NULL),
(2014, 161, 'KUTORENON', NULL, NULL),
(2015, 161, 'SELOKBESUKI', NULL, NULL),
(2016, 161, 'SUMBEREJO', NULL, NULL),
(2017, 161, 'URANGGANTUNG', NULL, NULL),
(2018, 161, 'SELOKGONDANG', NULL, NULL),
(2019, 161, 'BONDOYUDO', NULL, NULL),
(2020, 162, 'BARAT', NULL, NULL),
(2021, 162, 'BABAKAN', NULL, NULL),
(2022, 162, 'MOJO', NULL, NULL),
(2023, 162, 'BODANG', NULL, NULL),
(2024, 162, 'KEDAWUNG', NULL, NULL),
(2025, 162, 'PADANG', NULL, NULL),
(2026, 162, 'KALISEMUT', NULL, NULL),
(2027, 162, 'MERAKAN', NULL, NULL),
(2028, 162, 'TANGGUNG', NULL, NULL),
(2029, 163, 'PASRUJAMBE', NULL, NULL),
(2030, 163, 'JAMBEKUMBU', NULL, NULL),
(2031, 163, 'SUKOREJO', NULL, NULL),
(2032, 163, 'JAMBEARUM', NULL, NULL),
(2033, 163, 'KERTOSARI', NULL, NULL),
(2034, 163, 'PAGOWAN', NULL, NULL),
(2035, 163, 'KARANGANOM', NULL, NULL),
(2036, 164, 'PURWOREJO', NULL, NULL),
(2037, 164, 'SARIKEMUNING', NULL, NULL),
(2038, 164, 'PANDANSARI', NULL, NULL),
(2039, 164, 'SENDURO', NULL, NULL),
(2040, 164, 'BURNO', NULL, NULL),
(2041, 164, 'KANDANGTEPUS', NULL, NULL),
(2042, 164, 'KANDANGAN', NULL, NULL),
(2043, 164, 'BEDAYU', NULL, NULL),
(2044, 164, 'BEDAYUTALANG', NULL, NULL),
(2045, 164, 'WONOCEPOKOAYU', NULL, NULL),
(2046, 164, 'ARGOSARI', NULL, NULL),
(2047, 164, 'RANUPANE', NULL, NULL),
(2048, 165, 'WONOKERTO', NULL, NULL),
(2049, 165, 'PAKEL', NULL, NULL),
(2050, 165, 'KENONGO', NULL, NULL),
(2051, 165, 'GUCIALIT', NULL, NULL),
(2052, 165, 'DADAPAN', NULL, NULL),
(2053, 165, 'KERTOWONO', NULL, NULL),
(2054, 165, 'TUNJUNG', NULL, NULL),
(2055, 165, 'JERUK', NULL, NULL),
(2056, 165, 'SOMBO', NULL, NULL),
(2057, 166, 'PANDANSARI', NULL, NULL),
(2058, 166, 'KRASAK', NULL, NULL),
(2059, 166, 'KEDUNGJAJANG', NULL, NULL),
(2060, 166, 'WONOREJO', NULL, NULL),
(2061, 166, 'UMBUL', NULL, NULL),
(2062, 166, 'CURAHPETUNG', NULL, NULL),
(2063, 166, 'GROBOGAN', NULL, NULL),
(2064, 166, 'BENCE', NULL, NULL),
(2065, 166, 'JATISARI', NULL, NULL),
(2066, 166, 'TEMPURSARI', NULL, NULL),
(2067, 166, 'BANDARAN', NULL, NULL),
(2068, 166, 'SAWARAN KULON', NULL, NULL),
(2069, 167, 'KEBONAN', NULL, NULL),
(2070, 167, 'KUDUS', NULL, NULL),
(2071, 167, 'DUREN', NULL, NULL),
(2072, 167, 'SUMBERWRINGIN', NULL, NULL),
(2073, 167, 'PAPRINGAN', NULL, NULL),
(2074, 167, 'RANUPAKIS', NULL, NULL),
(2075, 167, 'TEGALRANDU', NULL, NULL),
(2076, 167, 'KLAKAH', NULL, NULL),
(2077, 167, 'MLAWANG', NULL, NULL),
(2078, 167, 'SRUNI', NULL, NULL),
(2079, 167, 'TEGALCIUT', NULL, NULL),
(2080, 167, 'SAWARAN LOR', NULL, NULL),
(2081, 168, 'JENGGRONG', NULL, NULL),
(2082, 168, 'MENINJO', NULL, NULL),
(2083, 168, 'TEGALBANGSRI', NULL, NULL),
(2084, 168, 'SUMBERPETUNG', NULL, NULL),
(2085, 168, 'ALUN ALUN', NULL, NULL),
(2086, 168, 'RANUBEDALI', NULL, NULL),
(2087, 168, 'RANUYOSO', NULL, NULL),
(2088, 168, 'WONOAYU', NULL, NULL),
(2089, 168, 'PENAWUNGAN', NULL, NULL),
(2090, 168, 'WATES KULON', NULL, NULL),
(2091, 168, 'WATES WETAN', NULL, NULL),
(2092, 169, 'PASEBAN', NULL, NULL),
(2093, 169, 'CAKRU', NULL, NULL),
(2094, 169, 'KRATON', NULL, NULL),
(2095, 169, 'WONOREJO', NULL, NULL),
(2096, 169, 'KENCONG', NULL, NULL),
(2097, 170, 'KEPANJEN', NULL, NULL),
(2098, 170, 'MAYANGAN', NULL, NULL),
(2099, 170, 'MENAMPU', NULL, NULL),
(2100, 170, 'BAGOREJO', NULL, NULL),
(2101, 170, 'GUMUKMAS', NULL, NULL),
(2102, 170, 'PURWOASRI', NULL, NULL),
(2103, 170, 'TEMBOKREJO', NULL, NULL),
(2104, 170, 'KARANGREJO', NULL, NULL),
(2105, 171, 'MOJOMULYO', NULL, NULL),
(2106, 171, 'MOJOSARI', NULL, NULL),
(2107, 171, 'PUGER KULON', NULL, NULL),
(2108, 171, 'PUGER WETAN', NULL, NULL),
(2109, 171, 'GRENDEN', NULL, NULL),
(2110, 171, 'MLOKOREJO', NULL, NULL),
(2111, 171, 'KASIYAN', NULL, NULL),
(2112, 171, 'KASIYAN TIMUR', NULL, NULL),
(2113, 171, 'WONOSARI', NULL, NULL),
(2114, 171, 'JAMBEARUM', NULL, NULL),
(2115, 171, 'BAGON', NULL, NULL),
(2116, 171, 'WRINGIN TELU', NULL, NULL),
(2117, 172, 'LOJEJER', NULL, NULL),
(2118, 172, 'AMPEL', NULL, NULL),
(2119, 172, 'TANJUNG REJO', NULL, NULL),
(2120, 172, 'KESILIR', NULL, NULL),
(2121, 172, 'DUKUH DEMPOK', NULL, NULL),
(2122, 172, 'TAMANSARI', NULL, NULL),
(2123, 172, 'GLUNDENGAN', NULL, NULL),
(2124, 173, 'SUMBERREJO', NULL, NULL),
(2125, 173, 'ANDONGSARI', NULL, NULL),
(2126, 173, 'SABRANG', NULL, NULL),
(2127, 173, 'AMBULU', NULL, NULL),
(2128, 173, 'PONTANG', NULL, NULL),
(2129, 173, 'KARANG ANYAR', NULL, NULL),
(2130, 173, 'TEGALSARI', NULL, NULL),
(2131, 174, 'ANDONGREJO', NULL, NULL),
(2132, 174, 'CURAHNONGKO', NULL, NULL),
(2133, 174, 'SANENREJO', NULL, NULL),
(2134, 174, 'WONOASRI', NULL, NULL),
(2135, 174, 'SIDODADI', NULL, NULL),
(2136, 174, 'PONDOKREJO', NULL, NULL),
(2137, 174, 'CURAHTAKIR', NULL, NULL),
(2138, 174, 'TEMPUREJO', NULL, NULL),
(2139, 175, 'MULYOREJO', NULL, NULL),
(2140, 175, 'PACE', NULL, NULL),
(2141, 175, 'HARJOMULYO', NULL, NULL),
(2142, 175, 'KARANGHARJO', NULL, NULL),
(2143, 175, 'SILO', NULL, NULL),
(2144, 175, 'SEMPOLAN', NULL, NULL),
(2145, 175, 'SUMBERJATI', NULL, NULL),
(2146, 175, 'GARAHAN', NULL, NULL),
(2147, 175, 'SIDOMULYO', NULL, NULL),
(2148, 176, 'SEPUTIH', NULL, NULL),
(2149, 176, 'SIDOMUKTI', NULL, NULL),
(2150, 176, 'SUMBER KEJAYAN', NULL, NULL),
(2151, 176, 'TEGALREJO', NULL, NULL),
(2152, 176, 'TEGALWARU', NULL, NULL),
(2153, 176, 'MAYANG', NULL, NULL),
(2154, 176, 'MRAWAN', NULL, NULL),
(2155, 177, 'KAWANGREJO', NULL, NULL),
(2156, 177, 'TAMANSARI', NULL, NULL),
(2157, 177, 'SUCO', NULL, NULL),
(2158, 177, 'LAMPEJI', NULL, NULL),
(2159, 177, 'MUMBULSARI', NULL, NULL),
(2160, 177, 'LENGKONG', NULL, NULL),
(2161, 177, 'KARANGKEDAWUNG', NULL, NULL),
(2162, 178, 'KEMUNING SARI KIDUL', NULL, NULL),
(2163, 178, 'KERTONEGORO', NULL, NULL),
(2164, 178, 'JATISARI', NULL, NULL),
(2165, 178, 'SRUNI', NULL, NULL),
(2166, 178, 'CANGKRING', NULL, NULL),
(2167, 178, 'WONOJATI', NULL, NULL),
(2168, 178, 'JENGGAWAH', NULL, NULL),
(2169, 179, 'MANGARAN', NULL, NULL),
(2170, 179, 'SUKAMAKMUR', NULL, NULL),
(2171, 179, 'KLOMPANGAN', NULL, NULL),
(2172, 179, 'PANCAKARYA', NULL, NULL),
(2173, 179, 'AJUNG', NULL, NULL),
(2174, 179, 'WIROWONGSO', NULL, NULL),
(2175, 179, 'ROWO INDAH', NULL, NULL),
(2176, 180, 'CURAHMALANG', NULL, NULL),
(2177, 180, 'NOGOSARI', NULL, NULL),
(2178, 180, 'ROWOTAMTU', NULL, NULL),
(2179, 180, 'PECORO', NULL, NULL),
(2180, 180, 'RAMBIPUJI', NULL, NULL),
(2181, 180, 'KALIWINING', NULL, NULL),
(2182, 180, 'RAMBIGUNDAM', NULL, NULL),
(2183, 180, 'GUGUT', NULL, NULL),
(2184, 181, 'KARANG DUREN', NULL, NULL),
(2185, 181, 'KARANG SEMANDING', NULL, NULL),
(2186, 181, 'TUTUL', NULL, NULL),
(2187, 181, 'BALUNG KULON', NULL, NULL),
(2188, 181, 'BALUNG KIDUL', NULL, NULL),
(2189, 181, 'BALUNG LOR', NULL, NULL),
(2190, 181, 'GUMELAR', NULL, NULL),
(2191, 181, 'CURAHLELE', NULL, NULL),
(2192, 182, 'SUKORENO', NULL, NULL),
(2193, 182, 'GUNUNGSARI', NULL, NULL),
(2194, 182, 'UMBULSARI', NULL, NULL),
(2195, 182, 'TANJUNGSARI', NULL, NULL),
(2196, 182, 'PALERAN', NULL, NULL),
(2197, 182, 'UMBULREJO', NULL, NULL),
(2198, 182, 'GADINGREJO', NULL, NULL),
(2199, 182, 'SIDOREJO', NULL, NULL),
(2200, 182, 'TEGALWANGI', NULL, NULL),
(2201, 182, 'MUNDUREJO', NULL, NULL),
(2202, 183, 'REJO AGUNG', NULL, NULL),
(2203, 183, 'SEMBORO', NULL, NULL),
(2204, 183, 'SIDOMEKAR', NULL, NULL),
(2205, 183, 'SIDOMULYO', NULL, NULL),
(2206, 183, 'PONDOK JOYO', NULL, NULL),
(2207, 183, 'PONDOK DALEM', NULL, NULL),
(2208, 184, 'KETING', NULL, NULL),
(2209, 184, 'JOMBANG', NULL, NULL),
(2210, 184, 'PADOMASAN', NULL, NULL),
(2211, 184, 'NGAMPELREJO', NULL, NULL),
(2212, 184, 'WRINGIN AGUNG', NULL, NULL),
(2213, 184, 'SARIMULYO', NULL, NULL),
(2214, 185, 'SUMBER AGUNG', NULL, NULL),
(2215, 185, 'ROWO TENGAH', NULL, NULL),
(2216, 185, 'YOSORATI', NULL, NULL),
(2217, 185, 'PRINGGOWIRAWAN', NULL, NULL),
(2218, 185, 'KARANG BAYAT', NULL, NULL),
(2219, 185, 'GELANG', NULL, NULL),
(2220, 185, 'JATIROTO', NULL, NULL),
(2221, 185, 'JAMINTORO', NULL, NULL),
(2222, 185, 'KALIGLAGAH', NULL, NULL),
(2223, 185, 'JAMBESARI', NULL, NULL),
(2224, 186, 'TANGGUL KULON', NULL, NULL),
(2225, 186, 'TANGGUL WETAN', NULL, NULL),
(2226, 186, 'KLATAKAN', NULL, NULL),
(2227, 186, 'SELODAKON', NULL, NULL),
(2228, 186, 'DARUNGAN', NULL, NULL),
(2229, 186, 'MANGGISAN', NULL, NULL),
(2230, 186, 'PATEMON', NULL, NULL),
(2231, 186, 'KRAMAT SUKOHARJO', NULL, NULL),
(2232, 187, 'KARANGSONO', NULL, NULL),
(2233, 187, 'SUKOREJO', NULL, NULL),
(2234, 187, 'PETUNG', NULL, NULL),
(2235, 187, 'TISNOGAMBAR', NULL, NULL),
(2236, 187, 'LANGKAP', NULL, NULL),
(2237, 187, 'BANGSALSARI', NULL, NULL),
(2238, 187, 'GAMBIRONO', NULL, NULL),
(2239, 187, 'CURAH KALONG', NULL, NULL),
(2240, 187, 'TUGUSARI', NULL, NULL),
(2241, 187, 'BANJARSARI', NULL, NULL),
(2242, 187, 'BADEAN', NULL, NULL),
(2243, 188, 'KEMUNINGSARI LOR', NULL, NULL),
(2244, 188, 'GLAGAHWERO', NULL, NULL),
(2245, 188, 'SERUT', NULL, NULL),
(2246, 188, 'PANTI', NULL, NULL),
(2247, 188, 'PAKIS', NULL, NULL),
(2248, 188, 'SUCI', NULL, NULL),
(2249, 188, 'KEMIRI', NULL, NULL),
(2250, 189, 'JUBUNG', NULL, NULL),
(2251, 189, 'DUKUH MENCEK', NULL, NULL),
(2252, 189, 'SUKORAMBI', NULL, NULL),
(2253, 189, 'KARANGPRING', NULL, NULL),
(2254, 189, 'KELUNGKUNG', NULL, NULL),
(2255, 190, 'KEMUNINGLLOR', NULL, NULL),
(2256, 190, 'DARSONO', NULL, NULL),
(2257, 190, 'ARJASA', NULL, NULL),
(2258, 190, 'BITING', NULL, NULL),
(2259, 190, 'CANDIJATI', NULL, NULL),
(2260, 190, 'KAMAL', NULL, NULL),
(2261, 191, 'KERTOSARI', NULL, NULL),
(2262, 191, 'PAKUSARI', NULL, NULL),
(2263, 191, 'JATIAN', NULL, NULL),
(2264, 191, 'SUBO', NULL, NULL),
(2265, 191, 'SUMBER PINANG', NULL, NULL),
(2266, 191, 'BEDADUNG', NULL, NULL),
(2267, 191, 'PATEMON', NULL, NULL),
(2268, 192, 'GAMBIRAN', NULL, NULL),
(2269, 192, 'PLALANGAN', NULL, NULL),
(2270, 192, 'AJUNG', NULL, NULL),
(2271, 192, 'GLAGAHWERO', NULL, NULL),
(2272, 192, 'SUMBER JERUK', NULL, NULL),
(2273, 192, 'GUMUKSARI', NULL, NULL),
(2274, 192, 'PATEMPURAN', NULL, NULL),
(2275, 192, 'KALISAT', NULL, NULL),
(2276, 192, 'SUMBER KETEMPAH', NULL, NULL),
(2277, 192, 'SUKORENO', NULL, NULL),
(2278, 192, 'SUMBER KALONG', NULL, NULL),
(2279, 192, 'SEBANEN', NULL, NULL),
(2280, 193, 'SUREN', NULL, NULL),
(2281, 193, 'SUMBER SALAK', NULL, NULL),
(2282, 193, 'SUMBER BULUS', NULL, NULL),
(2283, 193, 'SUMBER LESUNG', NULL, NULL),
(2284, 193, 'LEMBENGAN', NULL, NULL),
(2285, 193, 'SUMBER ANGET', NULL, NULL),
(2286, 193, 'LEDOKOMBO', NULL, NULL),
(2287, 193, 'SLATENG', NULL, NULL),
(2288, 193, 'SUKOGIDRI', NULL, NULL),
(2289, 193, 'KARANG PAITON', NULL, NULL),
(2290, 194, 'RANDU AGUNG', NULL, NULL),
(2291, 194, 'CUMEDAK', NULL, NULL),
(2292, 194, 'GUNUNG MALANG', NULL, NULL),
(2293, 194, 'ROWOSARI', NULL, NULL),
(2294, 194, 'SUMBERJAMBE', NULL, NULL),
(2295, 194, 'SUMBER PAKEM', NULL, NULL),
(2296, 194, 'PLEREYAN', NULL, NULL),
(2297, 194, 'PRINGGONDANI', NULL, NULL),
(2298, 194, 'JAMBE ARUM', NULL, NULL),
(2299, 195, 'SUMBERWARU', NULL, NULL),
(2300, 195, 'SUKOREJO', NULL, NULL),
(2301, 195, 'SUKOSARI', NULL, NULL),
(2302, 195, 'BALET BARU', NULL, NULL),
(2303, 195, 'SUMBER WRINGIN', NULL, NULL),
(2304, 195, 'MOJOGEMI', NULL, NULL),
(2305, 195, 'SUKOKERTO', NULL, NULL),
(2306, 195, 'SUKOWONO', NULL, NULL),
(2307, 195, 'DAWUHAN MANGLI', NULL, NULL),
(2308, 195, 'ARJASA', NULL, NULL),
(2309, 195, 'SUMBERDANTI', NULL, NULL),
(2310, 195, 'POCANGAN', NULL, NULL),
(2311, 196, 'PANDUMAN', NULL, NULL),
(2312, 196, 'JELBUK', NULL, NULL),
(2313, 196, 'SUKOWIRYO', NULL, NULL),
(2314, 196, 'SUGER KIDUL', NULL, NULL),
(2315, 196, 'SUKO JEMBER', NULL, NULL),
(2316, 196, 'SUCO PANGEPOK', NULL, NULL),
(2317, 197, 'MANGLI', NULL, NULL),
(2318, 197, 'SEMPUSARI', NULL, NULL),
(2319, 197, 'KALIWATES', NULL, NULL),
(2320, 197, 'TEGAL BESAR', NULL, NULL),
(2321, 197, 'JEMBER KIDUL', NULL, NULL),
(2322, 197, 'KEPATIHAN', NULL, NULL),
(2323, 197, 'KEBON AGUNG', NULL, NULL),
(2324, 198, 'KERANJINGAN', NULL, NULL),
(2325, 198, 'WIROLEGI', NULL, NULL),
(2326, 198, 'KARANGREJO', NULL, NULL),
(2327, 198, 'KEBONSARI', NULL, NULL),
(2328, 198, 'SUMBERSARI', NULL, NULL),
(2329, 198, 'TEGAL GEDE', NULL, NULL),
(2330, 198, 'ANTIROGO', NULL, NULL),
(2331, 199, 'GEBANG', NULL, NULL),
(2332, 199, 'JEMBER LOR', NULL, NULL),
(2333, 199, 'PATRANG', NULL, NULL),
(2334, 199, 'BARATAN', NULL, NULL),
(2335, 199, 'BINTORO', NULL, NULL),
(2336, 199, 'SLAWU', NULL, NULL),
(2337, 199, 'JUMERTO', NULL, NULL),
(2338, 199, 'BANJAR SENGON', NULL, NULL),
(2339, 200, 'SARONGAN', NULL, NULL),
(2340, 200, 'KANDANGAN', NULL, NULL),
(2341, 200, 'SUMBERAGUNG', NULL, NULL),
(2342, 200, 'PESANGGARAN', NULL, NULL),
(2343, 200, 'SUMBERMULYO', NULL, NULL),
(2344, 201, 'BULUAGUNG', NULL, NULL),
(2345, 201, 'SILIRAGUNG', NULL, NULL),
(2346, 201, 'SENEPOREJO', NULL, NULL),
(2347, 201, 'KESILIR', NULL, NULL),
(2348, 201, 'BARUREJO', NULL, NULL),
(2349, 202, 'SUKOREJO', NULL, NULL),
(2350, 202, 'RINGINTELU', NULL, NULL),
(2351, 202, 'SAMBIREJO', NULL, NULL),
(2352, 202, 'SAMBIMULYO', NULL, NULL),
(2353, 202, 'TEMUREJO', NULL, NULL),
(2354, 202, 'BANGOREJO', NULL, NULL),
(2355, 202, 'KEBONDALEM', NULL, NULL),
(2356, 203, 'GRAJAGAN', NULL, NULL),
(2357, 203, 'SUMBERASRI', NULL, NULL),
(2358, 203, 'GLAGAHAGUNG', NULL, NULL),
(2359, 203, 'KARETAN', NULL, NULL),
(2360, 203, 'BULUREJO', NULL, NULL),
(2361, 203, 'PURWOHARJO', NULL, NULL),
(2362, 203, 'SIDOREJO', NULL, NULL),
(2363, 203, 'KRADENAN', NULL, NULL),
(2364, 204, 'PURWOASRI', NULL, NULL),
(2365, 204, 'KENDALREJO', NULL, NULL),
(2366, 204, 'KEDUNGASRI', NULL, NULL),
(2367, 204, 'KEDUNGWUNGU', NULL, NULL),
(2368, 204, 'TEGALDLIMO', NULL, NULL),
(2369, 204, 'WRINGINPITU', NULL, NULL),
(2370, 204, 'KEDUNGGEBANG', NULL, NULL),
(2371, 204, 'PURWOAGUNG', NULL, NULL),
(2372, 204, 'KALIPAIT', NULL, NULL),
(2373, 205, 'SUMBERBERAS', NULL, NULL),
(2374, 205, 'WRINGIN PUTIH', NULL, NULL),
(2375, 205, 'KEDUNGRINGIN', NULL, NULL),
(2376, 205, 'TAMBAKREJO', NULL, NULL),
(2377, 205, 'TAPANREJO', NULL, NULL),
(2378, 205, 'BLAMBANGAN', NULL, NULL),
(2379, 205, 'KEDUNGREJO', NULL, NULL),
(2380, 205, 'TEMBOKREJO', NULL, NULL),
(2381, 205, 'SUMBERSEWU', NULL, NULL),
(2382, 205, 'KUMENDUNG', NULL, NULL),
(2383, 206, 'SEMBULUNG', NULL, NULL),
(2384, 206, 'TAMPO', NULL, NULL),
(2385, 206, 'PLAMPANGREJO', NULL, NULL),
(2386, 206, 'KALIPLOSO', NULL, NULL),
(2387, 206, 'BENCULUK', NULL, NULL),
(2388, 206, 'CLURING', NULL, NULL),
(2389, 206, 'TAMANAGUNG', NULL, NULL),
(2390, 206, 'SRATEN', NULL, NULL),
(2391, 206, 'SARIMULYO', NULL, NULL),
(2392, 207, 'PURWODADI', NULL, NULL),
(2393, 207, 'JAJAG', NULL, NULL),
(2394, 207, 'WRINGIN AGUNG', NULL, NULL),
(2395, 207, 'WRINGINREJO', NULL, NULL),
(2396, 207, 'YOSOMULYO', NULL, NULL),
(2397, 207, 'GAMBIRAN', NULL, NULL),
(2398, 208, 'KARANGDORO', NULL, NULL),
(2399, 208, 'KARANGMULYO', NULL, NULL),
(2400, 208, 'TEGALSARI', NULL, NULL),
(2401, 208, 'DASRI', NULL, NULL),
(2402, 208, 'TAMANSARI', NULL, NULL),
(2403, 208, 'TEGALREJO', NULL, NULL),
(2404, 209, 'KARANGHARJO', NULL, NULL),
(2405, 209, 'TULUNGREJO', NULL, NULL),
(2406, 209, 'SUMBERGONDO', NULL, NULL),
(2407, 209, 'BUMIHARJO', NULL, NULL),
(2408, 209, 'SEPANJANG', NULL, NULL),
(2409, 209, 'TEGALHARJO', NULL, NULL),
(2410, 209, 'MARGOMULYO', NULL, NULL),
(2411, 210, 'KEBONREJO', NULL, NULL),
(2412, 210, 'KALIBARU MANIS', NULL, NULL),
(2413, 210, 'BANYUANYAR', NULL, NULL),
(2414, 210, 'KALIBARU KULON', NULL, NULL),
(2415, 210, 'KALIBARU WETAN', NULL, NULL),
(2416, 210, 'KAJARHARJO', NULL, NULL),
(2417, 211, 'KALIGONDO', NULL, NULL),
(2418, 211, 'SETAIL', NULL, NULL),
(2419, 211, 'GENTENG KULON', NULL, NULL),
(2420, 211, 'GENTENG WETAN', NULL, NULL),
(2421, 211, 'KEMBIRITAN', NULL, NULL),
(2422, 212, 'SUMBERSARI', NULL, NULL),
(2423, 212, 'KEPUNDUNGAN', NULL, NULL),
(2424, 212, 'KEBAMAN', NULL, NULL),
(2425, 212, 'SUKONATAR', NULL, NULL),
(2426, 212, 'BAGOREJO', NULL, NULL),
(2427, 212, 'REJOAGUNG', NULL, NULL),
(2428, 212, 'WONOSOBO', NULL, NULL),
(2429, 212, 'SUKOMAJU', NULL, NULL),
(2430, 212, 'PARIJATAH WETAN', NULL, NULL),
(2431, 212, 'PARIJATAH KULON', NULL, NULL),
(2432, 213, 'ALIYAN', NULL, NULL),
(2433, 213, 'MANGIR', NULL, NULL),
(2434, 213, 'GLADAG', NULL, NULL),
(2435, 213, 'BUBUK', NULL, NULL),
(2436, 213, 'KEDALEMAN', NULL, NULL),
(2437, 213, 'LEMAHBANG DEWO', NULL, NULL),
(2438, 213, 'ROGOJAMPI', NULL, NULL),
(2439, 213, 'KARANG BENDO', NULL, NULL),
(2440, 213, 'GITIK', NULL, NULL),
(2441, 213, 'PENGANTIGAN', NULL, NULL),
(2442, 214, 'KALIGUNG', NULL, NULL),
(2443, 214, 'KARANGREJO', NULL, NULL),
(2444, 214, 'BOMO', NULL, NULL),
(2445, 214, 'GINTANGAN', NULL, NULL),
(2446, 214, 'KAOTAN', NULL, NULL),
(2447, 214, 'WATUKEBO', NULL, NULL),
(2448, 214, 'PATOMAN', NULL, NULL),
(2449, 214, 'BLIMBINGSARI', NULL, NULL),
(2450, 214, 'BADEAN', NULL, NULL),
(2451, 214, 'SUKOJATI', NULL, NULL),
(2452, 215, 'BARENG', NULL, NULL),
(2453, 215, 'BUNDER', NULL, NULL),
(2454, 215, 'GOMBOLIRANG', NULL, NULL),
(2455, 215, 'BENELAN LOR', NULL, NULL),
(2456, 215, 'LABANASEM', NULL, NULL),
(2457, 215, 'PAKISTAJI', NULL, NULL),
(2458, 215, 'PONDOKNONGKO', NULL, NULL),
(2459, 215, 'DADAPAN', NULL, NULL),
(2460, 215, 'KEDAYUNAN', NULL, NULL),
(2461, 215, 'KABAT', NULL, NULL),
(2462, 215, 'MACAN PUTIH', NULL, NULL),
(2463, 215, 'TAMBONG', NULL, NULL),
(2464, 215, 'PENDARUNGAN', NULL, NULL),
(2465, 215, 'KALIREJO', NULL, NULL),
(2466, 216, 'GAMBOR', NULL, NULL),
(2467, 216, 'SINGOJURUH', NULL, NULL),
(2468, 216, 'ALAS MALANG', NULL, NULL),
(2469, 216, 'BENELAN KIDUL', NULL, NULL),
(2470, 216, 'LEMAHBANG KULON', NULL, NULL),
(2471, 216, 'SINGOLATREN', NULL, NULL),
(2472, 216, 'PADANG', NULL, NULL),
(2473, 216, 'CANTUK', NULL, NULL),
(2474, 216, 'GUMIRIH', NULL, NULL),
(2475, 216, 'KEMIRI', NULL, NULL),
(2476, 216, 'SUMBER BARU', NULL, NULL),
(2477, 217, 'SEMPU', NULL, NULL),
(2478, 217, 'TEGALARUM', NULL, NULL),
(2479, 217, 'JAMBEWANGI', NULL, NULL),
(2480, 217, 'TEMUASRI', NULL, NULL),
(2481, 217, 'KARANGSARI', NULL, NULL),
(2482, 217, 'TEMUGURUH', NULL, NULL),
(2483, 217, 'GENDOH', NULL, NULL),
(2484, 218, 'BEDEWANG', NULL, NULL),
(2485, 218, 'BALAK', NULL, NULL),
(2486, 218, 'BANGUNSARI', NULL, NULL),
(2487, 218, 'SONGGON', NULL, NULL),
(2488, 218, 'PARANGHARJO', NULL, NULL),
(2489, 218, 'SRAGI', NULL, NULL),
(2490, 218, 'SUMBER ARUM', NULL, NULL),
(2491, 218, 'SUMBER BULU', NULL, NULL),
(2492, 218, 'BAYU', NULL, NULL),
(2493, 219, 'PASPAN', NULL, NULL),
(2494, 219, 'GLAGAH', NULL, NULL),
(2495, 219, 'OLEHSARI', NULL, NULL),
(2496, 219, 'REJOSARI', NULL, NULL),
(2497, 219, 'BAKUNGAN', NULL, NULL),
(2498, 219, 'BANJARSARI', NULL, NULL),
(2499, 219, 'KEMIREN', NULL, NULL),
(2500, 219, 'TAMANSURUH', NULL, NULL),
(2501, 219, 'KENJO', NULL, NULL),
(2502, 219, 'KAMPUNGANYAR', NULL, NULL),
(2503, 220, 'PAKEL', NULL, NULL),
(2504, 220, 'KLUNCING', NULL, NULL),
(2505, 220, 'SEGOBANG', NULL, NULL),
(2506, 220, 'JELUN', NULL, NULL),
(2507, 220, 'GUMUK', NULL, NULL),
(2508, 220, 'BANJAR', NULL, NULL),
(2509, 220, 'LICIN', NULL, NULL),
(2510, 220, 'TAMANSARI', NULL, NULL),
(2511, 221, 'PAKIS', NULL, NULL),
(2512, 221, 'SOBO', NULL, NULL),
(2513, 221, 'KEBALENAN', NULL, NULL),
(2514, 221, 'PENGANJURAN', NULL, NULL),
(2515, 221, 'TUKANGKAYU', NULL, NULL),
(2516, 221, 'KERTOSARI', NULL, NULL),
(2517, 221, 'KARANGREJO', NULL, NULL),
(2518, 221, 'KEPATIHAN', NULL, NULL),
(2519, 221, 'PANDEREJO', NULL, NULL),
(2520, 221, 'SINGONEGARAN', NULL, NULL),
(2521, 221, 'TEMENGGUNGAN', NULL, NULL),
(2522, 221, 'KAMPUNG MELAYU', NULL, NULL),
(2523, 221, 'KAMPUNGMANDAR', NULL, NULL),
(2524, 221, 'LATENG', NULL, NULL),
(2525, 221, 'SINGOTRUNAN', NULL, NULL),
(2526, 221, 'PENGANTIGAN', NULL, NULL),
(2527, 221, 'SUMBERREJO', NULL, NULL),
(2528, 221, 'TAMAN BARU', NULL, NULL),
(2529, 222, 'JAMBESARI', NULL, NULL),
(2530, 222, 'BOYOLANGU', NULL, NULL),
(2531, 222, 'MOJOPANGGUNG', NULL, NULL),
(2532, 222, 'PENATABAN', NULL, NULL),
(2533, 222, 'GIRI', NULL, NULL),
(2534, 222, 'GROGOL', NULL, NULL),
(2535, 223, 'BULUSARI', NULL, NULL),
(2536, 223, 'PESUCEN', NULL, NULL),
(2537, 223, 'TELEMUNG', NULL, NULL),
(2538, 223, 'KELIR', NULL, NULL),
(2539, 223, 'KALIPURO', NULL, NULL),
(2540, 223, 'KLATAK', NULL, NULL),
(2541, 223, 'KETAPANG', NULL, NULL),
(2542, 223, 'GOMBENG SARI', NULL, NULL),
(2543, 223, 'BULUSAN', NULL, NULL),
(2544, 224, 'BANGSRING', NULL, NULL),
(2545, 224, 'BENGKAK', NULL, NULL),
(2546, 224, 'ALASBULU', NULL, NULL),
(2547, 224, 'WONGSOREJO', NULL, NULL),
(2548, 224, 'ALASREJO', NULL, NULL),
(2549, 224, 'SUMBERKENCONO', NULL, NULL),
(2550, 224, 'SIDOWANGI', NULL, NULL),
(2551, 224, 'SIDODADI', NULL, NULL),
(2552, 224, 'BAJULMATI', NULL, NULL),
(2553, 224, 'WATUKEBO', NULL, NULL),
(2554, 224, 'SUMBERANYAR', NULL, NULL),
(2555, 224, 'BIMOREJO', NULL, NULL),
(2556, 225, 'SUCOLOR', NULL, NULL),
(2557, 225, 'PUJERBARU', NULL, NULL),
(2558, 225, 'TANAHWULAN', NULL, NULL),
(2559, 225, 'MAESAN', NULL, NULL),
(2560, 225, 'GAMBANGAN', NULL, NULL),
(2561, 225, 'SUGER LOR', NULL, NULL),
(2562, 225, 'SUMBERPAKEM', NULL, NULL),
(2563, 225, 'SUMBERSARI', NULL, NULL),
(2564, 225, 'SUMBERANYAR', NULL, NULL),
(2565, 225, 'PENANGGUNGAN', NULL, NULL),
(2566, 225, 'PAKUNIRAN', NULL, NULL),
(2567, 225, 'GUNUNGSARI', NULL, NULL),
(2568, 226, 'SUMBERPANDAN', NULL, NULL),
(2569, 226, 'PEKAUMAN', NULL, NULL),
(2570, 226, 'WANISODO', NULL, NULL),
(2571, 226, 'DAWUHAN', NULL, NULL),
(2572, 226, 'KABUARAN', NULL, NULL),
(2573, 226, 'WONOSARI', NULL, NULL),
(2574, 226, 'DADAPAN', NULL, NULL),
(2575, 226, 'TAMAN', NULL, NULL),
(2576, 226, 'TEGALMIJIN', NULL, NULL),
(2577, 226, 'GRUJUGAN KIDUL', NULL, NULL),
(2578, 226, 'KEJAWAN', NULL, NULL),
(2579, 227, 'SUKOSARI', NULL, NULL),
(2580, 227, 'KARANGMELOK', NULL, NULL),
(2581, 227, 'MENGEN', NULL, NULL),
(2582, 227, 'KEMIRIAN', NULL, NULL),
(2583, 227, 'TAMANAN', NULL, NULL),
(2584, 227, 'WONOSUKO', NULL, NULL),
(2585, 227, 'KALIANYAR', NULL, NULL),
(2586, 227, 'SUMBERKEMUNING', NULL, NULL),
(2587, 227, 'SUMBERANOM', NULL, NULL),
(2588, 228, 'SUMBERJERUK', NULL, NULL),
(2589, 228, 'PUCANG ANOM', NULL, NULL),
(2590, 228, 'JAMBEANOM', NULL, NULL),
(2591, 228, 'JAMBESARI', NULL, NULL),
(2592, 228, 'PEJAGAN', NULL, NULL),
(2593, 228, 'GRUJUGAN LOR', NULL, NULL),
(2594, 228, 'TEGALPASIR', NULL, NULL),
(2595, 228, 'PENGARANG', NULL, NULL),
(2596, 228, 'SUMBER ANYAR', NULL, NULL),
(2597, 229, 'SUKOKERTO', NULL, NULL),
(2598, 229, 'SUKOWONO', NULL, NULL),
(2599, 229, 'MASKUNING WETAN', NULL, NULL),
(2600, 229, 'MASKUNING KULON', NULL, NULL),
(2601, 229, 'ALASSUMUR', NULL, NULL),
(2602, 229, 'MENGOK', NULL, NULL),
(2603, 229, 'KEJAYAN', NULL, NULL),
(2604, 229, 'MANGLI', NULL, NULL),
(2605, 229, 'RANDUCANGKRING', NULL, NULL),
(2606, 229, 'PADASAN', NULL, NULL),
(2607, 229, 'SUKODONO', NULL, NULL),
(2608, 230, 'PAKISAN', NULL, NULL),
(2609, 230, 'TLOGOSARI', NULL, NULL),
(2610, 230, 'KEMBANG', NULL, NULL),
(2611, 230, 'GUNOSARI', NULL, NULL),
(2612, 230, 'TROTOSARI', NULL, NULL),
(2613, 230, 'SULEK', NULL, NULL),
(2614, 230, 'JEBUNG KIDUL', NULL, NULL),
(2615, 230, 'JEBUNG LOR', NULL, NULL),
(2616, 230, 'PATEMON', NULL, NULL),
(2617, 230, 'BRAMBANG DARUSSALAM', NULL, NULL),
(2618, 231, 'PECALONGAN', NULL, NULL),
(2619, 231, 'NOGOSARI', NULL, NULL),
(2620, 231, 'SUKOSARI LOR', NULL, NULL),
(2621, 231, 'KERANG', NULL, NULL),
(2622, 232, 'SUKOSARI KIDUL', NULL, NULL),
(2623, 232, 'TEGAL JATI', NULL, NULL),
(2624, 232, 'REJO AGUNG', NULL, NULL),
(2625, 232, 'SUKOREJO', NULL, NULL),
(2626, 232, 'SUMBER GADING', NULL, NULL),
(2627, 232, 'SUMBERWRINGIN', NULL, NULL),
(2628, 233, 'WONOKUSUMO', NULL, NULL),
(2629, 233, 'MANGLI WETAN', NULL, NULL),
(2630, 233, 'GUNUNGANYAR', NULL, NULL),
(2631, 233, 'JURANGSAPI', NULL, NULL),
(2632, 233, 'CINDOGO', NULL, NULL),
(2633, 233, 'KALITAPEN', NULL, NULL),
(2634, 233, 'MRAWAN', NULL, NULL),
(2635, 233, 'TAAL', NULL, NULL),
(2636, 233, 'TAPEN', NULL, NULL),
(2637, 234, 'LOMBOK KULON', NULL, NULL),
(2638, 234, 'LOMBOK WETAN', NULL, NULL),
(2639, 234, 'TUMPENG', NULL, NULL),
(2640, 234, 'JUMPONG', NULL, NULL),
(2641, 234, 'TANGSIL WETAN', NULL, NULL),
(2642, 234, 'PASAREJO', NULL, NULL),
(2643, 234, 'BENDOARUM', NULL, NULL),
(2644, 234, 'KAPURAN', NULL, NULL),
(2645, 234, 'SUMBERKALONG', NULL, NULL),
(2646, 234, 'TRAKTAKAN', NULL, NULL),
(2647, 234, 'WONOSARI', NULL, NULL),
(2648, 234, 'PELALANGAN', NULL, NULL),
(2649, 235, 'KONCER KIDUL', NULL, NULL),
(2650, 235, 'SUMBERSALAM', NULL, NULL),
(2651, 235, 'PEKALANGAN', NULL, NULL),
(2652, 235, 'KASEMEK', NULL, NULL),
(2653, 235, 'LOJAJAR', NULL, NULL),
(2654, 235, 'KAJAR', NULL, NULL),
(2655, 235, 'BATAAN', NULL, NULL),
(2656, 235, 'GEBANG', NULL, NULL),
(2657, 235, 'DAWUHAN', NULL, NULL),
(2658, 235, 'TENGGARANG', NULL, NULL),
(2659, 235, 'TANGSIL KULON', NULL, NULL),
(2660, 235, 'KONCER DARUL AMAN', NULL, NULL),
(2661, 236, 'PANCORAN', NULL, NULL),
(2662, 236, 'SUKOWIRYO', NULL, NULL),
(2663, 236, 'KEMBANG', NULL, NULL),
(2664, 236, 'NANGKAAN', NULL, NULL),
(2665, 236, 'TAMANSARI', NULL, NULL),
(2666, 236, 'DABASAH', NULL, NULL),
(2667, 236, 'BADEAN', NULL, NULL),
(2668, 236, 'KOTAKULON', NULL, NULL),
(2669, 236, 'BLINDUNGAN', NULL, NULL),
(2670, 236, 'KADEMANGAN', NULL, NULL),
(2671, 236, 'PEJATEN', NULL, NULL),
(2672, 237, 'JETIS', NULL, NULL),
(2673, 237, 'PAKUWESI', NULL, NULL),
(2674, 237, 'KUPANG', NULL, NULL),
(2675, 237, 'PETUNG', NULL, NULL),
(2676, 237, 'PENAMBANGAN', NULL, NULL),
(2677, 237, 'CURAHPOH', NULL, NULL),
(2678, 237, 'CURAHDAMI', NULL, NULL),
(2679, 237, 'PONCOGATI', NULL, NULL),
(2680, 237, 'SUMBERSUKO', NULL, NULL),
(2681, 237, 'SILOLEMBU', NULL, NULL),
(2682, 237, 'LOCARE', NULL, NULL),
(2683, 237, 'SUMBER SALAK', NULL, NULL),
(2684, 238, 'GADINGSARI', NULL, NULL),
(2685, 238, 'BINAKAL', NULL, NULL),
(2686, 238, 'SUMBER WARU', NULL, NULL),
(2687, 238, 'KEMBANGAN', NULL, NULL),
(2688, 238, 'BARATAN', NULL, NULL),
(2689, 238, 'JERUK SOKSOK', NULL, NULL),
(2690, 238, 'BENDELAN', NULL, NULL),
(2691, 238, 'SUMBER TENGAH', NULL, NULL),
(2692, 239, 'ANDUNGSARI', NULL, NULL),
(2693, 239, 'K U P A N G', NULL, NULL),
(2694, 239, 'ARDISAENG', NULL, NULL),
(2695, 239, 'SUMBERDUMPYONG', NULL, NULL),
(2696, 239, 'GADINGSARI', NULL, NULL),
(2697, 239, 'P A K E M', NULL, NULL),
(2698, 239, 'PATEMON', NULL, NULL),
(2699, 239, 'P E T U N G', NULL, NULL),
(2700, 240, 'AMBULU', NULL, NULL),
(2701, 240, 'BUKOR', NULL, NULL),
(2702, 240, 'SUMBERMALANG', NULL, NULL),
(2703, 240, 'JAMBEWUNGU', NULL, NULL),
(2704, 240, 'GUBRIH', NULL, NULL),
(2705, 240, 'AMPELAN', NULL, NULL),
(2706, 240, 'BANYUWULU', NULL, NULL),
(2707, 240, 'JATITAMBAN', NULL, NULL),
(2708, 240, 'JATISARI', NULL, NULL),
(2709, 240, 'GLINGSERAN', NULL, NULL),
(2710, 240, 'BANYUPUTIH', NULL, NULL),
(2711, 240, 'WRINGIN', NULL, NULL),
(2712, 240, 'SUMBERCANTING', NULL, NULL),
(2713, 241, 'KARANGANYAR', NULL, NULL),
(2714, 241, 'SEKARPUTIH', NULL, NULL),
(2715, 241, 'TEGALAMPEL', NULL, NULL),
(2716, 241, 'MANDIRO', NULL, NULL),
(2717, 241, 'TANGGULANGIN', NULL, NULL),
(2718, 241, 'KLABANG', NULL, NULL),
(2719, 241, 'KLABANG AGUNG', NULL, NULL),
(2720, 241, 'PURNAMA', NULL, NULL),
(2721, 242, 'TREBUNGAN', NULL, NULL),
(2722, 242, 'PAGUAN', NULL, NULL),
(2723, 242, 'SUMBERKOKAP', NULL, NULL),
(2724, 242, 'TAMAN', NULL, NULL),
(2725, 242, 'GENTONG', NULL, NULL),
(2726, 242, 'KEMUNINGAN', NULL, NULL),
(2727, 242, 'KRETEK', NULL, NULL),
(2728, 243, 'KARANGANYAR', NULL, NULL),
(2729, 243, 'BLIMBING', NULL, NULL),
(2730, 243, 'KARANG SENGON', NULL, NULL),
(2731, 243, 'WONOKERTO', NULL, NULL),
(2732, 243, 'KLABANG', NULL, NULL),
(2733, 243, 'BESUK', NULL, NULL),
(2734, 243, 'KLAMPOKAN', NULL, NULL),
(2735, 243, 'SUMBERSUKO', NULL, NULL),
(2736, 243, 'PANDAK', NULL, NULL),
(2737, 243, 'LEPRAK', NULL, NULL),
(2738, 243, 'WONOBOYO', NULL, NULL),
(2739, 244, 'SEMPOL', NULL, NULL),
(2740, 244, 'KALIANYAR', NULL, NULL),
(2741, 244, 'KALISAT', NULL, NULL),
(2742, 244, 'JAMPIT', NULL, NULL),
(2743, 244, 'SUMBER REJO', NULL, NULL),
(2744, 244, 'KALIGEDANG', NULL, NULL),
(2745, 245, 'SUMBERCANTING', NULL, NULL),
(2746, 245, 'LANAS', NULL, NULL),
(2747, 245, 'PENANG', NULL, NULL),
(2748, 245, 'KLEKEAN', NULL, NULL),
(2749, 245, 'GAYAM', NULL, NULL),
(2750, 245, 'LUMUTAN', NULL, NULL),
(2751, 245, 'BOTOLINGGO', NULL, NULL),
(2752, 245, 'GAYAM LOR', NULL, NULL),
(2753, 246, 'TARUM', NULL, NULL),
(2754, 246, 'BANDILAN', NULL, NULL),
(2755, 246, 'SEMPOL', NULL, NULL),
(2756, 246, 'PRAJEKAN LOR', NULL, NULL),
(2757, 246, 'PRAJEKAN KIDUL', NULL, NULL),
(2758, 246, 'CANGKRING', NULL, NULL),
(2759, 246, 'WALIDONO', NULL, NULL),
(2760, 247, 'SULING KULON', NULL, NULL),
(2761, 247, 'SOLOR', NULL, NULL),
(2762, 247, 'KLADI', NULL, NULL),
(2763, 247, 'BERCAK', NULL, NULL),
(2764, 247, 'CERMEE', NULL, NULL),
(2765, 247, 'SULING WETAN', NULL, NULL),
(2766, 247, 'RAMBAN WETAN', NULL, NULL),
(2767, 247, 'RAMBAN KULON', NULL, NULL),
(2768, 247, 'GRUJUGAN', NULL, NULL),
(2769, 247, 'BAJURAN', NULL, NULL),
(2770, 247, 'JIREK MAS', NULL, NULL),
(2771, 247, 'BATUSALANG', NULL, NULL),
(2772, 247, 'PELALANGAN', NULL, NULL),
(2773, 247, 'BATU AMPAR', NULL, NULL),
(2774, 247, 'BERCAK ASRI', NULL, NULL),
(2775, 248, 'ALAS TENGAH', NULL, NULL),
(2776, 248, 'BADERAN', NULL, NULL),
(2777, 248, 'TAMANKURSI', NULL, NULL),
(2778, 248, 'SUMBERARGO', NULL, NULL),
(2779, 248, 'KALIREJO', NULL, NULL),
(2780, 248, 'TAMAN SARI', NULL, NULL),
(2781, 248, 'TLOGOSARI', NULL, NULL),
(2782, 248, 'TAMAN', NULL, NULL),
(2783, 248, 'PLALANGAN', NULL, NULL),
(2784, 249, 'PATEMON', NULL, NULL),
(2785, 249, 'KEMBANGSARI', NULL, NULL),
(2786, 249, 'PATEGALAN', NULL, NULL),
(2787, 249, 'SEMAMBUNG', NULL, NULL),
(2788, 249, 'SUMBERANYAR', NULL, NULL),
(2789, 249, 'JATIBANTENG', NULL, NULL),
(2790, 249, 'WRINGINANOM', NULL, NULL),
(2791, 249, 'CURAHSURI', NULL, NULL),
(2792, 250, 'TEPOS', NULL, NULL),
(2793, 250, 'KALISARI', NULL, NULL),
(2794, 250, 'LUBAWANG', NULL, NULL),
(2795, 250, 'KALIANGET', NULL, NULL),
(2796, 250, 'TELEMPONG', NULL, NULL),
(2797, 250, 'SELOBANTENG', NULL, NULL),
(2798, 250, 'BANYUGLUGUR', NULL, NULL),
(2799, 251, 'BLORO', NULL, NULL),
(2800, 251, 'LANGKAP', NULL, NULL),
(2801, 251, 'BLIMBING', NULL, NULL),
(2802, 251, 'WIDORO PAYUNG', NULL, NULL),
(2803, 251, 'SUMBEREJO', NULL, NULL),
(2804, 251, 'JETIS', NULL, NULL),
(2805, 251, 'KALIMAS', NULL, NULL),
(2806, 251, 'DEMUNG', NULL, NULL),
(2807, 251, 'PESISIR', NULL, NULL),
(2808, 251, 'BESUKI', NULL, NULL),
(2809, 252, 'CEMARA', NULL, NULL),
(2810, 252, 'MOJO DUNGKOL', NULL, NULL),
(2811, 252, 'GUNUNG PUTRI', NULL, NULL),
(2812, 252, 'GUNUNG MALANG', NULL, NULL),
(2813, 252, 'DAWUAN', NULL, NULL),
(2814, 252, 'SUBOH', NULL, NULL),
(2815, 252, 'BUDUAN', NULL, NULL),
(2816, 252, 'KETAH', NULL, NULL),
(2817, 253, 'SELOMUKTI', NULL, NULL),
(2818, 253, 'SUMBER PINANG', NULL, NULL),
(2819, 253, 'ALAS BAYUR', NULL, NULL),
(2820, 253, 'SUMBERANYAR', NULL, NULL),
(2821, 253, 'CAMPOAN', NULL, NULL),
(2822, 253, 'TREBUNGAN', NULL, NULL),
(2823, 253, 'MLANDINGAN KULON', NULL, NULL),
(2824, 254, 'SELOWOGO', NULL, NULL),
(2825, 254, 'SUMBERTENGAH', NULL, NULL),
(2826, 254, 'PATEMON', NULL, NULL),
(2827, 254, 'PASIR PUTIH', NULL, NULL),
(2828, 254, 'BUNGATAN', NULL, NULL),
(2829, 254, 'BLETOK', NULL, NULL),
(2830, 254, 'MLANDINGAN WETAN', NULL, NULL),
(2831, 255, 'RAJEKWESI', NULL, NULL),
(2832, 255, 'TAMBAK UKIR', NULL, NULL),
(2833, 255, 'BUGEMAN', NULL, NULL),
(2834, 255, 'KENDIT', NULL, NULL),
(2835, 255, 'BALUNG', NULL, NULL),
(2836, 255, 'KUKUSAN', NULL, NULL),
(2837, 255, 'KLATAKAN', NULL, NULL),
(2838, 256, 'KILENSARI', NULL, NULL),
(2839, 256, 'PAOWAN', NULL, NULL),
(2840, 256, 'SUMBER KOLAK', NULL, NULL),
(2841, 256, 'WRINGIN ANOM', NULL, NULL),
(2842, 256, 'PELEYAN', NULL, NULL),
(2843, 256, 'ALAS MALANG', NULL, NULL),
(2844, 256, 'DUWET', NULL, NULL),
(2845, 256, 'GELUNG', NULL, NULL),
(2846, 257, 'KALIBAGOR', NULL, NULL),
(2847, 257, 'KOTAKAN', NULL, NULL),
(2848, 257, 'DAWUHAN', NULL, NULL),
(2849, 257, 'PATOKAN', NULL, NULL),
(2850, 257, 'TALKANDANG', NULL, NULL),
(2851, 257, 'OLEAN', NULL, NULL),
(2852, 258, 'TREBUNGAN', NULL, NULL),
(2853, 258, 'MANGARAN', NULL, NULL),
(2854, 258, 'TANJUNG KAMAL', NULL, NULL),
(2855, 258, 'TANJUNG GLUGUR', NULL, NULL),
(2856, 258, 'TANJUNG PECINAN', NULL, NULL),
(2857, 258, 'SEMIRING', NULL, NULL),
(2858, 259, 'SLIWUNG', NULL, NULL),
(2859, 259, 'ARDIREJO', NULL, NULL),
(2860, 259, 'BATTAL', NULL, NULL),
(2861, 259, 'KLAMPOKAN', NULL, NULL),
(2862, 259, 'JUGLANGAN', NULL, NULL),
(2863, 259, 'PANJI KIDUL', NULL, NULL),
(2864, 259, 'PANJI LOR', NULL, NULL),
(2865, 259, 'MIMBAAN', NULL, NULL),
(2866, 259, 'CURAH JERU', NULL, NULL),
(2867, 259, 'TOKELAN', NULL, NULL),
(2868, 259, 'TENGGIR', NULL, NULL),
(2869, 259, 'KAYU PUTIH', NULL, NULL),
(2870, 260, 'KANDANG', NULL, NULL),
(2871, 260, 'CURAH COTOK', NULL, NULL),
(2872, 260, 'PELEYAN', NULL, NULL),
(2873, 260, 'WONOKOYO', NULL, NULL),
(2874, 260, 'SELETRENG', NULL, NULL),
(2875, 260, 'LANDANGAN', NULL, NULL),
(2876, 260, 'KAPONGAN', NULL, NULL),
(2877, 260, 'KESAMBI RAMPAK', NULL, NULL),
(2878, 260, 'GEBANGAN', NULL, NULL),
(2879, 260, 'POKAAN', NULL, NULL),
(2880, 261, 'CURAH TATAL', NULL, NULL),
(2881, 261, 'JATISARI', NULL, NULL),
(2882, 261, 'KAYUMAS', NULL, NULL),
(2883, 261, 'BAYEMAN', NULL, NULL),
(2884, 261, 'KETOWAN', NULL, NULL),
(2885, 261, 'KEDUNGDOWO', NULL, NULL),
(2886, 261, 'LAMONGAN', NULL, NULL),
(2887, 261, 'ARJASA', NULL, NULL),
(2888, 262, 'SOPET', NULL, NULL),
(2889, 262, 'CURAH KALAK', NULL, NULL),
(2890, 262, 'PALANGAN', NULL, NULL),
(2891, 262, 'JANGKAR', NULL, NULL),
(2892, 262, 'GADINGAN', NULL, NULL),
(2893, 262, 'KUMBANGSARI', NULL, NULL);
INSERT INTO `tbl_desa` (`id`, `id_kecamatan`, `desa`, `created_at`, `updated_at`) VALUES
(2894, 262, 'PESANGGRAHAN', NULL, NULL),
(2895, 262, 'AGEL', NULL, NULL),
(2896, 263, 'MOJOSARI', NULL, NULL),
(2897, 263, 'KERTOSARI', NULL, NULL),
(2898, 263, 'KEDONGLO', NULL, NULL),
(2899, 263, 'BANTAL', NULL, NULL),
(2900, 263, 'AWAR-AWAR', NULL, NULL),
(2901, 263, 'PERANTE', NULL, NULL),
(2902, 263, 'TRIGONCO', NULL, NULL),
(2903, 263, 'ASEMBAGUS', NULL, NULL),
(2904, 263, 'GUDANG', NULL, NULL),
(2905, 263, 'WRINGIN ANOM', NULL, NULL),
(2906, 264, 'BANYUPUTIH', NULL, NULL),
(2907, 264, 'SUMBEREJO', NULL, NULL),
(2908, 264, 'SUMBERANYAR', NULL, NULL),
(2909, 264, 'SUMBERWARU', NULL, NULL),
(2910, 264, 'WONOREJO', NULL, NULL),
(2911, 265, 'NGADISARI', NULL, NULL),
(2912, 265, 'SARIWANI', NULL, NULL),
(2913, 265, 'KEDASIH', NULL, NULL),
(2914, 265, 'PAKEL', NULL, NULL),
(2915, 265, 'NGEPUNG', NULL, NULL),
(2916, 265, 'SUKAPURA', NULL, NULL),
(2917, 265, 'SAPIKEREP', NULL, NULL),
(2918, 265, 'WONOKERTO', NULL, NULL),
(2919, 265, 'NGADIREJO', NULL, NULL),
(2920, 265, 'NGADAS', NULL, NULL),
(2921, 265, 'JETAK', NULL, NULL),
(2922, 265, 'WONOTORO', NULL, NULL),
(2923, 266, 'LEDOKOMBO', NULL, NULL),
(2924, 266, 'PANDANSARI', NULL, NULL),
(2925, 266, 'SUMBERANOM', NULL, NULL),
(2926, 266, 'WONOKERSO', NULL, NULL),
(2927, 266, 'GEMITO', NULL, NULL),
(2928, 266, 'TUKUL', NULL, NULL),
(2929, 266, 'SUMBER', NULL, NULL),
(2930, 266, 'CEPOKO', NULL, NULL),
(2931, 266, 'RAMBAAN', NULL, NULL),
(2932, 267, 'WONOASRI', NULL, NULL),
(2933, 267, 'JATISARI', NULL, NULL),
(2934, 267, 'KEDAWUNG', NULL, NULL),
(2935, 267, 'KARANGREJO', NULL, NULL),
(2936, 267, 'RESONGO', NULL, NULL),
(2937, 267, 'WRINGINANOM', NULL, NULL),
(2938, 267, 'MENYONO', NULL, NULL),
(2939, 268, 'KARANGANYAR', NULL, NULL),
(2940, 268, 'BANTARAN', NULL, NULL),
(2941, 268, 'GUNUNGTUGEL', NULL, NULL),
(2942, 268, 'KEDUNGREJO', NULL, NULL),
(2943, 268, 'BESUK', NULL, NULL),
(2944, 268, 'PATOKAN', NULL, NULL),
(2945, 268, 'LEGUNDI', NULL, NULL),
(2946, 268, 'TEMPURAN', NULL, NULL),
(2947, 268, 'KROPAK', NULL, NULL),
(2948, 268, 'KRAMATAGUNG', NULL, NULL),
(2949, 269, 'TIGASAN KULON', NULL, NULL),
(2950, 269, 'TIGASAN WETAN', NULL, NULL),
(2951, 269, 'MALASAN KULON', NULL, NULL),
(2952, 269, 'LECES', NULL, NULL),
(2953, 269, 'PONDOKWULUH', NULL, NULL),
(2954, 269, 'KERPANGAN', NULL, NULL),
(2955, 269, 'SUMBERKEDAWUNG', NULL, NULL),
(2956, 269, 'CLARAK', NULL, NULL),
(2957, 269, 'JORONGAN', NULL, NULL),
(2958, 269, 'WARUJINGGO', NULL, NULL),
(2959, 270, 'MALASANWETAN', NULL, NULL),
(2960, 270, 'GUNUNGBEKEL', NULL, NULL),
(2961, 270, 'TEGALSONO', NULL, NULL),
(2962, 270, 'BULUJARANKIDUL', NULL, NULL),
(2963, 270, 'BULUJARANLOR', NULL, NULL),
(2964, 270, 'PARAS', NULL, NULL),
(2965, 270, 'TEGALSIWALAN', NULL, NULL),
(2966, 270, 'BANJARSAWAH', NULL, NULL),
(2967, 270, 'SUMBERBULU', NULL, NULL),
(2968, 270, 'SUMBERKLEDUNG', NULL, NULL),
(2969, 270, 'BLADUKULON', NULL, NULL),
(2970, 270, 'TEGALMOJO', NULL, NULL),
(2971, 271, 'GUNUNGGENI', NULL, NULL),
(2972, 271, 'LIPRAK KIDUL', NULL, NULL),
(2973, 271, 'SENTULAN', NULL, NULL),
(2974, 271, 'GADING KULON', NULL, NULL),
(2975, 271, 'KLENANG KIDUL', NULL, NULL),
(2976, 271, 'KLENANG LOR', NULL, NULL),
(2977, 271, 'TAROKAN', NULL, NULL),
(2978, 271, 'LIPRAK WETAN', NULL, NULL),
(2979, 271, 'LIPRAK KULON', NULL, NULL),
(2980, 271, 'BANYUANYAR KIDUL', NULL, NULL),
(2981, 271, 'BLADO WETAN', NULL, NULL),
(2982, 271, 'BANYUANYAR TENGAH', NULL, NULL),
(2983, 271, 'PENDIL', NULL, NULL),
(2984, 271, 'ALASSAPI', NULL, NULL),
(2985, 272, 'TLOGOSARI', NULL, NULL),
(2986, 272, 'ANDUNGSARI', NULL, NULL),
(2987, 272, 'TLOGOARGO', NULL, NULL),
(2988, 272, 'ANDUNGBIRU', NULL, NULL),
(2989, 272, 'TIRIS', NULL, NULL),
(2990, 272, 'RANUAGUNG', NULL, NULL),
(2991, 272, 'SEGARAN', NULL, NULL),
(2992, 272, 'RANUGEDANG', NULL, NULL),
(2993, 272, 'JANGKANG', NULL, NULL),
(2994, 272, 'WEDUSAN', NULL, NULL),
(2995, 272, 'RACEK', NULL, NULL),
(2996, 272, 'PESAWAHAN', NULL, NULL),
(2997, 272, 'PEDAGANGAN', NULL, NULL),
(2998, 272, 'REJING', NULL, NULL),
(2999, 272, 'TEGALWATU', NULL, NULL),
(3000, 272, 'TULUPARI', NULL, NULL),
(3001, 273, 'SUMBERDUREN', NULL, NULL),
(3002, 273, 'ROTO', NULL, NULL),
(3003, 273, 'KERTOSUKO', NULL, NULL),
(3004, 273, 'TAMBELANG', NULL, NULL),
(3005, 273, 'KRUCIL', NULL, NULL),
(3006, 273, 'BERMI', NULL, NULL),
(3007, 273, 'KALIANAN', NULL, NULL),
(3008, 273, 'WATUPANJANG', NULL, NULL),
(3009, 273, 'GUYANGAN', NULL, NULL),
(3010, 273, 'BETEK', NULL, NULL),
(3011, 273, 'KROBUNGAN', NULL, NULL),
(3012, 273, 'SENENG', NULL, NULL),
(3013, 273, 'PANDANLARAS', NULL, NULL),
(3014, 273, 'PLAOSAN', NULL, NULL),
(3015, 274, 'CONDONG', NULL, NULL),
(3016, 274, 'JURANGJERO', NULL, NULL),
(3017, 274, 'RANUWURUNG', NULL, NULL),
(3018, 274, 'GADINGWETAN', NULL, NULL),
(3019, 274, 'BULUPANDAK', NULL, NULL),
(3020, 274, 'KEBEN', NULL, NULL),
(3021, 274, 'RENTENG', NULL, NULL),
(3022, 274, 'DUREN', NULL, NULL),
(3023, 274, 'BETEKTAMAN', NULL, NULL),
(3024, 274, 'BATUR', NULL, NULL),
(3025, 274, 'SENTUL', NULL, NULL),
(3026, 274, 'DANDANG', NULL, NULL),
(3027, 274, 'KERTOSONO', NULL, NULL),
(3028, 274, 'PRASI', NULL, NULL),
(3029, 274, 'NOGOSAREN', NULL, NULL),
(3030, 274, 'WANGKAL', NULL, NULL),
(3031, 274, 'MOJOLEGI', NULL, NULL),
(3032, 274, 'KALIACAR', NULL, NULL),
(3033, 274, 'SUMBERSECANG', NULL, NULL),
(3034, 275, 'RANON', NULL, NULL),
(3035, 275, 'KEDUNGSUMUR', NULL, NULL),
(3036, 275, 'GUNGGUNGAN KIDUL', NULL, NULL),
(3037, 275, 'KALIDANDAN', NULL, NULL),
(3038, 275, 'BLIMBING', NULL, NULL),
(3039, 275, 'GONDOSULI', NULL, NULL),
(3040, 275, 'KERTONEGORO', NULL, NULL),
(3041, 275, 'BIMO', NULL, NULL),
(3042, 275, 'PAKUNIRAN', NULL, NULL),
(3043, 275, 'PATEMON KULON', NULL, NULL),
(3044, 275, 'GUNGGUNGAN LOR', NULL, NULL),
(3045, 275, 'SOGAAN', NULL, NULL),
(3046, 275, 'SUMBERKEMBAR', NULL, NULL),
(3047, 275, 'ALASPANDAN', NULL, NULL),
(3048, 275, 'BUCOR WETAN', NULL, NULL),
(3049, 275, 'BUCOR KULON', NULL, NULL),
(3050, 275, 'GLAGAH', NULL, NULL),
(3051, 276, 'SUMBER CENTENG', NULL, NULL),
(3052, 276, 'SAMBIRAMPAK KIDUL', NULL, NULL),
(3053, 276, 'SIDOMULYO', NULL, NULL),
(3054, 276, 'TAMBAKUKIR', NULL, NULL),
(3055, 276, 'CURAH TEMU', NULL, NULL),
(3056, 276, 'PASEMBON', NULL, NULL),
(3057, 276, 'SIDOREJO', NULL, NULL),
(3058, 276, 'SAMBIRAMPAK LOR', NULL, NULL),
(3059, 276, 'SUKOREJO', NULL, NULL),
(3060, 276, 'TALKANDANG', NULL, NULL),
(3061, 276, 'KEDUNG REJOSO', NULL, NULL),
(3062, 276, 'TRIWUNGAN', NULL, NULL),
(3063, 276, 'KOTAANYAR', NULL, NULL),
(3064, 277, 'JABUNG WETAN', NULL, NULL),
(3065, 277, 'KALIKAJAR KULON', NULL, NULL),
(3066, 277, 'KALIKAJAR WETAN', NULL, NULL),
(3067, 277, 'ALASTENGAH', NULL, NULL),
(3068, 277, 'PANDEAN', NULL, NULL),
(3069, 277, 'PETUNJUNGAN', NULL, NULL),
(3070, 277, 'TAMAN', NULL, NULL),
(3071, 277, 'PLAMPANG', NULL, NULL),
(3072, 277, 'SIDODADI', NULL, NULL),
(3073, 277, 'JABUNG CANDI', NULL, NULL),
(3074, 277, 'JABUNGSISIR', NULL, NULL),
(3075, 277, 'RANDUMERAK', NULL, NULL),
(3076, 277, 'RANDUTATAH', NULL, NULL),
(3077, 277, 'KARANGANYAR', NULL, NULL),
(3078, 277, 'PONDOK KELOR', NULL, NULL),
(3079, 277, 'SUKODADI', NULL, NULL),
(3080, 277, 'PAITON', NULL, NULL),
(3081, 277, 'SUMBERANYAR', NULL, NULL),
(3082, 277, 'SUMBEREJO', NULL, NULL),
(3083, 277, 'BHINAR', NULL, NULL),
(3084, 278, 'MATEKAN', NULL, NULL),
(3085, 278, 'KRAMPILAN', NULL, NULL),
(3086, 278, 'KLAMPOKAN', NULL, NULL),
(3087, 278, 'JAMBANGAN', NULL, NULL),
(3088, 278, 'KECIK', NULL, NULL),
(3089, 278, 'BAGO', NULL, NULL),
(3090, 278, 'ALAS NYIUR', NULL, NULL),
(3091, 278, 'SINDET ANYAR', NULL, NULL),
(3092, 278, 'SINDET LAMI', NULL, NULL),
(3093, 278, 'SUMUR DALAM', NULL, NULL),
(3094, 278, 'BESUK KIDUL', NULL, NULL),
(3095, 278, 'BESUK AGUNG', NULL, NULL),
(3096, 278, 'RANDUJALAK', NULL, NULL),
(3097, 278, 'ALAS TENGAH', NULL, NULL),
(3098, 278, 'ALAS KANDANG', NULL, NULL),
(3099, 278, 'ALASSUMUR LOR', NULL, NULL),
(3100, 278, 'SUMBERAN', NULL, NULL),
(3101, 279, 'KREGENAN', NULL, NULL),
(3102, 279, 'RONDOKUNING', NULL, NULL),
(3103, 279, 'SEMAMPIR', NULL, NULL),
(3104, 279, 'BULU', NULL, NULL),
(3105, 279, 'SIDOMUKTI', NULL, NULL),
(3106, 279, 'KRAKSAAN WETAN', NULL, NULL),
(3107, 279, 'RANGKANG', NULL, NULL),
(3108, 279, 'KANDANGJATI KULON', NULL, NULL),
(3109, 279, 'KANDANGJATI WETAN', NULL, NULL),
(3110, 279, 'ALASSUMUR KULON', NULL, NULL),
(3111, 279, 'SUMBERLELE', NULL, NULL),
(3112, 279, 'TAMANSARI', NULL, NULL),
(3113, 279, 'ASEMBAKOR', NULL, NULL),
(3114, 279, 'KEBONAGUNG', NULL, NULL),
(3115, 279, 'SIDOPEKSO', NULL, NULL),
(3116, 279, 'PATOKAN', NULL, NULL),
(3117, 279, 'ASEMBAGUS', NULL, NULL),
(3118, 279, 'KALIBUNTU', NULL, NULL),
(3119, 280, 'OPO - OPO', NULL, NULL),
(3120, 280, 'RAWAN', NULL, NULL),
(3121, 280, 'SEBORO', NULL, NULL),
(3122, 280, 'KARANGREN', NULL, NULL),
(3123, 280, 'KEDUNGCALUK', NULL, NULL),
(3124, 280, 'SOKAAN', NULL, NULL),
(3125, 280, 'DAWUHAN', NULL, NULL),
(3126, 280, 'GEBANGAN', NULL, NULL),
(3127, 280, 'WIDORO', NULL, NULL),
(3128, 280, 'SUMBERKATIMOHO', NULL, NULL),
(3129, 280, 'KREJENGAN', NULL, NULL),
(3130, 280, 'KAMALKUNING', NULL, NULL),
(3131, 280, 'TANJUNGSARI', NULL, NULL),
(3132, 280, 'PATEMON', NULL, NULL),
(3133, 280, 'TEMENGGUNGAN', NULL, NULL),
(3134, 280, 'JATIURIP', NULL, NULL),
(3135, 280, 'SENTONG', NULL, NULL),
(3136, 281, 'SELOGUDIG KULON', NULL, NULL),
(3137, 281, 'SELOGUDIG WETAN', NULL, NULL),
(3138, 281, 'KETOMPEN', NULL, NULL),
(3139, 281, 'KARANGBONG', NULL, NULL),
(3140, 281, 'KARANGPRANTI', NULL, NULL),
(3141, 281, 'GEJUGAN', NULL, NULL),
(3142, 281, 'KARANGGEGER', NULL, NULL),
(3143, 281, 'TANJUNG', NULL, NULL),
(3144, 281, 'PAJARAKAN KULON', NULL, NULL),
(3145, 281, 'SUKOKERTO', NULL, NULL),
(3146, 281, 'SUKOMULYO', NULL, NULL),
(3147, 281, 'PENAMBANGAN', NULL, NULL),
(3148, 282, 'SUMBERPOH', NULL, NULL),
(3149, 282, 'SUMBERDAWE', NULL, NULL),
(3150, 282, 'BRABE', NULL, NULL),
(3151, 282, 'MARON KIDUL', NULL, NULL),
(3152, 282, 'GERONGAN', NULL, NULL),
(3153, 282, 'SATREYAN', NULL, NULL),
(3154, 282, 'BRANI WETAN', NULL, NULL),
(3155, 282, 'BRANI KULON', NULL, NULL),
(3156, 282, 'MARON WETAN', NULL, NULL),
(3157, 282, 'MARON KULON', NULL, NULL),
(3158, 282, 'KEDUNGSARI', NULL, NULL),
(3159, 282, 'PEGALANGAN KIDUL', NULL, NULL),
(3160, 282, 'BRUMBUNGAN KIDUL', NULL, NULL),
(3161, 282, 'WONOREJO', NULL, NULL),
(3162, 282, 'PUSPAN', NULL, NULL),
(3163, 282, 'GANTING WETAN', NULL, NULL),
(3164, 282, 'GANTING KULON', NULL, NULL),
(3165, 282, 'SUKO', NULL, NULL),
(3166, 283, 'BANYUANYAR LOR', NULL, NULL),
(3167, 283, 'SUMBERKERANG', NULL, NULL),
(3168, 283, 'SEBAUNG', NULL, NULL),
(3169, 283, 'PIKATAN', NULL, NULL),
(3170, 283, 'BULANG', NULL, NULL),
(3171, 283, 'BRUMBUNGAN LOR', NULL, NULL),
(3172, 283, 'JATIADI', NULL, NULL),
(3173, 283, 'KLASEMAN', NULL, NULL),
(3174, 283, 'PESISIR', NULL, NULL),
(3175, 283, 'RANDUPITU', NULL, NULL),
(3176, 283, 'GENDING', NULL, NULL),
(3177, 283, 'PAJURANGAN', NULL, NULL),
(3178, 283, 'CURAHSAWO', NULL, NULL),
(3179, 284, 'NGEPOH', NULL, NULL),
(3180, 284, 'SUMBERAGUNG', NULL, NULL),
(3181, 284, 'SUMBERSUKO', NULL, NULL),
(3182, 284, 'WATUWUNGKUK', NULL, NULL),
(3183, 284, 'SEKARKARE', NULL, NULL),
(3184, 284, 'MRANGGON LAWANG', NULL, NULL),
(3185, 284, 'TEGALREJO', NULL, NULL),
(3186, 284, 'KALIREJO', NULL, NULL),
(3187, 284, 'KEDUNGDALEM', NULL, NULL),
(3188, 284, 'TAMANSARI', NULL, NULL),
(3189, 284, 'RANDUPUTIH', NULL, NULL),
(3190, 284, 'KALISALAM', NULL, NULL),
(3191, 284, 'DRINGU', NULL, NULL),
(3192, 284, 'PABEAN', NULL, NULL),
(3193, 285, 'PATALAN', NULL, NULL),
(3194, 285, 'JREBENG', NULL, NULL),
(3195, 285, 'WONOREJO', NULL, NULL),
(3196, 285, 'TUNGGAKCERME', NULL, NULL),
(3197, 285, 'POHSANGIT TENGAH', NULL, NULL),
(3198, 285, 'KARENG KIDUL', NULL, NULL),
(3199, 285, 'KEDUNGSUPIT', NULL, NULL),
(3200, 285, 'POHSANGIT LOR', NULL, NULL),
(3201, 285, 'POHSANGIT NGISOR', NULL, NULL),
(3202, 285, 'SEPUHGEMPOL', NULL, NULL),
(3203, 285, 'SUMBERKARE', NULL, NULL),
(3204, 286, 'SAPIH', NULL, NULL),
(3205, 286, 'NEGOROREJO', NULL, NULL),
(3206, 286, 'BRANGGAH', NULL, NULL),
(3207, 286, 'LAMBANGKUNING', NULL, NULL),
(3208, 286, 'PALANGBESI', NULL, NULL),
(3209, 286, 'BOTO', NULL, NULL),
(3210, 286, 'WONOGORO', NULL, NULL),
(3211, 286, 'LUMBANG', NULL, NULL),
(3212, 286, 'TANDONSENTUL', NULL, NULL),
(3213, 286, 'PURUT', NULL, NULL),
(3214, 287, 'PAMATAN', NULL, NULL),
(3215, 287, 'SUMBERKRAMAT', NULL, NULL),
(3216, 287, 'SUMBEREJO', NULL, NULL),
(3217, 287, 'SUMENDI', NULL, NULL),
(3218, 287, 'BAYEMAN', NULL, NULL),
(3219, 287, 'DUNGUN', NULL, NULL),
(3220, 287, 'CURAHDRINGU', NULL, NULL),
(3221, 287, 'WRINGINANOM', NULL, NULL),
(3222, 287, 'TONGASWETAN', NULL, NULL),
(3223, 287, 'TONGASKULON', NULL, NULL),
(3224, 287, 'CURAHTULIS', NULL, NULL),
(3225, 287, 'KLAMPOK', NULL, NULL),
(3226, 287, 'TANJUNGREJO', NULL, NULL),
(3227, 287, 'TAMBAKREJO', NULL, NULL),
(3228, 288, 'MUNENG KIDUL', NULL, NULL),
(3229, 288, 'POHSANGIT LERES', NULL, NULL),
(3230, 288, 'LAWEYAN', NULL, NULL),
(3231, 288, 'MUNENG', NULL, NULL),
(3232, 288, 'JANGUR', NULL, NULL),
(3233, 288, 'SUMBERBENDO', NULL, NULL),
(3234, 288, 'MENTOR', NULL, NULL),
(3235, 288, 'SUMURMATI', NULL, NULL),
(3236, 288, 'PESISIR', NULL, NULL),
(3237, 288, 'LEMAHKEMBAR', NULL, NULL),
(3238, 288, 'AMBULU', NULL, NULL),
(3239, 288, 'BANJARSARI', NULL, NULL),
(3240, 288, 'GILI KETAPANG', NULL, NULL),
(3241, 289, 'GERBO', NULL, NULL),
(3242, 289, 'DAWUHAN SENGON', NULL, NULL),
(3243, 289, 'LEBAK REJO', NULL, NULL),
(3244, 289, 'COWEK', NULL, NULL),
(3245, 289, 'PURWODADI', NULL, NULL),
(3246, 289, 'PAREREJO', NULL, NULL),
(3247, 289, 'SENTUL', NULL, NULL),
(3248, 289, 'GAJAH REJO', NULL, NULL),
(3249, 289, 'JATISARI', NULL, NULL),
(3250, 289, 'TAMBAK SARI', NULL, NULL),
(3251, 289, 'PUCANG SARI', NULL, NULL),
(3252, 289, 'CAPANG', NULL, NULL),
(3253, 289, 'SEMUT', NULL, NULL),
(3254, 290, 'BLARANG', NULL, NULL),
(3255, 290, 'KAYU KEBEK', NULL, NULL),
(3256, 290, 'NGADIREJO', NULL, NULL),
(3257, 290, 'ANDONO SARI', NULL, NULL),
(3258, 290, 'WONOSARI', NULL, NULL),
(3259, 290, 'GENDRO', NULL, NULL),
(3260, 290, 'TLOGOSARI', NULL, NULL),
(3261, 290, 'TUTUR', NULL, NULL),
(3262, 290, 'PUNGGING', NULL, NULL),
(3263, 290, 'KALI PUCANG', NULL, NULL),
(3264, 290, 'SUMBER PITU', NULL, NULL),
(3265, 290, 'NGEMBAL', NULL, NULL),
(3266, 291, 'JANGJANGWULUNG', NULL, NULL),
(3267, 291, 'PALANG SARI', NULL, NULL),
(3268, 291, 'KEMIRI', NULL, NULL),
(3269, 291, 'PUSPO', NULL, NULL),
(3270, 291, 'JIMBARAN', NULL, NULL),
(3271, 291, 'KEDUWUNG', NULL, NULL),
(3272, 291, 'PUSUNG MALANG', NULL, NULL),
(3273, 292, 'KANDANGAN', NULL, NULL),
(3274, 292, 'MOROREJO', NULL, NULL),
(3275, 292, 'NGADIWONO', NULL, NULL),
(3276, 292, 'PODOKOYO', NULL, NULL),
(3277, 292, 'WONOKITRI', NULL, NULL),
(3278, 292, 'TOSARI', NULL, NULL),
(3279, 292, 'BALEDONO', NULL, NULL),
(3280, 292, 'SEDAENG', NULL, NULL),
(3281, 293, 'WONOREJO', NULL, NULL),
(3282, 293, 'KRONTO', NULL, NULL),
(3283, 293, 'PANCUR', NULL, NULL),
(3284, 293, 'KARANG ASEM', NULL, NULL),
(3285, 293, 'CUKURGULING', NULL, NULL),
(3286, 293, 'LUMBANG', NULL, NULL),
(3287, 293, 'BULUKANDANG', NULL, NULL),
(3288, 293, 'KARANG JATI', NULL, NULL),
(3289, 293, 'WATULUMBUNG', NULL, NULL),
(3290, 293, 'PANDITAN', NULL, NULL),
(3291, 293, 'BANJARIMBO', NULL, NULL),
(3292, 293, 'WELULANG', NULL, NULL),
(3293, 294, 'TEMPURAN', NULL, NULL),
(3294, 294, 'AMPELSARI', NULL, NULL),
(3295, 294, 'SAPULANTE', NULL, NULL),
(3296, 294, 'POHGEDANG', NULL, NULL),
(3297, 294, 'MANGGUAN', NULL, NULL),
(3298, 294, 'NGANTUNGAN', NULL, NULL),
(3299, 294, 'GALIH', NULL, NULL),
(3300, 294, 'PETUNG', NULL, NULL),
(3301, 294, 'KLAKAH', NULL, NULL),
(3302, 294, 'SIBON', NULL, NULL),
(3303, 294, 'PASREPAN', NULL, NULL),
(3304, 294, 'REJOSALAM', NULL, NULL),
(3305, 294, 'CENGKRONG', NULL, NULL),
(3306, 294, 'LEMAHBANG', NULL, NULL),
(3307, 294, 'TAMBAKREJO', NULL, NULL),
(3308, 294, 'JOGOREPUH', NULL, NULL),
(3309, 294, 'POHGADING', NULL, NULL),
(3310, 295, 'KEDEMUNGAN', NULL, NULL),
(3311, 295, 'AMBAL AMBIL', NULL, NULL),
(3312, 295, 'KLANGRONG', NULL, NULL),
(3313, 295, 'ORO ORO PULE', NULL, NULL),
(3314, 295, 'LOROKAN', NULL, NULL),
(3315, 295, 'KEDUNG PENGARON', NULL, NULL),
(3316, 295, 'BENERWOJO', NULL, NULL),
(3317, 295, 'COBAN JOYO', NULL, NULL),
(3318, 295, 'KEPUH', NULL, NULL),
(3319, 295, 'LINGGO', NULL, NULL),
(3320, 295, 'WRATI', NULL, NULL),
(3321, 295, 'SUMBER SUKO', NULL, NULL),
(3322, 295, 'LUWUK', NULL, NULL),
(3323, 295, 'PACAR KELING', NULL, NULL),
(3324, 295, 'SUMBER BANTENG', NULL, NULL),
(3325, 295, 'KURUNG', NULL, NULL),
(3326, 295, 'TANGGULANGIN', NULL, NULL),
(3327, 295, 'RANDU GONG', NULL, NULL),
(3328, 295, 'WANGKAL WETAN', NULL, NULL),
(3329, 295, 'KLINTER', NULL, NULL),
(3330, 295, 'TUNDO SORO', NULL, NULL),
(3331, 295, 'KETANGI REJO', NULL, NULL),
(3332, 295, 'PATEBON', NULL, NULL),
(3333, 295, 'KEJAYAN', NULL, NULL),
(3334, 295, 'SLADI', NULL, NULL),
(3335, 296, 'KARANG MENGGAH', NULL, NULL),
(3336, 296, 'KARANGJATI ANYAR', NULL, NULL),
(3337, 296, 'WONOSARI', NULL, NULL),
(3338, 296, 'TAMANSARI', NULL, NULL),
(3339, 296, 'COBAN BLIMBING', NULL, NULL),
(3340, 296, 'PAKIJANGAN', NULL, NULL),
(3341, 296, 'WONOREJO', NULL, NULL),
(3342, 296, 'JATI GUNTING', NULL, NULL),
(3343, 296, 'REBONO', NULL, NULL),
(3344, 296, 'KARANGSONO', NULL, NULL),
(3345, 296, 'KENDANG DUKUH', NULL, NULL),
(3346, 296, 'KARANG ASEM', NULL, NULL),
(3347, 296, 'KLUWUT', NULL, NULL),
(3348, 296, 'SAMBISIRAH', NULL, NULL),
(3349, 296, 'LEBAKSARI', NULL, NULL),
(3350, 297, 'SEKAR MOJO', NULL, NULL),
(3351, 297, 'TEJOWANGI', NULL, NULL),
(3352, 297, 'KERTOSARI', NULL, NULL),
(3353, 297, 'MARTOPURO', NULL, NULL),
(3354, 297, 'PURWOSARI', NULL, NULL),
(3355, 297, 'SUMBER REJO', NULL, NULL),
(3356, 297, 'PAGER', NULL, NULL),
(3357, 297, 'CENDONO', NULL, NULL),
(3358, 297, 'KARANG REJO', NULL, NULL),
(3359, 297, 'SUMBER SUKO', NULL, NULL),
(3360, 297, 'SENGON AGUNG', NULL, NULL),
(3361, 297, 'BAKALAN', NULL, NULL),
(3362, 297, 'SUKODERMO', NULL, NULL),
(3363, 297, 'PUCANGSARI', NULL, NULL),
(3364, 297, 'KAYOMAN', NULL, NULL),
(3365, 298, 'JATIARJO', NULL, NULL),
(3366, 298, 'WATUAGUNG', NULL, NULL),
(3367, 298, 'DAYUREJO', NULL, NULL),
(3368, 298, 'BULUKANDANG', NULL, NULL),
(3369, 298, 'KETANIRENG', NULL, NULL),
(3370, 298, 'SUKOLELO', NULL, NULL),
(3371, 298, 'LEDUG', NULL, NULL),
(3372, 298, 'PECALUKAN', NULL, NULL),
(3373, 298, 'PRIGEN', NULL, NULL),
(3374, 298, 'LUMBANG REJO', NULL, NULL),
(3375, 298, 'SUKORENO', NULL, NULL),
(3376, 298, 'SEKARJOHO', NULL, NULL),
(3377, 298, 'GAMBIRAN', NULL, NULL),
(3378, 298, 'CANDI WATES', NULL, NULL),
(3379, 299, 'GUNTING', NULL, NULL),
(3380, 299, 'PAKUKERTO', NULL, NULL),
(3381, 299, 'GLAGAH SARI', NULL, NULL),
(3382, 299, 'SUKOREJO', NULL, NULL),
(3383, 299, 'KARANGSONO', NULL, NULL),
(3384, 299, 'SEBANDUNG', NULL, NULL),
(3385, 299, 'DUKUH SARI', NULL, NULL),
(3386, 299, 'LECARI', NULL, NULL),
(3387, 299, 'LEMAHBANG', NULL, NULL),
(3388, 299, 'NGADIMULYO', NULL, NULL),
(3389, 299, 'TANJUNGARUM', NULL, NULL),
(3390, 299, 'SUWAYUWO', NULL, NULL),
(3391, 299, 'MOJOTENGAH', NULL, NULL),
(3392, 299, 'KALIREJO', NULL, NULL),
(3393, 299, 'CANDI BINANGUN', NULL, NULL),
(3394, 299, 'KENDURUAN', NULL, NULL),
(3395, 299, 'CURAH REJO', NULL, NULL),
(3396, 299, 'SUKORAME', NULL, NULL),
(3397, 299, 'WONOKERTO', NULL, NULL),
(3398, 300, 'PLINTAHAN', NULL, NULL),
(3399, 300, 'DURENSEWU', NULL, NULL),
(3400, 300, 'KARANG JATI', NULL, NULL),
(3401, 300, 'WEDORO', NULL, NULL),
(3402, 300, 'TUNGGUL WULUNG', NULL, NULL),
(3403, 300, 'KUTOREJO', NULL, NULL),
(3404, 300, 'JOGOSARI', NULL, NULL),
(3405, 300, 'PANDAAN', NULL, NULL),
(3406, 300, 'PETUNGASRI', NULL, NULL),
(3407, 300, 'SUMBER GEDANG', NULL, NULL),
(3408, 300, 'TAWANG REJO', NULL, NULL),
(3409, 300, 'SUMBER REJO', NULL, NULL),
(3410, 300, 'NOGOSARI', NULL, NULL),
(3411, 300, 'KEMIRI SEWU', NULL, NULL),
(3412, 300, 'KEBON WARIS', NULL, NULL),
(3413, 300, 'SEBANI', NULL, NULL),
(3414, 300, 'BANJARSARI', NULL, NULL),
(3415, 300, 'BANJAR KEJEN', NULL, NULL),
(3416, 301, 'WONOSUNYO', NULL, NULL),
(3417, 301, 'SUMBER SUKO', NULL, NULL),
(3418, 301, 'WONOSARI', NULL, NULL),
(3419, 301, 'KEPULUNGAN', NULL, NULL),
(3420, 301, 'RANDUPITU', NULL, NULL),
(3421, 301, 'NGERONG', NULL, NULL),
(3422, 301, 'JERUK PURUT', NULL, NULL),
(3423, 301, 'KARANGREJO', NULL, NULL),
(3424, 301, 'BULUSARI', NULL, NULL),
(3425, 301, 'WATUKOSEK', NULL, NULL),
(3426, 301, 'CARAT', NULL, NULL),
(3427, 301, 'KEJAPANAN', NULL, NULL),
(3428, 301, 'WINONG', NULL, NULL),
(3429, 301, 'LEGOK', NULL, NULL),
(3430, 301, 'GEMPOL', NULL, NULL),
(3431, 302, 'BAUJENG', NULL, NULL),
(3432, 302, 'NGEMBE', NULL, NULL),
(3433, 302, 'KENEP', NULL, NULL),
(3434, 302, 'SIDOWAYAH', NULL, NULL),
(3435, 302, 'GAJAHBENDO', NULL, NULL),
(3436, 302, 'BEJI', NULL, NULL),
(3437, 302, 'GUNUNG SARI', NULL, NULL),
(3438, 302, 'WONOKOYO', NULL, NULL),
(3439, 302, 'GUNUNG GANGSIR', NULL, NULL),
(3440, 302, 'CANGKRING MALANG', NULL, NULL),
(3441, 302, 'KEDUNG RINGIN', NULL, NULL),
(3442, 302, 'PAGAK', NULL, NULL),
(3443, 302, 'KEDUNG BOTO', NULL, NULL),
(3444, 302, 'GLANGGANG', NULL, NULL),
(3445, 303, 'KOLURSARI', NULL, NULL),
(3446, 303, 'KIDUL DALEM', NULL, NULL),
(3447, 303, 'POGAR', NULL, NULL),
(3448, 303, 'KAUMAN', NULL, NULL),
(3449, 303, 'BENDO MUNGAL', NULL, NULL),
(3450, 303, 'KERSIKAN', NULL, NULL),
(3451, 303, 'GEMPENG', NULL, NULL),
(3452, 303, 'DERMO', NULL, NULL),
(3453, 303, 'LATEK', NULL, NULL),
(3454, 303, 'MASANGAN', NULL, NULL),
(3455, 303, 'RACI', NULL, NULL),
(3456, 303, 'KALIANYAR', NULL, NULL),
(3457, 303, 'MANARUWI', NULL, NULL),
(3458, 303, 'KALIREJO', NULL, NULL),
(3459, 303, 'TAMBAKAN', NULL, NULL),
(3460, 304, 'KALISAT', NULL, NULL),
(3461, 304, 'TAMPUNG', NULL, NULL),
(3462, 304, 'PAJARAN', NULL, NULL),
(3463, 304, 'SIYAR', NULL, NULL),
(3464, 304, 'GENENG WARU', NULL, NULL),
(3465, 304, 'KANIGORO', NULL, NULL),
(3466, 304, 'KRENGIH', NULL, NULL),
(3467, 304, 'SUMBER GLAGAH', NULL, NULL),
(3468, 304, 'REMBANG', NULL, NULL),
(3469, 304, 'OROBULU', NULL, NULL),
(3470, 304, 'KEDUNG BANTENG', NULL, NULL),
(3471, 304, 'OROOMBO WETAN', NULL, NULL),
(3472, 304, 'OROOMBO KULON', NULL, NULL),
(3473, 304, 'PEKOREN', NULL, NULL),
(3474, 304, 'PEJANGKUNGAN', NULL, NULL),
(3475, 304, 'PANDEAN', NULL, NULL),
(3476, 304, 'MOJOPARON', NULL, NULL),
(3477, 305, 'SLAMBRIT', NULL, NULL),
(3478, 305, 'NGABAR', NULL, NULL),
(3479, 305, 'KLAMPIS REJO', NULL, NULL),
(3480, 305, 'KEBOTOHAN', NULL, NULL),
(3481, 305, 'PUKUL', NULL, NULL),
(3482, 305, 'GAMBIR KUNING', NULL, NULL),
(3483, 305, 'MULYO REJO', NULL, NULL),
(3484, 305, 'TAMBAKSARI', NULL, NULL),
(3485, 305, 'PLINGGISAN', NULL, NULL),
(3486, 305, 'DHOMPO', NULL, NULL),
(3487, 305, 'NGEMPIT', NULL, NULL),
(3488, 305, 'JERUK', NULL, NULL),
(3489, 305, 'SIDOGIRI', NULL, NULL),
(3490, 305, 'KARANG ANYAR', NULL, NULL),
(3491, 305, 'SELOTAMBAK', NULL, NULL),
(3492, 305, 'CURAH DUKUH', NULL, NULL),
(3493, 305, 'REJOSARI', NULL, NULL),
(3494, 305, 'ASEMKANDANG', NULL, NULL),
(3495, 305, 'TAMBAKREJO', NULL, NULL),
(3496, 305, 'KRATON', NULL, NULL),
(3497, 305, 'KALIREJO', NULL, NULL),
(3498, 305, 'SEMARE', NULL, NULL),
(3499, 305, 'PULOKERTO', NULL, NULL),
(3500, 305, 'BENDUNGAN', NULL, NULL),
(3501, 305, 'GERONGAN', NULL, NULL),
(3502, 306, 'SUSUKAN REJO', NULL, NULL),
(3503, 306, 'WARUNG DOWO', NULL, NULL),
(3504, 306, 'PLERET', NULL, NULL),
(3505, 306, 'PARAS REJO', NULL, NULL),
(3506, 306, 'LOGOWOK', NULL, NULL),
(3507, 306, 'TIDU', NULL, NULL),
(3508, 306, 'SUNGI WETAN', NULL, NULL),
(3509, 306, 'SUNGI KULON', NULL, NULL),
(3510, 306, 'SUKOREJO', NULL, NULL),
(3511, 307, 'TEBAS', NULL, NULL),
(3512, 307, 'BRAMBANG', NULL, NULL),
(3513, 307, 'BAYEMAN', NULL, NULL),
(3514, 307, 'KEBON CANDI', NULL, NULL),
(3515, 307, 'TENGGILIS REJO', NULL, NULL),
(3516, 307, 'WONOJATI', NULL, NULL),
(3517, 307, 'WONOSARI', NULL, NULL),
(3518, 307, 'KERSIKAN', NULL, NULL),
(3519, 307, 'KARANG SENTUL', NULL, NULL),
(3520, 307, 'GAYAM', NULL, NULL),
(3521, 307, 'LAJUK', NULL, NULL),
(3522, 307, 'KALI REJO', NULL, NULL),
(3523, 307, 'PATEGUHAN', NULL, NULL),
(3524, 307, 'GROGOL', NULL, NULL),
(3525, 307, 'PEKANGKUNGAN', NULL, NULL),
(3526, 307, 'GONDANG WETAN', NULL, NULL),
(3527, 307, 'RANGGEH', NULL, NULL),
(3528, 307, 'SEKAR PUTIH', NULL, NULL),
(3529, 307, 'BAJANGAN', NULL, NULL),
(3530, 307, 'GONDANG REJO', NULL, NULL),
(3531, 308, 'SADENG REJO', NULL, NULL),
(3532, 308, 'PANDAN REJO', NULL, NULL),
(3533, 308, 'KETEGAN', NULL, NULL),
(3534, 308, 'TOYANING', NULL, NULL),
(3535, 308, 'ARJOSARI', NULL, NULL),
(3536, 308, 'KEMANTREN REJO', NULL, NULL),
(3537, 308, 'SEGORO PURO', NULL, NULL),
(3538, 308, 'PATUGURAN', NULL, NULL),
(3539, 308, 'REJOSOLOR', NULL, NULL),
(3540, 308, 'KAWIS REJO', NULL, NULL),
(3541, 308, 'REJOSO KIDUL', NULL, NULL),
(3542, 308, 'KEDUNG BAKO', NULL, NULL),
(3543, 308, 'MANIK REJO', NULL, NULL),
(3544, 308, 'KARANG PANDAN', NULL, NULL),
(3545, 308, 'SAMBIREJO', NULL, NULL),
(3546, 308, 'JARANGAN', NULL, NULL),
(3547, 309, 'MINGGIR', NULL, NULL),
(3548, 309, 'KARANG TENGAH', NULL, NULL),
(3549, 309, 'KEDUNG REJO', NULL, NULL),
(3550, 309, 'UMBULAN', NULL, NULL),
(3551, 309, 'SIDEPAN', NULL, NULL),
(3552, 309, 'SRUWI', NULL, NULL),
(3553, 309, 'JELADRI', NULL, NULL),
(3554, 309, 'SUMBER REJO', NULL, NULL),
(3555, 309, 'PRODO', NULL, NULL),
(3556, 309, 'LEBAK', NULL, NULL),
(3557, 309, 'MENYARIK', NULL, NULL),
(3558, 309, 'KANDUNG', NULL, NULL),
(3559, 309, 'MENDALAN', NULL, NULL),
(3560, 309, 'PENATAAN', NULL, NULL),
(3561, 309, 'WINONGAN KIDUL', NULL, NULL),
(3562, 309, 'BANDARAN', NULL, NULL),
(3563, 309, 'WINONGAN LOR', NULL, NULL),
(3564, 309, 'GADING', NULL, NULL),
(3565, 310, 'KEBON REJO', NULL, NULL),
(3566, 310, 'KARANG LO', NULL, NULL),
(3567, 310, 'REBALAS', NULL, NULL),
(3568, 310, 'PLOSOSARI', NULL, NULL),
(3569, 310, 'GRATI TUNON', NULL, NULL),
(3570, 310, 'KALIPANG', NULL, NULL),
(3571, 310, 'TREWUNG', NULL, NULL),
(3572, 310, 'KAMBINGAN REJO', NULL, NULL),
(3573, 310, 'KARANG KLIWON', NULL, NULL),
(3574, 310, 'KEDAWUNG KULON', NULL, NULL),
(3575, 310, 'KEDAWUNG WETAN', NULL, NULL),
(3576, 310, 'SUMBER AGUNG', NULL, NULL),
(3577, 310, 'RANU KLINDUNGAN', NULL, NULL),
(3578, 310, 'SUMBER DAWESARI', NULL, NULL),
(3579, 310, 'CUKUR GONDANG', NULL, NULL),
(3580, 311, 'ROWO GEMPOL', NULL, NULL),
(3581, 311, 'GEJUG JATI', NULL, NULL),
(3582, 311, 'ALAS TLOGO', NULL, NULL),
(3583, 311, 'BALUNG ANYAR', NULL, NULL),
(3584, 311, 'BRANANG', NULL, NULL),
(3585, 311, 'TAMPUNG', NULL, NULL),
(3586, 311, 'TAMBAK LEKOK', NULL, NULL),
(3587, 311, 'JATIREJO', NULL, NULL),
(3588, 311, 'PASINAN', NULL, NULL),
(3589, 311, 'WATES', NULL, NULL),
(3590, 311, 'SEMEDUSARI', NULL, NULL),
(3591, 312, 'SANG ANOM', NULL, NULL),
(3592, 312, 'SEBALONG', NULL, NULL),
(3593, 312, 'WOT GALIH', NULL, NULL),
(3594, 312, 'WATES TANI', NULL, NULL),
(3595, 312, 'SEDARUM', NULL, NULL),
(3596, 312, 'DANDANG GENDIS', NULL, NULL),
(3597, 312, 'SUMBER ANYAR', NULL, NULL),
(3598, 312, 'SUDIMULYO', NULL, NULL),
(3599, 312, 'NGULING', NULL, NULL),
(3600, 312, 'PENUNGGUL', NULL, NULL),
(3601, 312, 'MLATEN', NULL, NULL),
(3602, 312, 'KEDAWANG', NULL, NULL),
(3603, 312, 'RANDUATI', NULL, NULL),
(3604, 312, 'KAPASAN', NULL, NULL),
(3605, 312, 'WATUPRAPAT', NULL, NULL),
(3606, 313, 'KRAMAT TEMENGGUNG', NULL, NULL),
(3607, 313, 'MLIRIPROWO', NULL, NULL),
(3608, 313, 'SEBANI', NULL, NULL),
(3609, 313, 'KEDUNGBOCOK', NULL, NULL),
(3610, 313, 'SINGOGALIH', NULL, NULL),
(3611, 313, 'TARIK', NULL, NULL),
(3612, 313, 'MERGOBENER', NULL, NULL),
(3613, 313, 'MERGOSARI', NULL, NULL),
(3614, 313, 'KENDALSEWU', NULL, NULL),
(3615, 313, 'KLANTINGSARI', NULL, NULL),
(3616, 313, 'KALIMATI', NULL, NULL),
(3617, 313, 'GEMPOLKLUTUK', NULL, NULL),
(3618, 313, 'BANJARWUNGU', NULL, NULL),
(3619, 313, 'KEMUNING', NULL, NULL),
(3620, 313, 'BALONGMACEKAN', NULL, NULL),
(3621, 313, 'GAMPINGROWO', NULL, NULL),
(3622, 313, 'MINDUGADING', NULL, NULL),
(3623, 313, 'JANTI', NULL, NULL),
(3624, 313, 'SEGODOBANCANG', NULL, NULL),
(3625, 313, 'KEDINDING', NULL, NULL),
(3626, 314, 'PRAMBON', NULL, NULL),
(3627, 314, 'KAJARTENGGULI', NULL, NULL),
(3628, 314, 'GEDANGROWO', NULL, NULL),
(3629, 314, 'WIROBITING', NULL, NULL),
(3630, 314, 'SIMPANG', NULL, NULL),
(3631, 314, 'BULANG', NULL, NULL),
(3632, 314, 'GAMPANG', NULL, NULL),
(3633, 314, 'JATIKALANG', NULL, NULL),
(3634, 314, 'PEJANGKUNGAN', NULL, NULL),
(3635, 314, 'KEDUNGSUGO', NULL, NULL),
(3636, 314, 'KEDUNGWONOKERTO', NULL, NULL),
(3637, 314, 'BENDOTRETEK', NULL, NULL),
(3638, 314, 'WONO PLINTAHAN', NULL, NULL),
(3639, 314, 'KEDUNGKEMBAR', NULL, NULL),
(3640, 314, 'JATI ALUN ALUN', NULL, NULL),
(3641, 314, 'JEDONGCANGKRING', NULL, NULL),
(3642, 314, 'CANGKRINGTURI', NULL, NULL),
(3643, 314, 'SIMOGIRANG', NULL, NULL),
(3644, 314, 'TEMU', NULL, NULL),
(3645, 314, 'WATUTULIS', NULL, NULL),
(3646, 315, 'TAMBAKREJO', NULL, NULL),
(3647, 315, 'KEPER', NULL, NULL),
(3648, 315, 'KEDUNGSUMUR', NULL, NULL),
(3649, 315, 'KEDUNGRAWAN', NULL, NULL),
(3650, 315, 'TANJEG WAGIR', NULL, NULL),
(3651, 315, 'MOJORUNTUT', NULL, NULL),
(3652, 315, 'GADING', NULL, NULL),
(3653, 315, 'WANGKAL', NULL, NULL),
(3654, 315, 'JENGGOT', NULL, NULL),
(3655, 315, 'WAUNG', NULL, NULL),
(3656, 315, 'PLOSO', NULL, NULL),
(3657, 315, 'REJENI', NULL, NULL),
(3658, 315, 'KANDANGAN', NULL, NULL),
(3659, 315, 'KREMBUNG', NULL, NULL),
(3660, 315, 'LEMUJUT', NULL, NULL),
(3661, 315, 'CANGKRING', NULL, NULL),
(3662, 315, 'KERET', NULL, NULL),
(3663, 315, 'WONOMLATI', NULL, NULL),
(3664, 315, 'BALONGGARUT', NULL, NULL),
(3665, 316, 'KEBONAGUNG', NULL, NULL),
(3666, 316, 'PORONG', NULL, NULL),
(3667, 316, 'MINDI', NULL, NULL),
(3668, 316, 'GLAGAH ARUM', NULL, NULL),
(3669, 316, 'PLUMBON', NULL, NULL),
(3670, 316, 'GEDANG', NULL, NULL),
(3671, 316, 'JUWET KENONGO', NULL, NULL),
(3672, 316, 'KEDUNGSOLO', NULL, NULL),
(3673, 316, 'KEBAKALAN', NULL, NULL),
(3674, 316, 'KESAMBI', NULL, NULL),
(3675, 316, 'PAMOTAN', NULL, NULL),
(3676, 316, 'WUNUT', NULL, NULL),
(3677, 316, 'CANDIPARI', NULL, NULL),
(3678, 316, 'LAJUK', NULL, NULL),
(3679, 316, 'KEDUNGBOTO', NULL, NULL),
(3680, 316, 'PESAWAHAN', NULL, NULL),
(3681, 317, 'PANGGREH', NULL, NULL),
(3682, 317, 'TROMPOASRI', NULL, NULL),
(3683, 317, 'KEDUNGREJO', NULL, NULL),
(3684, 317, 'KEDUNGPANDAN', NULL, NULL),
(3685, 317, 'SEMAMBUNG', NULL, NULL),
(3686, 317, 'KUPANG', NULL, NULL),
(3687, 317, 'TAMBAK KALISOGO', NULL, NULL),
(3688, 317, 'BALONGTANI', NULL, NULL),
(3689, 317, 'JEMIRAHAN', NULL, NULL),
(3690, 317, 'DUKUHSARI', NULL, NULL),
(3691, 317, 'KEDUNGCANGKRING', NULL, NULL),
(3692, 317, 'PEJARAKAN', NULL, NULL),
(3693, 317, 'KEBOGUYANG', NULL, NULL),
(3694, 317, 'PERMISAN', NULL, NULL),
(3695, 318, 'RANDEGAN', NULL, NULL),
(3696, 318, 'KEDENSARI', NULL, NULL),
(3697, 318, 'KALISAMPURNO', NULL, NULL),
(3698, 318, 'KETAPANG', NULL, NULL),
(3699, 318, 'GEMPOLSARI', NULL, NULL),
(3700, 318, 'SENTUL', NULL, NULL),
(3701, 318, 'PENATARSEWU', NULL, NULL),
(3702, 318, 'BANJARASRI', NULL, NULL),
(3703, 318, 'BANJARPANJI', NULL, NULL),
(3704, 318, 'KEDUNGBANTENG', NULL, NULL),
(3705, 318, 'KALIDAWIR', NULL, NULL),
(3706, 318, 'PUTAT', NULL, NULL),
(3707, 318, 'NGABAN', NULL, NULL),
(3708, 318, 'KALITENGAH', NULL, NULL),
(3709, 318, 'KLUDAN', NULL, NULL),
(3710, 318, 'BORO', NULL, NULL),
(3711, 318, 'KETEGAN', NULL, NULL),
(3712, 318, 'GANGGANG PANJANG', NULL, NULL),
(3713, 319, 'KARANGTANJUNG', NULL, NULL),
(3714, 319, 'SUMORAME', NULL, NULL),
(3715, 319, 'NGAMPELSARI', NULL, NULL),
(3716, 319, 'BALONGGABUS', NULL, NULL),
(3717, 319, 'BALONGDOWO', NULL, NULL),
(3718, 319, 'KENDALPECABEAN', NULL, NULL),
(3719, 319, 'KEDUNG PELUK', NULL, NULL),
(3720, 319, 'KALIPECABEAN', NULL, NULL),
(3721, 319, 'KLURAK', NULL, NULL),
(3722, 319, 'KEBONSARI', NULL, NULL),
(3723, 319, 'GELAM', NULL, NULL),
(3724, 319, 'CANDI', NULL, NULL),
(3725, 319, 'SUGIH WARAS', NULL, NULL),
(3726, 319, 'KEDUNGKENDO', NULL, NULL),
(3727, 319, 'DURUNGBANJAR', NULL, NULL),
(3728, 319, 'DURUNGBEDUG', NULL, NULL),
(3729, 319, 'JAMBANGAN', NULL, NULL),
(3730, 319, 'SUMOKALI', NULL, NULL),
(3731, 319, 'TENGGULUNAN', NULL, NULL),
(3732, 319, 'BLIGO', NULL, NULL),
(3733, 319, 'WEDORO KLURAK', NULL, NULL),
(3734, 319, 'LARANGAN', NULL, NULL),
(3735, 319, 'SEPANDE', NULL, NULL),
(3736, 319, 'SIDODADI', NULL, NULL),
(3737, 320, 'JANTI', NULL, NULL),
(3738, 320, 'KEBARON', NULL, NULL),
(3739, 320, 'KENONGO', NULL, NULL),
(3740, 320, 'GELANG', NULL, NULL),
(3741, 320, 'JIKEN', NULL, NULL),
(3742, 320, 'PANGKEMIRI', NULL, NULL),
(3743, 320, 'KEPATIHAN', NULL, NULL),
(3744, 320, 'TULANGAN', NULL, NULL),
(3745, 320, 'KEPADANGAN', NULL, NULL),
(3746, 320, 'TLASIH', NULL, NULL),
(3747, 320, 'KAJEKSAN', NULL, NULL),
(3748, 320, 'SINGOPADU', NULL, NULL),
(3749, 320, 'KEMANTREN', NULL, NULL),
(3750, 320, 'MEDALEM', NULL, NULL),
(3751, 320, 'SUDIMORO', NULL, NULL),
(3752, 320, 'KEDONDONG', NULL, NULL),
(3753, 320, 'GROGOL', NULL, NULL),
(3754, 320, 'MODONG', NULL, NULL),
(3755, 320, 'GRINTING', NULL, NULL),
(3756, 320, 'KEPUH KEMIRI', NULL, NULL),
(3757, 320, 'KEPUNTEN', NULL, NULL),
(3758, 320, 'GRABAGAN', NULL, NULL),
(3759, 321, 'SIMOKETAWANG', NULL, NULL),
(3760, 321, 'POPOH', NULL, NULL),
(3761, 321, 'JIMBARAN WETAN', NULL, NULL),
(3762, 321, 'KETIMANG', NULL, NULL),
(3763, 321, 'PILANG', NULL, NULL),
(3764, 321, 'SUMBEREJO', NULL, NULL),
(3765, 321, 'MOJORANGAGUNG', NULL, NULL),
(3766, 321, 'WONOKASIAN', NULL, NULL),
(3767, 321, 'PLOSO', NULL, NULL),
(3768, 321, 'JIMBARAN KULON', NULL, NULL),
(3769, 321, 'WONOAYU', NULL, NULL),
(3770, 321, 'SEMAMBUNG', NULL, NULL),
(3771, 321, 'SIMO ANGIN ANGIN', NULL, NULL),
(3772, 321, 'TANGGUL', NULL, NULL),
(3773, 321, 'WONOKALANG', NULL, NULL),
(3774, 321, 'PAGERNGUMBUK', NULL, NULL),
(3775, 321, 'PLAOSAN', NULL, NULL),
(3776, 321, 'MULYODADI', NULL, NULL),
(3777, 321, 'LAMBANGAN', NULL, NULL),
(3778, 321, 'SAWOCANGKRING', NULL, NULL),
(3779, 321, 'BECIRONGENGOR', NULL, NULL),
(3780, 321, 'KARANGPURI', NULL, NULL),
(3781, 321, 'CANDINEGORO', NULL, NULL),
(3782, 322, 'WILAYUT', NULL, NULL),
(3783, 322, 'KEBONAGUNG', NULL, NULL),
(3784, 322, 'ANGGASWANGI', NULL, NULL),
(3785, 322, 'JUMPUTREJO', NULL, NULL),
(3786, 322, 'SURUH', NULL, NULL),
(3787, 322, 'PEKARUNGAN', NULL, NULL),
(3788, 322, 'PADEMONEGORO', NULL, NULL),
(3789, 322, 'CANGKRINGSARI', NULL, NULL),
(3790, 322, 'JOGOSATRU', NULL, NULL),
(3791, 322, 'NGARESREJO', NULL, NULL),
(3792, 322, 'SAMBUNGREJO', NULL, NULL),
(3793, 322, 'PLUMBUNGAN', NULL, NULL),
(3794, 322, 'SUKODONO', NULL, NULL),
(3795, 322, 'KELOPOSEPULUH', NULL, NULL),
(3796, 322, 'MASANGAN WETAN', NULL, NULL),
(3797, 322, 'SUKO', NULL, NULL),
(3798, 322, 'MASANGAN KULON', NULL, NULL),
(3799, 322, 'PANJUNAN', NULL, NULL),
(3800, 322, 'BANGSRI', NULL, NULL),
(3801, 323, 'LEBO', NULL, NULL),
(3802, 323, 'SUKO', NULL, NULL),
(3803, 323, 'BANJARBENDO', NULL, NULL),
(3804, 323, 'LEMAHPUTRO', NULL, NULL),
(3805, 323, 'SIDOKARE', NULL, NULL),
(3806, 323, 'CELEP', NULL, NULL),
(3807, 323, 'SEKARDANGAN', NULL, NULL),
(3808, 323, 'GEBANG', NULL, NULL),
(3809, 323, 'RANGKAHKIDUL', NULL, NULL),
(3810, 323, 'BULUSIDOKARE', NULL, NULL),
(3811, 323, 'PUCANGANOM', NULL, NULL),
(3812, 323, 'PEKAUMAN', NULL, NULL),
(3813, 323, 'SIDOKUMPUL', NULL, NULL),
(3814, 323, 'SIDOKLUMPUK', NULL, NULL),
(3815, 323, 'BLURU KIDUL', NULL, NULL),
(3816, 323, 'KEMIRI', NULL, NULL),
(3817, 323, 'PUCANG', NULL, NULL),
(3818, 323, 'MAGERSARI', NULL, NULL),
(3819, 323, 'JATI', NULL, NULL),
(3820, 323, 'CEMENG KALANG', NULL, NULL),
(3821, 323, 'CEMENG BAKALAN', NULL, NULL),
(3822, 323, 'URANGAGUNG JEDONG', NULL, NULL),
(3823, 323, 'SARI ROGO', NULL, NULL),
(3824, 323, 'SUMPUT', NULL, NULL),
(3825, 324, 'ENTALSEWU', NULL, NULL),
(3826, 324, 'PAGERWOJO', NULL, NULL),
(3827, 324, 'SIDOKERTO', NULL, NULL),
(3828, 324, 'BUDURAN', NULL, NULL),
(3829, 324, 'SIWALAN PANJI', NULL, NULL),
(3830, 324, 'SIDOMULYO', NULL, NULL),
(3831, 324, 'PRASUNG', NULL, NULL),
(3832, 324, 'SAWOHAN', NULL, NULL),
(3833, 324, 'DAMARSI', NULL, NULL),
(3834, 324, 'DUKUHTENGAH', NULL, NULL),
(3835, 324, 'BANJARSARI', NULL, NULL),
(3836, 324, 'WADUNGASIH', NULL, NULL),
(3837, 324, 'BANJARKEMANTREN', NULL, NULL),
(3838, 324, 'SUKOREJO', NULL, NULL),
(3839, 324, 'SIDOKEPUNG', NULL, NULL),
(3840, 325, 'KWANGSAN', NULL, NULL),
(3841, 325, 'PEPE', NULL, NULL),
(3842, 325, 'BUNCITAN', NULL, NULL),
(3843, 325, 'KALANGANYAR', NULL, NULL),
(3844, 325, 'TAMBAK CEMANDI', NULL, NULL),
(3845, 325, 'GISIK CEMANDI', NULL, NULL),
(3846, 325, 'CEMANDI', NULL, NULL),
(3847, 325, 'PULUNGAN', NULL, NULL),
(3848, 325, 'BETRO', NULL, NULL),
(3849, 325, 'SEDATI AGUNG', NULL, NULL),
(3850, 325, 'SEDATI GEDE', NULL, NULL),
(3851, 325, 'PABEAN', NULL, NULL),
(3852, 325, 'SEMAMPIR', NULL, NULL),
(3853, 325, 'PRANTI', NULL, NULL),
(3854, 325, 'SEGORO TAMBAK', NULL, NULL),
(3855, 325, 'BANJAR KEMUNING', NULL, NULL),
(3856, 326, 'MEDAENG', NULL, NULL),
(3857, 326, 'PEPELEGI', NULL, NULL),
(3858, 326, 'WARU', NULL, NULL),
(3859, 326, 'KUREKSARI', NULL, NULL),
(3860, 326, 'NGINGAS', NULL, NULL),
(3861, 326, 'TROPODO', NULL, NULL),
(3862, 326, 'TAMBAK SAWAH', NULL, NULL),
(3863, 326, 'TAMBAK REJO', NULL, NULL),
(3864, 326, 'TAMBAK OSO', NULL, NULL),
(3865, 326, 'TAMBAK SUMUR', NULL, NULL),
(3866, 326, 'WADUNGASRI', NULL, NULL),
(3867, 326, 'BERBEK', NULL, NULL),
(3868, 326, 'KEPUH KIRIMAN', NULL, NULL),
(3869, 326, 'WEDORO', NULL, NULL),
(3870, 326, 'JANTI', NULL, NULL),
(3871, 326, 'KEDUNGREJO', NULL, NULL),
(3872, 326, 'BUNGURASIH', NULL, NULL),
(3873, 327, 'GANTING', NULL, NULL),
(3874, 327, 'KARANGBONG', NULL, NULL),
(3875, 327, 'TEBEL', NULL, NULL),
(3876, 327, 'KRAGAN', NULL, NULL),
(3877, 327, 'GEMURUNG', NULL, NULL),
(3878, 327, 'PUNGGUL', NULL, NULL),
(3879, 327, 'SRUNI', NULL, NULL),
(3880, 327, 'KEBOANANOM', NULL, NULL),
(3881, 327, 'KEBOANSIKEP', NULL, NULL),
(3882, 327, 'GEDANGAN', NULL, NULL),
(3883, 327, 'KETAJEN', NULL, NULL),
(3884, 327, 'WEDI', NULL, NULL),
(3885, 327, 'SEMAMBUNG', NULL, NULL),
(3886, 327, 'SAWOTRATAP', NULL, NULL),
(3887, 327, 'BANGAH', NULL, NULL),
(3888, 328, 'KRAMAT JEGU', NULL, NULL),
(3889, 328, 'TROSOBO', NULL, NULL),
(3890, 328, 'PERTAPAN MADURETNO', NULL, NULL),
(3891, 328, 'TANJUNGSARI', NULL, NULL),
(3892, 328, 'SIDODADI', NULL, NULL),
(3893, 328, 'BRINGINBENDO', NULL, NULL),
(3894, 328, 'SAMBI BULU', NULL, NULL),
(3895, 328, 'GILANG', NULL, NULL),
(3896, 328, 'KREMBANGAN', NULL, NULL),
(3897, 328, 'TAWANGSARI', NULL, NULL),
(3898, 328, 'KLETEK', NULL, NULL),
(3899, 328, 'JEMUNDO', NULL, NULL),
(3900, 328, 'SADANG', NULL, NULL),
(3901, 328, 'GELURAN', NULL, NULL),
(3902, 328, 'BOHAR', NULL, NULL),
(3903, 328, 'WAGE', NULL, NULL),
(3904, 328, 'KEDUNGTURI', NULL, NULL),
(3905, 328, 'TAMAN', NULL, NULL),
(3906, 328, 'KALIJATEN', NULL, NULL),
(3907, 328, 'NGELOM', NULL, NULL),
(3908, 328, 'WONOCOLO', NULL, NULL),
(3909, 328, 'KETEGAN', NULL, NULL),
(3910, 328, 'BEBEKAN', NULL, NULL),
(3911, 328, 'SEPANJANG', NULL, NULL),
(3912, 329, 'TROPODO', NULL, NULL),
(3913, 329, 'SEDENGAN MIJEN', NULL, NULL),
(3914, 329, 'KATRUNGAN', NULL, NULL),
(3915, 329, 'JERUK GAMPING', NULL, NULL),
(3916, 329, 'GAMPING', NULL, NULL),
(3917, 329, 'TERIK', NULL, NULL),
(3918, 329, 'JUNWANGI', NULL, NULL),
(3919, 329, 'TERUNG KULON', NULL, NULL),
(3920, 329, 'TERUNG WETAN', NULL, NULL),
(3921, 329, 'JATIKALANG', NULL, NULL),
(3922, 329, 'KEBOHARAN', NULL, NULL),
(3923, 329, 'PONOKAWAN', NULL, NULL),
(3924, 329, 'KEMASAN', NULL, NULL),
(3925, 329, 'SIDOMOJO', NULL, NULL),
(3926, 329, 'TAMBAK KEMERAKAN', NULL, NULL),
(3927, 329, 'KRIAN', NULL, NULL),
(3928, 329, 'KRATON', NULL, NULL),
(3929, 329, 'SIDOMULYO', NULL, NULL),
(3930, 329, 'TEMPEL', NULL, NULL),
(3931, 329, 'WATUGOLONG', NULL, NULL),
(3932, 329, 'BARENGKRAJAN', NULL, NULL),
(3933, 329, 'SIDOREJO', NULL, NULL),
(3934, 330, 'SINGKALAN', NULL, NULL),
(3935, 330, 'KEDUNG SUKODANI', NULL, NULL),
(3936, 330, 'BAKUNG TEMENGGUNGAN', NULL, NULL),
(3937, 330, 'SUMOKEMBANGSRI', NULL, NULL),
(3938, 330, 'SEDURI', NULL, NULL),
(3939, 330, 'WONOKUPANG', NULL, NULL),
(3940, 330, 'WARUBERON', NULL, NULL),
(3941, 330, 'BAKALAN WRINGINPITU', NULL, NULL),
(3942, 330, 'GAGANG KEPUHSARI', NULL, NULL),
(3943, 330, 'SUWALUH', NULL, NULL),
(3944, 330, 'WATESARI', NULL, NULL),
(3945, 330, 'SEKETI', NULL, NULL),
(3946, 330, 'KEMANGSEN', NULL, NULL),
(3947, 330, 'JABARAN', NULL, NULL),
(3948, 330, 'BALONGBENDO', NULL, NULL),
(3949, 330, 'JERUK LEGI', NULL, NULL),
(3950, 330, 'PENAMBANGAN', NULL, NULL),
(3951, 330, 'WONOKARANG', NULL, NULL),
(3952, 330, 'BAKUNG PRINGGODANI', NULL, NULL),
(3953, 330, 'BOGEM PINGGIR', NULL, NULL),
(3954, 331, 'TAWANGREJO', NULL, NULL),
(3955, 331, 'REJOSARI', NULL, NULL),
(3956, 331, 'JEMBUL', NULL, NULL),
(3957, 331, 'MANTING', NULL, NULL),
(3958, 331, 'SUMBERJATI', NULL, NULL),
(3959, 331, 'LEBAKJABUNG', NULL, NULL),
(3960, 331, 'BLEBERAN', NULL, NULL),
(3961, 331, 'SUMBERAGUNG', NULL, NULL),
(3962, 331, 'BAURENO', NULL, NULL),
(3963, 331, 'JATIREJO', NULL, NULL),
(3964, 331, 'DUKUHNGARJO', NULL, NULL),
(3965, 331, 'GADING', NULL, NULL),
(3966, 331, 'KUMITIR', NULL, NULL),
(3967, 331, 'SUMENGKO', NULL, NULL),
(3968, 331, 'GEBANGSARI', NULL, NULL),
(3969, 331, 'DINOYO', NULL, NULL),
(3970, 331, 'PADANGASRI', NULL, NULL),
(3971, 331, 'MOJOGENENG', NULL, NULL),
(3972, 331, 'KARANGJERUK', NULL, NULL),
(3973, 332, 'NGEMBAT', NULL, NULL),
(3974, 332, 'JATIDUKUH', NULL, NULL),
(3975, 332, 'KALIKATIR', NULL, NULL),
(3976, 332, 'DILEM', NULL, NULL),
(3977, 332, 'BEGAGANLIMO', NULL, NULL),
(3978, 332, 'GUMENG', NULL, NULL),
(3979, 332, 'KEMASANTANI', NULL, NULL),
(3980, 332, 'PADI', NULL, NULL),
(3981, 332, 'CENTONG', NULL, NULL),
(3982, 332, 'BAKALAN', NULL, NULL),
(3983, 332, 'GONDANG', NULL, NULL),
(3984, 332, 'PUGERAN', NULL, NULL),
(3985, 332, 'KEBONTUNGGUL', NULL, NULL),
(3986, 332, 'WONOPLOSO', NULL, NULL),
(3987, 332, 'POHJEJER', NULL, NULL),
(3988, 332, 'BENING', NULL, NULL),
(3989, 332, 'KARANGKUTEN', NULL, NULL),
(3990, 332, 'TAWAR', NULL, NULL),
(3991, 333, 'KEMIRI', NULL, NULL),
(3992, 333, 'SAJEN', NULL, NULL),
(3993, 333, 'PACET', NULL, NULL),
(3994, 333, 'PADUSAN', NULL, NULL),
(3995, 333, 'CEPOKOLIMO', NULL, NULL),
(3996, 333, 'CLAKET', NULL, NULL),
(3997, 333, 'CEMBOR', NULL, NULL),
(3998, 333, 'NOGOSARI', NULL, NULL),
(3999, 333, 'KEMBANGBELOR', NULL, NULL),
(4000, 333, 'MOJOKEMBANG', NULL, NULL),
(4001, 333, 'BENDUNGANJATI', NULL, NULL),
(4002, 333, 'PETAK', NULL, NULL),
(4003, 333, 'KESIMANTENGAH', NULL, NULL),
(4004, 333, 'WIYU', NULL, NULL),
(4005, 333, 'CANDIWATU', NULL, NULL),
(4006, 333, 'WARUGUNUNG', NULL, NULL),
(4007, 333, 'TANJUNGKENONGO', NULL, NULL),
(4008, 333, 'SUMBERKEMBAR', NULL, NULL),
(4009, 333, 'KURIPANSARI', NULL, NULL),
(4010, 333, 'PANDANARUM', NULL, NULL),
(4011, 334, 'KETAPANRAME', NULL, NULL),
(4012, 334, 'TRAWAS', NULL, NULL),
(4013, 334, 'SELOTAPAK', NULL, NULL),
(4014, 334, 'TAMIAJENG', NULL, NULL),
(4015, 334, 'KESIMAN', NULL, NULL),
(4016, 334, 'BELIK', NULL, NULL),
(4017, 334, 'DUYUNG', NULL, NULL),
(4018, 334, 'PENANGGUNGAN', NULL, NULL),
(4019, 334, 'KEDUNGUDI', NULL, NULL),
(4020, 334, 'SUKOSARI', NULL, NULL),
(4021, 334, 'JATIJEJER', NULL, NULL),
(4022, 334, 'SUGENG', NULL, NULL),
(4023, 334, 'SELOLIMAN', NULL, NULL),
(4024, 335, 'KESEMEN', NULL, NULL),
(4025, 335, 'SRIGADING', NULL, NULL),
(4026, 335, 'KUTOGIRANG', NULL, NULL),
(4027, 335, 'LOLAWANG', NULL, NULL),
(4028, 335, 'WOTANMASJEDONG', NULL, NULL),
(4029, 335, 'MANDUROMANGGUNGGAJA', NULL, NULL),
(4030, 335, 'KUNJOROWESI', NULL, NULL),
(4031, 335, 'WATESNEGORO', NULL, NULL),
(4032, 335, 'WONOSARI', NULL, NULL),
(4033, 335, 'NGORO', NULL, NULL),
(4034, 335, 'SEDATI', NULL, NULL),
(4035, 335, 'PURWOJATI', NULL, NULL),
(4036, 335, 'JASEM', NULL, NULL),
(4037, 335, 'KEMBANGSRI', NULL, NULL),
(4038, 335, 'CANDIHARJO', NULL, NULL),
(4039, 335, 'TAMBAKREJO', NULL, NULL),
(4040, 335, 'BANDARASRI', NULL, NULL),
(4041, 335, 'SUKOANYAR', NULL, NULL),
(4042, 335, 'TANJANGRONO', NULL, NULL),
(4043, 336, 'PURWOREJO', NULL, NULL),
(4044, 336, 'MOJOREJO', NULL, NULL),
(4045, 336, 'CURAHMOJO', NULL, NULL),
(4046, 336, 'SEKARGADUNG', NULL, NULL),
(4047, 336, 'TEMPURAN', NULL, NULL),
(4048, 336, 'JATILANGKUNG', NULL, NULL),
(4049, 336, 'BANJARTANGGUL', NULL, NULL),
(4050, 336, 'KALIPURO', NULL, NULL),
(4051, 336, 'RANDUHARJO', NULL, NULL),
(4052, 336, 'KEMBANGRINGGIT', NULL, NULL),
(4053, 336, 'PUNGGING', NULL, NULL),
(4054, 336, 'LEBAKSONO', NULL, NULL),
(4055, 336, 'TUNGGALPAGER', NULL, NULL),
(4056, 336, 'BALONGMASIN', NULL, NULL),
(4057, 336, 'JABONTEGAL', NULL, NULL),
(4058, 336, 'KEDUNGMUNGGAL', NULL, NULL),
(4059, 336, 'WATUKENONGO', NULL, NULL),
(4060, 336, 'NGRAME', NULL, NULL),
(4061, 336, 'BANGUN', NULL, NULL),
(4062, 337, 'PAYUNGREJO', NULL, NULL),
(4063, 337, 'SIMBARINGIN', NULL, NULL),
(4064, 337, 'SAMPANGAGUNG', NULL, NULL),
(4065, 337, 'JIYU', NULL, NULL),
(4066, 337, 'PESANGGRAHAN', NULL, NULL),
(4067, 337, 'WINDUREJO', NULL, NULL),
(4068, 337, 'KERTOSARI', NULL, NULL),
(4069, 337, 'KEPUHARUM', NULL, NULL),
(4070, 337, 'GEDANGAN', NULL, NULL),
(4071, 337, 'KUTOREJO', NULL, NULL),
(4072, 337, 'KARANGDIYENG', NULL, NULL),
(4073, 337, 'SAWO', NULL, NULL),
(4074, 337, 'WONODADI', NULL, NULL),
(4075, 337, 'SINGOWANGI', NULL, NULL),
(4076, 337, 'KEPUHPANDAK', NULL, NULL),
(4077, 337, 'KARANGASEM', NULL, NULL),
(4078, 337, 'KALIGORO', NULL, NULL),
(4079, 338, 'SUMBERTANGGUL', NULL, NULL),
(4080, 338, 'BELAHANTENGAH', NULL, NULL),
(4081, 338, 'AWANG AWANG', NULL, NULL),
(4082, 338, 'KAUMAN', NULL, NULL),
(4083, 338, 'SARIREJO', NULL, NULL),
(4084, 338, 'SAWAHAN', NULL, NULL),
(4085, 338, 'MOJOSARI', NULL, NULL),
(4086, 338, 'WONOKUSUMO', NULL, NULL),
(4087, 338, 'SEDURI', NULL, NULL),
(4088, 338, 'MOJOSULUR', NULL, NULL),
(4089, 338, 'RANDUBANGO', NULL, NULL),
(4090, 338, 'JOTANGAN', NULL, NULL),
(4091, 338, 'MENANGGAL', NULL, NULL),
(4092, 338, 'PEKUKUHAN', NULL, NULL),
(4093, 338, 'MODOPURO', NULL, NULL),
(4094, 338, 'KEBONDALEM', NULL, NULL),
(4095, 338, 'KEDUNGGEMPOL', NULL, NULL),
(4096, 338, 'NGIMBANGAN', NULL, NULL),
(4097, 338, 'LEMINGGIR', NULL, NULL),
(4098, 339, 'SUMBERWONO', NULL, NULL),
(4099, 339, 'PETERONGAN', NULL, NULL),
(4100, 339, 'KEDUNGUNENG', NULL, NULL),
(4101, 339, 'KUTOPORONG', NULL, NULL),
(4102, 339, 'NGASTEMI', NULL, NULL),
(4103, 339, 'MOJOTAMPING', NULL, NULL),
(4104, 339, 'NGROWO', NULL, NULL),
(4105, 339, 'SUMBERTEBU', NULL, NULL),
(4106, 339, 'SIDOMULYO', NULL, NULL),
(4107, 339, 'PULONITI', NULL, NULL),
(4108, 339, 'BANGSAL', NULL, NULL),
(4109, 339, 'PACING', NULL, NULL),
(4110, 339, 'GAYAM', NULL, NULL),
(4111, 339, 'PEKUWON', NULL, NULL),
(4112, 339, 'SALEN', NULL, NULL),
(4113, 339, 'MEJOYO', NULL, NULL),
(4114, 339, 'TINGGARBUNTUT', NULL, NULL),
(4115, 340, 'JABON', NULL, NULL),
(4116, 340, 'GAYAMAN', NULL, NULL),
(4117, 340, 'GEBANG MALANG', NULL, NULL),
(4118, 340, 'SUMBER JATI', NULL, NULL),
(4119, 340, 'KEPUH ANYAR', NULL, NULL),
(4120, 340, 'LENGKONG', NULL, NULL),
(4121, 340, 'SADAR TENGAH', NULL, NULL),
(4122, 340, 'NGARJO', NULL, NULL),
(4123, 340, 'WUNUT', NULL, NULL),
(4124, 340, 'JUMENENG', NULL, NULL),
(4125, 340, 'KWEDEN KEMBAR', NULL, NULL),
(4126, 340, 'KWATU', NULL, NULL),
(4127, 341, 'PUNGGUL', NULL, NULL),
(4128, 341, 'KALEN', NULL, NULL),
(4129, 341, 'KEDUNGGEDE', NULL, NULL),
(4130, 341, 'MOJOKARANG', NULL, NULL),
(4131, 341, 'SEGUNUNG', NULL, NULL),
(4132, 341, 'TALOK', NULL, NULL),
(4133, 341, 'SUMBERSONO', NULL, NULL),
(4134, 341, 'SAMBILAWANG', NULL, NULL),
(4135, 341, 'JRAMBE', NULL, NULL),
(4136, 341, 'RANDUGENENGAN', NULL, NULL),
(4137, 341, 'POHKECIK', NULL, NULL),
(4138, 341, 'DLANGGU', NULL, NULL),
(4139, 341, 'NGEMBEH', NULL, NULL),
(4140, 341, 'SUMBERKARANG', NULL, NULL),
(4141, 341, 'KEDUNGLENGKONG', NULL, NULL),
(4142, 341, 'TUMAPEL', NULL, NULL),
(4143, 342, 'TAMPUNGREJO', NULL, NULL),
(4144, 342, 'PLOSOSARI', NULL, NULL),
(4145, 342, 'KINTELAN', NULL, NULL),
(4146, 342, 'BRAYUNG', NULL, NULL),
(4147, 342, 'KETEMASDUNGUS', NULL, NULL),
(4148, 342, 'PURI', NULL, NULL),
(4149, 342, 'TANGUNAN', NULL, NULL),
(4150, 342, 'KEBONAGUNG', NULL, NULL),
(4151, 342, 'SUMBERGIRANG', NULL, NULL),
(4152, 342, 'MLATEN', NULL, NULL),
(4153, 342, 'MEDALI', NULL, NULL),
(4154, 342, 'BALONGMOJO', NULL, NULL),
(4155, 342, 'SUMOLAWANG', NULL, NULL),
(4156, 342, 'TAMBAKAGUNG', NULL, NULL),
(4157, 342, 'KENANTEN', NULL, NULL),
(4158, 342, 'BANJARAGUNG', NULL, NULL),
(4159, 343, 'PAKIS', NULL, NULL),
(4160, 343, 'SENTONOREJO', NULL, NULL),
(4161, 343, 'TEMON', NULL, NULL),
(4162, 343, 'BELOH', NULL, NULL),
(4163, 343, 'DOMAS', NULL, NULL),
(4164, 343, 'JAMBUWOK', NULL, NULL),
(4165, 343, 'WATESUMPAK', NULL, NULL),
(4166, 343, 'JATIPASAR', NULL, NULL),
(4167, 343, 'TROWULAN', NULL, NULL),
(4168, 343, 'BEJIJONG', NULL, NULL),
(4169, 343, 'KEJAGAN', NULL, NULL),
(4170, 343, 'WONOREJO', NULL, NULL),
(4171, 343, 'PANGGIH', NULL, NULL),
(4172, 343, 'TAWANGSARI', NULL, NULL),
(4173, 343, 'BALONGWONO', NULL, NULL),
(4174, 343, 'BICAK', NULL, NULL),
(4175, 344, 'GEMEKAN', NULL, NULL),
(4176, 344, 'BLIMBINGSARI', NULL, NULL),
(4177, 344, 'BRANGKAL', NULL, NULL),
(4178, 344, 'KEDUNGMALING', NULL, NULL),
(4179, 344, 'KLINTEREJO', NULL, NULL),
(4180, 344, 'MODONGAN', NULL, NULL),
(4181, 344, 'SAMBIROTO', NULL, NULL),
(4182, 344, 'JAMPIROGO', NULL, NULL),
(4183, 344, 'JAPAN', NULL, NULL),
(4184, 344, 'SOOKO', NULL, NULL),
(4185, 344, 'WRINGINREJO', NULL, NULL),
(4186, 344, 'KARANGKEDAWANG', NULL, NULL),
(4187, 344, 'MOJORANU', NULL, NULL),
(4188, 344, 'TEMPURAN', NULL, NULL),
(4189, 344, 'NGINGASREMBYONG', NULL, NULL),
(4190, 345, 'NGARESKIDUL', NULL, NULL),
(4191, 345, 'GEMBONGAN', NULL, NULL),
(4192, 345, 'GEMPOLKREP', NULL, NULL),
(4193, 345, 'BANDUNG', NULL, NULL),
(4194, 345, 'GEDEK', NULL, NULL),
(4195, 345, 'PAGERLUYUNG', NULL, NULL),
(4196, 345, 'KEMANTREN', NULL, NULL),
(4197, 345, 'TERUSAN', NULL, NULL),
(4198, 345, 'SIDOHARJO', NULL, NULL),
(4199, 345, 'BALONGSARI', NULL, NULL),
(4200, 345, 'BATANKRAJAN', NULL, NULL),
(4201, 345, 'PAGERJO', NULL, NULL),
(4202, 345, 'JERUKSEGER', NULL, NULL),
(4203, 345, 'BERATWETAN', NULL, NULL),
(4204, 346, 'WATESPROJO', NULL, NULL),
(4205, 346, 'BETRO', NULL, NULL),
(4206, 346, 'KEDUNGSARI', NULL, NULL),
(4207, 346, 'BERATKULON', NULL, NULL),
(4208, 346, 'MOJOJAJAR', NULL, NULL),
(4209, 346, 'MOJOSARIREJO', NULL, NULL),
(4210, 346, 'MOJOWIRYO', NULL, NULL),
(4211, 346, 'MOJOWATESREJO', NULL, NULL),
(4212, 346, 'MOJOGEBANG', NULL, NULL),
(4213, 346, 'MOJOPILANG', NULL, NULL),
(4214, 346, 'MOJOKUSUMO', NULL, NULL),
(4215, 346, 'JAPANAN', NULL, NULL),
(4216, 346, 'MOJOKUMPUL', NULL, NULL),
(4217, 346, 'TANJUNGAN', NULL, NULL),
(4218, 346, 'MOJOREJO', NULL, NULL),
(4219, 346, 'MOJODADI', NULL, NULL),
(4220, 346, 'KEMLAGI', NULL, NULL),
(4221, 346, 'MOJOWONO', NULL, NULL),
(4222, 346, 'PANDANKRAJAN', NULL, NULL),
(4223, 346, 'MOJODOWO', NULL, NULL),
(4224, 347, 'MLIRIP', NULL, NULL),
(4225, 347, 'PENOMPO', NULL, NULL),
(4226, 347, 'CANGGU', NULL, NULL),
(4227, 347, 'NGABAR', NULL, NULL),
(4228, 347, 'BANJARSARI', NULL, NULL),
(4229, 347, 'SAWO', NULL, NULL),
(4230, 347, 'MOJOREJO', NULL, NULL),
(4231, 347, 'JOLOTUNDO', NULL, NULL),
(4232, 347, 'KUPANG', NULL, NULL),
(4233, 347, 'BENDUNG', NULL, NULL),
(4234, 347, 'MOJOLEBAK', NULL, NULL),
(4235, 347, 'PARINGAN', NULL, NULL),
(4236, 347, 'JETIS', NULL, NULL),
(4237, 347, 'PERNING', NULL, NULL),
(4238, 347, 'SIDOREJO', NULL, NULL),
(4239, 347, 'LAKARDOWO', NULL, NULL),
(4240, 348, 'CENDORO', NULL, NULL),
(4241, 348, 'SIMONGAGROK', NULL, NULL),
(4242, 348, 'SUMBERWULUH', NULL, NULL),
(4243, 348, 'TALUNBLANDONG', NULL, NULL),
(4244, 348, 'CINANDANG', NULL, NULL),
(4245, 348, 'GUNUNGSARI', NULL, NULL),
(4246, 348, 'DAWARBLANDONG', NULL, NULL),
(4247, 348, 'PULOREJO', NULL, NULL),
(4248, 348, 'JATIROWO', NULL, NULL),
(4249, 348, 'SURU', NULL, NULL),
(4250, 348, 'BANGERAN', NULL, NULL),
(4251, 348, 'PUCUK', NULL, NULL),
(4252, 348, 'BANYULEGI', NULL, NULL),
(4253, 348, 'GUNUNGAN', NULL, NULL),
(4254, 348, 'BRAYUBLANDONG', NULL, NULL),
(4255, 348, 'MADURESO', NULL, NULL),
(4256, 348, 'TEMUIRENG', NULL, NULL),
(4257, 348, 'RANDEGAN', NULL, NULL),
(4258, 349, 'BANDAR KEDUNG MULYO MOJOKAMBANG', NULL, NULL),
(4259, 349, 'MOJOKAMBANG', NULL, NULL),
(4260, 349, 'BARONG SAWAHAN', NULL, NULL),
(4261, 349, 'KAYEN', NULL, NULL),
(4262, 349, 'GONDANG MANIS', NULL, NULL),
(4263, 349, 'PUCANG SIMO', NULL, NULL),
(4264, 349, 'BRODOT', NULL, NULL),
(4265, 349, 'BRANGKAL', NULL, NULL),
(4266, 349, 'BANJAR SARI', NULL, NULL),
(4267, 349, 'TINGGAR', NULL, NULL),
(4268, 349, 'KARANG DAGANGAN', NULL, NULL),
(4269, 350, 'JANTIGANGGONG', NULL, NULL),
(4270, 350, 'KEPUHKAJANG', NULL, NULL),
(4271, 350, 'SUMBERAGUNG', NULL, NULL),
(4272, 350, 'PAGERWOJO', NULL, NULL),
(4273, 350, 'PERAK', NULL, NULL),
(4274, 350, 'SEMBUNG', NULL, NULL),
(4275, 350, 'GLAGAHAN', NULL, NULL);
INSERT INTO `tbl_desa` (`id`, `id_kecamatan`, `desa`, `created_at`, `updated_at`) VALUES
(4276, 350, 'KALANG SEMANDING', NULL, NULL),
(4277, 350, 'GADINGMANGU', NULL, NULL),
(4278, 350, 'PLOSOGENUK', NULL, NULL),
(4279, 350, 'SUKOREJO', NULL, NULL),
(4280, 350, 'TEMUWULAN', NULL, NULL),
(4281, 350, 'CANGKRINGRANDU', NULL, NULL),
(4282, 351, 'PUCANGRO', NULL, NULL),
(4283, 351, 'KEDUNGTURI', NULL, NULL),
(4284, 351, 'JAPANAN', NULL, NULL),
(4285, 351, 'BLIMBING', NULL, NULL),
(4286, 351, 'MENTAOS', NULL, NULL),
(4287, 351, 'SUKOIBER', NULL, NULL),
(4288, 351, 'SUKOPINGGIR', NULL, NULL),
(4289, 351, 'BUGASUR KEDALEMAN', NULL, NULL),
(4290, 351, 'GUDO', NULL, NULL),
(4291, 351, 'WANGKALKEPUH', NULL, NULL),
(4292, 351, 'PESANGGRAHAN', NULL, NULL),
(4293, 351, 'KREMBANGAN', NULL, NULL),
(4294, 351, 'SEPANYUL', NULL, NULL),
(4295, 351, 'GODONG', NULL, NULL),
(4296, 351, 'MEJOYOLOSARI', NULL, NULL),
(4297, 351, 'PLUMBON GAMBANG', NULL, NULL),
(4298, 351, 'GEMPOL LEGUNDI', NULL, NULL),
(4299, 351, 'TANGGUNGAN', NULL, NULL),
(4300, 352, 'KAYANGAN', NULL, NULL),
(4301, 352, 'PUTON', NULL, NULL),
(4302, 352, 'BENDET', NULL, NULL),
(4303, 352, 'BULUREJO', NULL, NULL),
(4304, 352, 'GROGOL', NULL, NULL),
(4305, 352, 'JATIREJO', NULL, NULL),
(4306, 352, 'CUKIR', NULL, NULL),
(4307, 352, 'KWARON', NULL, NULL),
(4308, 352, 'KERAS', NULL, NULL),
(4309, 352, 'WATUGALUH', NULL, NULL),
(4310, 352, 'JATIPELEM', NULL, NULL),
(4311, 352, 'BRAMBANG', NULL, NULL),
(4312, 352, 'PUNDONG', NULL, NULL),
(4313, 352, 'DIWEK', NULL, NULL),
(4314, 352, 'CEWENG', NULL, NULL),
(4315, 352, 'BANDUNG', NULL, NULL),
(4316, 352, 'KEDAWONG', NULL, NULL),
(4317, 352, 'NGUDIREJO', NULL, NULL),
(4318, 352, 'BALONG BESUK', NULL, NULL),
(4319, 352, 'PANDANWANGI', NULL, NULL),
(4320, 353, 'JOMBOK', NULL, NULL),
(4321, 353, 'GENUKWATU', NULL, NULL),
(4322, 353, 'REJOAGUNG', NULL, NULL),
(4323, 353, 'KAUMAN', NULL, NULL),
(4324, 353, 'NGORO', NULL, NULL),
(4325, 353, 'BADANG', NULL, NULL),
(4326, 353, 'PULOREJO', NULL, NULL),
(4327, 353, 'BANYUARANG', NULL, NULL),
(4328, 353, 'SIDOWAREK', NULL, NULL),
(4329, 353, 'KESAMBEN', NULL, NULL),
(4330, 353, 'KERTOREJO', NULL, NULL),
(4331, 353, 'GAJAH', NULL, NULL),
(4332, 353, 'SUGIHWARAS', NULL, NULL),
(4333, 354, 'KEDUNGPARI', NULL, NULL),
(4334, 354, 'KARANGLO', NULL, NULL),
(4335, 354, 'LATSARI', NULL, NULL),
(4336, 354, 'MOJOWARNO', NULL, NULL),
(4337, 354, 'PENGGARON', NULL, NULL),
(4338, 354, 'MOJODUWUR', NULL, NULL),
(4339, 354, 'MOJOWANGI', NULL, NULL),
(4340, 354, 'GONDEK', NULL, NULL),
(4341, 354, 'GEDANGAN', NULL, NULL),
(4342, 354, 'MOJOJEJER', NULL, NULL),
(4343, 354, 'JAPANAN', NULL, NULL),
(4344, 354, 'GROBOGAN', NULL, NULL),
(4345, 354, 'REJOSLAMET', NULL, NULL),
(4346, 354, 'SELOREJO', NULL, NULL),
(4347, 354, 'MENGANTO', NULL, NULL),
(4348, 354, 'SIDOKERTO', NULL, NULL),
(4349, 354, 'SUKOMULYO', NULL, NULL),
(4350, 354, 'CATAK GAYAM', NULL, NULL),
(4351, 354, 'WRINGINPITU', NULL, NULL),
(4352, 355, 'KEBONDALEM', NULL, NULL),
(4353, 355, 'MUNDUSEWU', NULL, NULL),
(4354, 355, 'PAKEL', NULL, NULL),
(4355, 355, 'KARANGAN', NULL, NULL),
(4356, 355, 'NGAMPUNGAN', NULL, NULL),
(4357, 355, 'JENISGELARAN', NULL, NULL),
(4358, 355, 'BARENG', NULL, NULL),
(4359, 355, 'TEBEL', NULL, NULL),
(4360, 355, 'MOJOTENGAH', NULL, NULL),
(4361, 355, 'BANJARAGUNG', NULL, NULL),
(4362, 355, 'NGLEBAK', NULL, NULL),
(4363, 355, 'PULOSARI', NULL, NULL),
(4364, 355, 'NGRIMBI', NULL, NULL),
(4365, 356, 'GALENGDOWO', NULL, NULL),
(4366, 356, 'WONOMERTO', NULL, NULL),
(4367, 356, 'JARAK', NULL, NULL),
(4368, 356, 'SAMBIREJO', NULL, NULL),
(4369, 356, 'WONOSALAM', NULL, NULL),
(4370, 356, 'CARANGWULUNG', NULL, NULL),
(4371, 356, 'PANGLUNGAN', NULL, NULL),
(4372, 356, 'WONOKERTO', NULL, NULL),
(4373, 356, 'SUMBERJO', NULL, NULL),
(4374, 357, 'KEDUNGLUMPANG', NULL, NULL),
(4375, 357, 'DUKUH MOJO', NULL, NULL),
(4376, 357, 'KARANGWINONGAN', NULL, NULL),
(4377, 357, 'KADEMANGAN', NULL, NULL),
(4378, 357, 'JANTI', NULL, NULL),
(4379, 357, 'TEJO', NULL, NULL),
(4380, 357, 'GAMBIRAN', NULL, NULL),
(4381, 357, 'KAUMAN', NULL, NULL),
(4382, 357, 'MOJOTRISNO', NULL, NULL),
(4383, 357, 'TANGGALREJO', NULL, NULL),
(4384, 357, 'DUKUHDIMORO', NULL, NULL),
(4385, 357, 'MIAGAN', NULL, NULL),
(4386, 357, 'MANCILAN', NULL, NULL),
(4387, 357, 'BETEK', NULL, NULL),
(4388, 357, 'KAROBELAH', NULL, NULL),
(4389, 357, 'MURUKAN', NULL, NULL),
(4390, 357, 'JOHOWINONG', NULL, NULL),
(4391, 357, 'SEKETI', NULL, NULL),
(4392, 358, 'PLOSOKEREP', NULL, NULL),
(4393, 358, 'JOGOLOYO', NULL, NULL),
(4394, 358, 'PALREJO', NULL, NULL),
(4395, 358, 'PLEMAHAN', NULL, NULL),
(4396, 358, 'BRUDU', NULL, NULL),
(4397, 358, 'BADAS', NULL, NULL),
(4398, 358, 'NGLELE', NULL, NULL),
(4399, 358, 'TRAWASAN', NULL, NULL),
(4400, 358, 'SEBANI', NULL, NULL),
(4401, 358, 'MLARAS', NULL, NULL),
(4402, 358, 'SEGODOREJO', NULL, NULL),
(4403, 358, 'KEDUNGPAPAR', NULL, NULL),
(4404, 358, 'SUMOBITO', NULL, NULL),
(4405, 358, 'CURAH MALANG', NULL, NULL),
(4406, 358, 'BUDUGSIDOREJO', NULL, NULL),
(4407, 358, 'KENDALSARI', NULL, NULL),
(4408, 358, 'TALUN KIDUL', NULL, NULL),
(4409, 358, 'MADYO PURO', NULL, NULL),
(4410, 358, 'BAKALAN', NULL, NULL),
(4411, 358, 'GEDANGAN', NULL, NULL),
(4412, 358, 'MENTORO', NULL, NULL),
(4413, 359, 'JOGOROTO', NULL, NULL),
(4414, 359, 'JARAK KULON', NULL, NULL),
(4415, 359, 'ALANG ALANG CARUBAN', NULL, NULL),
(4416, 359, 'SUKOSARI', NULL, NULL),
(4417, 359, 'SAWIJI', NULL, NULL),
(4418, 359, 'MAYANGAN', NULL, NULL),
(4419, 359, 'SUMBER MULYO', NULL, NULL),
(4420, 359, 'NGUMPUL', NULL, NULL),
(4421, 359, 'TAMBAR', NULL, NULL),
(4422, 359, 'JANTI', NULL, NULL),
(4423, 359, 'SAMBIREJO', NULL, NULL),
(4424, 360, 'KEPUHKEMBENG', NULL, NULL),
(4425, 360, 'KEPLAKSARI', NULL, NULL),
(4426, 360, 'PETERONGAN', NULL, NULL),
(4427, 360, 'MANCAR', NULL, NULL),
(4428, 360, 'KEBONTEMU', NULL, NULL),
(4429, 360, 'DUKUH KLOPO', NULL, NULL),
(4430, 360, 'TANJUNG GUNUNG', NULL, NULL),
(4431, 360, 'MOROSUNGGINGAN', NULL, NULL),
(4432, 360, 'TUGUSUMBERJO', NULL, NULL),
(4433, 360, 'SENDEN', NULL, NULL),
(4434, 360, 'BONGKOT', NULL, NULL),
(4435, 360, 'SUMBERAGUNG', NULL, NULL),
(4436, 360, 'TENGARAN', NULL, NULL),
(4437, 360, 'NGRANDU LOR', NULL, NULL),
(4438, 361, 'TUNGGORONO', NULL, NULL),
(4439, 361, 'JABON', NULL, NULL),
(4440, 361, 'SENGON', NULL, NULL),
(4441, 361, 'JOMBATAN', NULL, NULL),
(4442, 361, 'PLANDI', NULL, NULL),
(4443, 361, 'KALIWUNGU', NULL, NULL),
(4444, 361, 'JELAKOMBO', NULL, NULL),
(4445, 361, 'KEPANJEN', NULL, NULL),
(4446, 361, 'KEPATIHAN', NULL, NULL),
(4447, 361, 'PULO LOR', NULL, NULL),
(4448, 361, 'DENANYAR', NULL, NULL),
(4449, 361, 'JOMBANG', NULL, NULL),
(4450, 361, 'CANDI MULYO', NULL, NULL),
(4451, 361, 'MOJONGAPIT', NULL, NULL),
(4452, 361, 'DAPUR KEJAMBON', NULL, NULL),
(4453, 361, 'SAMBONG DUKUH', NULL, NULL),
(4454, 361, 'TAMBAK REJO', NULL, NULL),
(4455, 361, 'PLOSOGENENG', NULL, NULL),
(4456, 361, 'BANJAR DOWO', NULL, NULL),
(4457, 361, 'SUMBERJO', NULL, NULL),
(4458, 362, 'TURI PINGGIR', NULL, NULL),
(4459, 362, 'GONGSENG', NULL, NULL),
(4460, 362, 'BALONGSARI', NULL, NULL),
(4461, 362, 'SUMBERSARI', NULL, NULL),
(4462, 362, 'NGOGRI', NULL, NULL),
(4463, 362, 'SIDOMULYO', NULL, NULL),
(4464, 362, 'BALONGGEMEK', NULL, NULL),
(4465, 362, 'KEDUNG REJO', NULL, NULL),
(4466, 362, 'PACAR PELUK', NULL, NULL),
(4467, 362, 'DUKUH ARUM', NULL, NULL),
(4468, 362, 'SUMBER AGUNG', NULL, NULL),
(4469, 362, 'SUDIMORO', NULL, NULL),
(4470, 362, 'MEGALUH', NULL, NULL),
(4471, 363, 'MOJOKRAPAK', NULL, NULL),
(4472, 363, 'KALI KEJAMBON', NULL, NULL),
(4473, 363, 'KEDUNG LOSARI', NULL, NULL),
(4474, 363, 'TAMPING MOJO', NULL, NULL),
(4475, 363, 'PESANTREN', NULL, NULL),
(4476, 363, 'TEMBELANG', NULL, NULL),
(4477, 363, 'KEDUNG OTOK', NULL, NULL),
(4478, 363, 'REJOSO PINGGIR', NULL, NULL),
(4479, 363, 'PULOREJO', NULL, NULL),
(4480, 363, 'SENTUL', NULL, NULL),
(4481, 363, 'BEDAH LAWAK', NULL, NULL),
(4482, 363, 'GABUSBANARAN', NULL, NULL),
(4483, 363, 'PULO GEDANG', NULL, NULL),
(4484, 363, 'JATI WATES', NULL, NULL),
(4485, 363, 'KEPUH DOKO', NULL, NULL),
(4486, 364, 'KEDUNG BETIK', NULL, NULL),
(4487, 364, 'KEDUNG MLATI', NULL, NULL),
(4488, 364, 'WATU DAKON', NULL, NULL),
(4489, 364, 'CARANG REJO', NULL, NULL),
(4490, 364, 'JOMBOK', NULL, NULL),
(4491, 364, 'BLIMBING', NULL, NULL),
(4492, 364, 'WULUH', NULL, NULL),
(4493, 364, 'POJOK REJO', NULL, NULL),
(4494, 364, 'KESAMBEN', NULL, NULL),
(4495, 364, 'PODOROTO', NULL, NULL),
(4496, 364, 'JOMBATAN', NULL, NULL),
(4497, 364, 'JATI DUWUR', NULL, NULL),
(4498, 364, 'POJOK KULON', NULL, NULL),
(4499, 364, 'GUMULAN', NULL, NULL),
(4500, 365, 'SIDOKATON', NULL, NULL),
(4501, 365, 'TAPEN', NULL, NULL),
(4502, 365, 'BAKALANRAYUNG', NULL, NULL),
(4503, 365, 'RANDUWATANG', NULL, NULL),
(4504, 365, 'SUMBER TEGUH', NULL, NULL),
(4505, 365, 'MENTURUS', NULL, NULL),
(4506, 365, 'KUDUBANJAR', NULL, NULL),
(4507, 365, 'MADE', NULL, NULL),
(4508, 365, 'KEPUHREJO', NULL, NULL),
(4509, 365, 'BENDUNGAN', NULL, NULL),
(4510, 365, 'KATEMAS', NULL, NULL),
(4511, 366, 'KEBOAN', NULL, NULL),
(4512, 366, 'KETAPANG KUNING', NULL, NULL),
(4513, 366, 'KEDUNG BOGO', NULL, NULL),
(4514, 366, 'NGUSIKAN', NULL, NULL),
(4515, 366, 'SUMBER NONGKO', NULL, NULL),
(4516, 366, 'MANUNGGAL', NULL, NULL),
(4517, 366, 'NGAMPEL', NULL, NULL),
(4518, 366, 'MOJODANU', NULL, NULL),
(4519, 366, 'CUPAK', NULL, NULL),
(4520, 366, 'ASEM GEDE', NULL, NULL),
(4521, 366, 'KROMONG', NULL, NULL),
(4522, 367, 'TANGGUNG KRAMAT', NULL, NULL),
(4523, 367, 'REJOAGUNG', NULL, NULL),
(4524, 367, 'LOSARI', NULL, NULL),
(4525, 367, 'PLOSO', NULL, NULL),
(4526, 367, 'JATIGEDONG', NULL, NULL),
(4527, 367, 'DADI TUNGGAL', NULL, NULL),
(4528, 367, 'GEDONGOMBO', NULL, NULL),
(4529, 367, 'JATIBANJAR', NULL, NULL),
(4530, 367, 'PAGER TANJUNG', NULL, NULL),
(4531, 367, 'PANDAN BLOLE', NULL, NULL),
(4532, 367, 'KEDUNGDOWO', NULL, NULL),
(4533, 367, 'BAWANGAN', NULL, NULL),
(4534, 367, 'KEBON AGUNG', NULL, NULL),
(4535, 368, 'MARMOYO', NULL, NULL),
(4536, 368, 'TANJUNG WADUNG', NULL, NULL),
(4537, 368, 'MANGUNAN', NULL, NULL),
(4538, 368, 'KEDUNG JATI', NULL, NULL),
(4539, 368, 'KABUH', NULL, NULL),
(4540, 368, 'KARANG PAKIS', NULL, NULL),
(4541, 368, 'BANJAR DOWO', NULL, NULL),
(4542, 368, 'SUMBERRINGIN', NULL, NULL),
(4543, 368, 'SUMBER GONDANG', NULL, NULL),
(4544, 368, 'KAUMAN', NULL, NULL),
(4545, 368, 'MUNUNG KEREP', NULL, NULL),
(4546, 368, 'GENENGAN JASEM', NULL, NULL),
(4547, 368, 'MANDURO', NULL, NULL),
(4548, 368, 'SUKODADI', NULL, NULL),
(4549, 368, 'PENGAMPON', NULL, NULL),
(4550, 368, 'SUMBERAJI', NULL, NULL),
(4551, 369, 'KLITIH', NULL, NULL),
(4552, 369, 'PLABUHAN', NULL, NULL),
(4553, 369, 'KAMPUNGBARU', NULL, NULL),
(4554, 369, 'GEBANG BUNDER', NULL, NULL),
(4555, 369, 'JATIMLEREK', NULL, NULL),
(4556, 369, 'KARANG MOJO', NULL, NULL),
(4557, 369, 'PLANDAAN', NULL, NULL),
(4558, 369, 'BANGSRI', NULL, NULL),
(4559, 369, 'PURISEMANDING', NULL, NULL),
(4560, 369, 'TONDOWULAN', NULL, NULL),
(4561, 369, 'DARUREJO', NULL, NULL),
(4562, 369, 'SUMBERJO', NULL, NULL),
(4563, 369, 'JIPURAPAH', NULL, NULL),
(4564, 370, 'NGLIMAN', NULL, NULL),
(4565, 370, 'BARENG', NULL, NULL),
(4566, 370, 'SAWAHAN', NULL, NULL),
(4567, 370, 'BENDOLO', NULL, NULL),
(4568, 370, 'DUREN', NULL, NULL),
(4569, 370, 'SIDOREJO', NULL, NULL),
(4570, 370, 'MARGOPATUT', NULL, NULL),
(4571, 370, 'SIWALAN', NULL, NULL),
(4572, 370, 'KEBON AGUNG', NULL, NULL),
(4573, 371, 'KLODAN', NULL, NULL),
(4574, 371, 'BLONGKO', NULL, NULL),
(4575, 371, 'KEPEL', NULL, NULL),
(4576, 371, 'KWEDEN', NULL, NULL),
(4577, 371, 'NGETOS', NULL, NULL),
(4578, 371, 'SURU', NULL, NULL),
(4579, 371, 'ORO-ORO OMBO', NULL, NULL),
(4580, 371, 'MOJODUWUR', NULL, NULL),
(4581, 371, 'KUNCIR', NULL, NULL),
(4582, 372, 'SALAMROJO', NULL, NULL),
(4583, 372, 'CEPOKO', NULL, NULL),
(4584, 372, 'MAGUAN', NULL, NULL),
(4585, 372, 'SEMARE', NULL, NULL),
(4586, 372, 'MLILIR', NULL, NULL),
(4587, 372, 'BENDUNGREJO', NULL, NULL),
(4588, 372, 'BERBEK', NULL, NULL),
(4589, 372, 'SENGKUT', NULL, NULL),
(4590, 372, 'NGRAWAN', NULL, NULL),
(4591, 372, 'SUMBERWINDU', NULL, NULL),
(4592, 372, 'KACANGAN', NULL, NULL),
(4593, 372, 'SENDANG BUMEN', NULL, NULL),
(4594, 372, 'SUMBER URIP', NULL, NULL),
(4595, 372, 'PATRANREJO', NULL, NULL),
(4596, 372, 'BALONGREJO', NULL, NULL),
(4597, 372, 'TIRIPAN', NULL, NULL),
(4598, 372, 'SONO PATIK', NULL, NULL),
(4599, 372, 'GROJOGAN', NULL, NULL),
(4600, 372, 'BULU', NULL, NULL),
(4601, 373, 'BAJULAN', NULL, NULL),
(4602, 373, 'MACANAN', NULL, NULL),
(4603, 373, 'GENJENG', NULL, NULL),
(4604, 373, 'KARANGSONO', NULL, NULL),
(4605, 373, 'NGEPEH', NULL, NULL),
(4606, 373, 'GODEAN', NULL, NULL),
(4607, 373, 'PATIHAN', NULL, NULL),
(4608, 373, 'SEKARAN', NULL, NULL),
(4609, 373, 'LOCERET', NULL, NULL),
(4610, 373, 'JATIREJO', NULL, NULL),
(4611, 373, 'TEMPEL WETAN', NULL, NULL),
(4612, 373, 'TEKEN GLAGAHAN', NULL, NULL),
(4613, 373, 'MUNGKUNG', NULL, NULL),
(4614, 373, 'GEJAGAN', NULL, NULL),
(4615, 373, 'CANDIREJO', NULL, NULL),
(4616, 373, 'SUKOREJO', NULL, NULL),
(4617, 373, 'KWAGEAN', NULL, NULL),
(4618, 373, 'KENEP', NULL, NULL),
(4619, 373, 'PUTUKREJO', NULL, NULL),
(4620, 373, 'NGLABAN', NULL, NULL),
(4621, 373, 'SOMBRON', NULL, NULL),
(4622, 373, 'TANJUNGREJO', NULL, NULL),
(4623, 374, 'JOHO', NULL, NULL),
(4624, 374, 'JATIGREGES', NULL, NULL),
(4625, 374, 'SANAN', NULL, NULL),
(4626, 374, 'PACEKULON', NULL, NULL),
(4627, 374, 'GONDANG', NULL, NULL),
(4628, 374, 'CERME', NULL, NULL),
(4629, 374, 'MLANDANGAN', NULL, NULL),
(4630, 374, 'JAMPES', NULL, NULL),
(4631, 374, 'BATEMBAT', NULL, NULL),
(4632, 374, 'BABADAN', NULL, NULL),
(4633, 374, 'BODOR', NULL, NULL),
(4634, 374, 'PACE WETAN', NULL, NULL),
(4635, 374, 'GEMENGGENG', NULL, NULL),
(4636, 374, 'JETIS', NULL, NULL),
(4637, 374, 'BANARAN', NULL, NULL),
(4638, 374, 'KECUBUNG', NULL, NULL),
(4639, 374, 'PLOSOHARJO', NULL, NULL),
(4640, 374, 'KEPANJEN', NULL, NULL),
(4641, 375, 'KEDUNG OMBO', NULL, NULL),
(4642, 375, 'SUMBERKEPUH', NULL, NULL),
(4643, 375, 'KAMPUNGBARU', NULL, NULL),
(4644, 375, 'WATES', NULL, NULL),
(4645, 375, 'MALANGSARI', NULL, NULL),
(4646, 375, 'GETAS', NULL, NULL),
(4647, 375, 'SONOBEKEL', NULL, NULL),
(4648, 375, 'NGADIREJO', NULL, NULL),
(4649, 375, 'BANJAR ANYAR', NULL, NULL),
(4650, 375, 'SIDOHARJO', NULL, NULL),
(4651, 375, 'TANJUNG ANOM', NULL, NULL),
(4652, 375, 'JOGOMERTO', NULL, NULL),
(4653, 375, 'WARUJAYENG', NULL, NULL),
(4654, 375, 'KEDUNGREJO', NULL, NULL),
(4655, 375, 'SAMBIREJO', NULL, NULL),
(4656, 375, 'DEMANGAN', NULL, NULL),
(4657, 376, 'GONDANGLEGI', NULL, NULL),
(4658, 376, 'SINGKAL ANYAR', NULL, NULL),
(4659, 376, 'MOJO AGUNG', NULL, NULL),
(4660, 376, 'BANDUNG', NULL, NULL),
(4661, 376, 'NGLAWAK', NULL, NULL),
(4662, 376, 'BALETURI', NULL, NULL),
(4663, 376, 'TEGARON', NULL, NULL),
(4664, 376, 'TANJUNG TANI', NULL, NULL),
(4665, 376, 'SANGGRAHAN', NULL, NULL),
(4666, 376, 'ROWOHARJO', NULL, NULL),
(4667, 376, 'SUGIHWARAS', NULL, NULL),
(4668, 376, 'WATU DANDANG', NULL, NULL),
(4669, 376, 'SONO AGENG', NULL, NULL),
(4670, 376, 'KURUNGREJO', NULL, NULL),
(4671, 377, 'JUWET', NULL, NULL),
(4672, 377, 'TANJUNG KALANG', NULL, NULL),
(4673, 377, 'KELUTAN', NULL, NULL),
(4674, 377, 'CENGKOK', NULL, NULL),
(4675, 377, 'MOJOKENDIL', NULL, NULL),
(4676, 377, 'NGRONGGOT', NULL, NULL),
(4677, 377, 'BANJAR SARI', NULL, NULL),
(4678, 377, 'DADAPAN', NULL, NULL),
(4679, 377, 'KLURAHAN', NULL, NULL),
(4680, 377, 'BETET', NULL, NULL),
(4681, 377, 'KALORAN', NULL, NULL),
(4682, 377, 'KALI ANYAR', NULL, NULL),
(4683, 377, 'TRAYANG', NULL, NULL),
(4684, 378, 'DRENGES', NULL, NULL),
(4685, 378, 'JUWONO', NULL, NULL),
(4686, 378, 'BANGSRI', NULL, NULL),
(4687, 378, 'KALIANYAR', NULL, NULL),
(4688, 378, 'TANJUNG', NULL, NULL),
(4689, 378, 'NGLAWAK', NULL, NULL),
(4690, 378, 'KEPUH', NULL, NULL),
(4691, 378, 'TEMBARAK', NULL, NULL),
(4692, 378, 'PELEM', NULL, NULL),
(4693, 378, 'KUTOREJO', NULL, NULL),
(4694, 378, 'BANARAN', NULL, NULL),
(4695, 378, 'LAMBANG KUNING', NULL, NULL),
(4696, 378, 'PANDAN TOYO', NULL, NULL),
(4697, 378, 'KUDU', NULL, NULL),
(4698, 379, 'LESTARI', NULL, NULL),
(4699, 379, 'PISANG', NULL, NULL),
(4700, 379, 'PECUK', NULL, NULL),
(4701, 379, 'NGROMBOT', NULL, NULL),
(4702, 379, 'TIRTOBINANGUN', NULL, NULL),
(4703, 379, 'ROWOMARTO', NULL, NULL),
(4704, 379, 'PAKUNCEN', NULL, NULL),
(4705, 379, 'PATIANROWO', NULL, NULL),
(4706, 379, 'NGEPUNG', NULL, NULL),
(4707, 379, 'BABADAN', NULL, NULL),
(4708, 379, 'BUKUR', NULL, NULL),
(4709, 380, 'SAMBIROTO', NULL, NULL),
(4710, 380, 'GEBANG KEREP', NULL, NULL),
(4711, 380, 'BARON', NULL, NULL),
(4712, 380, 'WAUNG', NULL, NULL),
(4713, 380, 'KEMLOKOLEGI', NULL, NULL),
(4714, 380, 'KEMADUH', NULL, NULL),
(4715, 380, 'GARU', NULL, NULL),
(4716, 380, 'JEKEK', NULL, NULL),
(4717, 380, 'JAMBI', NULL, NULL),
(4718, 380, 'MABUNG', NULL, NULL),
(4719, 380, 'KATERBAN', NULL, NULL),
(4720, 381, 'SUMBERJO', NULL, NULL),
(4721, 381, 'NGLINGGO', NULL, NULL),
(4722, 381, 'MOJOSETO', NULL, NULL),
(4723, 381, 'KARANGSEMI', NULL, NULL),
(4724, 381, 'SENJAYAN', NULL, NULL),
(4725, 381, 'KEDUNG GLUGU', NULL, NULL),
(4726, 381, 'JAAN', NULL, NULL),
(4727, 381, 'SUMBER AGUNG', NULL, NULL),
(4728, 381, 'KETAWANG', NULL, NULL),
(4729, 381, 'NGUJUNG', NULL, NULL),
(4730, 381, 'LOSARI', NULL, NULL),
(4731, 381, 'SANGGRAHAN', NULL, NULL),
(4732, 381, 'BALONG GEBANG', NULL, NULL),
(4733, 381, 'PANDEAN', NULL, NULL),
(4734, 381, 'CAMPUR', NULL, NULL),
(4735, 381, 'GONDANG KULON', NULL, NULL),
(4736, 381, 'SENGGOWAR', NULL, NULL),
(4737, 382, 'SUMENGKO', NULL, NULL),
(4738, 382, 'KAPAS', NULL, NULL),
(4739, 382, 'BLITARAN', NULL, NULL),
(4740, 382, 'KEDUNG SOKO', NULL, NULL),
(4741, 382, 'NGLUNDO', NULL, NULL),
(4742, 382, 'BUNGUR', NULL, NULL),
(4743, 382, 'SUKOMORO', NULL, NULL),
(4744, 382, 'PEHSERUT', NULL, NULL),
(4745, 382, 'NGRAMI', NULL, NULL),
(4746, 382, 'BAGOR WETAN', NULL, NULL),
(4747, 382, 'PUTREN', NULL, NULL),
(4748, 382, 'NGRENGKET', NULL, NULL),
(4749, 383, 'JATIREJO', NULL, NULL),
(4750, 383, 'PLOSO', NULL, NULL),
(4751, 383, 'KRAMAT', NULL, NULL),
(4752, 383, 'PAYAMAN', NULL, NULL),
(4753, 383, 'KARTOHARJO', NULL, NULL),
(4754, 383, 'CANGKRINGAN', NULL, NULL),
(4755, 383, 'BOGO', NULL, NULL),
(4756, 383, 'KAUMAN', NULL, NULL),
(4757, 383, 'GANUNG KIDUL', NULL, NULL),
(4758, 383, 'MANGUN DIKARAN', NULL, NULL),
(4759, 383, 'WERUNGOTOK', NULL, NULL),
(4760, 383, 'BEGADUNG', NULL, NULL),
(4761, 383, 'RINGIN ANOM', NULL, NULL),
(4762, 383, 'KEDUNG DOWO', NULL, NULL),
(4763, 383, 'BALONG PACUL', NULL, NULL),
(4764, 384, 'BALONGREJO', NULL, NULL),
(4765, 384, 'GIRIREJO', NULL, NULL),
(4766, 384, 'PESUDUKUH', NULL, NULL),
(4767, 384, 'SEKAR PUTIH', NULL, NULL),
(4768, 384, 'BUDURAN', NULL, NULL),
(4769, 384, 'NGUMPUL', NULL, NULL),
(4770, 384, 'BAGOR KULON', NULL, NULL),
(4771, 384, 'PETAK', NULL, NULL),
(4772, 384, 'PARON', NULL, NULL),
(4773, 384, 'KARANG TENGAH', NULL, NULL),
(4774, 384, 'SELOREJO', NULL, NULL),
(4775, 384, 'GANDU', NULL, NULL),
(4776, 384, 'GUYANGAN', NULL, NULL),
(4777, 384, 'KEDONDONG', NULL, NULL),
(4778, 384, 'SUGIH WARAS', NULL, NULL),
(4779, 384, 'KUTOREJO', NULL, NULL),
(4780, 384, 'KEREP KIDUL', NULL, NULL),
(4781, 384, 'GEMENGGENG', NULL, NULL),
(4782, 384, 'KENDAL REJO', NULL, NULL),
(4783, 384, 'BANARAN KULON', NULL, NULL),
(4784, 384, 'BANARAN WETAN', NULL, NULL),
(4785, 385, 'SUDIMOROHARJO', NULL, NULL),
(4786, 385, 'NGADIPIRO', NULL, NULL),
(4787, 385, 'WILANGAN', NULL, NULL),
(4788, 385, 'MANCON', NULL, NULL),
(4789, 385, 'NGUDIKAN', NULL, NULL),
(4790, 385, 'SUKOHARJO', NULL, NULL),
(4791, 386, 'SIDOKARE', NULL, NULL),
(4792, 386, 'SUKOREJO', NULL, NULL),
(4793, 386, 'MUNGKUNG', NULL, NULL),
(4794, 386, 'GEMPOL', NULL, NULL),
(4795, 386, 'PUH KEREP', NULL, NULL),
(4796, 386, 'MLORAH', NULL, NULL),
(4797, 386, 'JATIREJO', NULL, NULL),
(4798, 386, 'KLAGEN', NULL, NULL),
(4799, 386, 'SETREN', NULL, NULL),
(4800, 386, 'MOJOREMBUN', NULL, NULL),
(4801, 386, 'NGADIBOYO', NULL, NULL),
(4802, 386, 'REJOSO', NULL, NULL),
(4803, 386, 'TALANG', NULL, NULL),
(4804, 386, 'NGANGKATAN', NULL, NULL),
(4805, 386, 'TALUN', NULL, NULL),
(4806, 386, 'JINTEL', NULL, NULL),
(4807, 386, 'MUSIR KIDUL', NULL, NULL),
(4808, 386, 'BANJAREJO', NULL, NULL),
(4809, 386, 'SAMBI KEREP', NULL, NULL),
(4810, 386, 'MUSIR LOR', NULL, NULL),
(4811, 386, 'WENGKAL', NULL, NULL),
(4812, 386, 'KEDUNG PADANG', NULL, NULL),
(4813, 386, 'TRITIK', NULL, NULL),
(4814, 386, 'BENDA ASRI', NULL, NULL),
(4815, 387, 'SUGIHWARAS', NULL, NULL),
(4816, 387, 'NGLUYU', NULL, NULL),
(4817, 387, 'TEMPURAN', NULL, NULL),
(4818, 387, 'LENGKONG LOR', NULL, NULL),
(4819, 387, 'GAMPENG', NULL, NULL),
(4820, 387, 'BAJANG', NULL, NULL),
(4821, 388, 'BANJAR DOWO', NULL, NULL),
(4822, 388, 'JATI PUNGGUR', NULL, NULL),
(4823, 388, 'LENGKONG', NULL, NULL),
(4824, 388, 'JEGREG', NULL, NULL),
(4825, 388, 'KEDUNG MLATEN', NULL, NULL),
(4826, 388, 'PRAYUNGAN', NULL, NULL),
(4827, 388, 'BALONG ASEM', NULL, NULL),
(4828, 388, 'SAWAHAN', NULL, NULL),
(4829, 388, 'NGRINGIN', NULL, NULL),
(4830, 388, 'KETANDAN', NULL, NULL),
(4831, 388, 'BANGGLE', NULL, NULL),
(4832, 388, 'SUMBER KEPUH', NULL, NULL),
(4833, 388, 'SUMBERSONO', NULL, NULL),
(4834, 388, 'PINGGIR', NULL, NULL),
(4835, 388, 'NGEPUNG', NULL, NULL),
(4836, 388, 'SUMBERMIRI', NULL, NULL),
(4837, 389, 'PERNING', NULL, NULL),
(4838, 389, 'NGASEM', NULL, NULL),
(4839, 389, 'GONDANG WETAN', NULL, NULL),
(4840, 389, 'JATIKALEN', NULL, NULL),
(4841, 389, 'DLURUREJO', NULL, NULL),
(4842, 389, 'BEGENDENG', NULL, NULL),
(4843, 389, 'LUMPANG KUWIK', NULL, NULL),
(4844, 389, 'DAWUHAN', NULL, NULL),
(4845, 389, 'MUNUNG', NULL, NULL),
(4846, 389, 'PULOWETAN', NULL, NULL),
(4847, 389, 'PULE', NULL, NULL),
(4848, 390, 'TAMBAKMAS', NULL, NULL),
(4849, 390, 'TANJUNGREJO', NULL, NULL),
(4850, 390, 'SUKOREJO', NULL, NULL),
(4851, 390, 'PUCANGANOM', NULL, NULL),
(4852, 390, 'KRANDEGAN', NULL, NULL),
(4853, 390, 'SINGGAHAN', NULL, NULL),
(4854, 390, 'SIDOREJO', NULL, NULL),
(4855, 390, 'PALUR', NULL, NULL),
(4856, 390, 'MOJOREJO', NULL, NULL),
(4857, 390, 'KEBONSARI', NULL, NULL),
(4858, 390, 'REJOSARI', NULL, NULL),
(4859, 390, 'BALEREJO', NULL, NULL),
(4860, 390, 'BACEM', NULL, NULL),
(4861, 390, 'KEDONDONG', NULL, NULL),
(4862, 391, 'BANARAN', NULL, NULL),
(4863, 391, 'KLOROGAN', NULL, NULL),
(4864, 391, 'SLAMBUR', NULL, NULL),
(4865, 391, 'GEGER', NULL, NULL),
(4866, 391, 'SARENG', NULL, NULL),
(4867, 391, 'PURWOREJO', NULL, NULL),
(4868, 391, 'SUMBEREJO', NULL, NULL),
(4869, 391, 'JATISARI', NULL, NULL),
(4870, 391, 'UTERAN', NULL, NULL),
(4871, 391, 'PAGOTAN', NULL, NULL),
(4872, 391, 'JOGODAYUH', NULL, NULL),
(4873, 391, 'NGLANDUNG', NULL, NULL),
(4874, 391, 'SAMBEREJO', NULL, NULL),
(4875, 391, 'PUTAT', NULL, NULL),
(4876, 391, 'SANGEN', NULL, NULL),
(4877, 391, 'KERTOSARI', NULL, NULL),
(4878, 391, 'KERTOBANYON', NULL, NULL),
(4879, 391, 'KAIBON', NULL, NULL),
(4880, 391, 'KRANGGAN', NULL, NULL),
(4881, 392, 'LEMBAH', NULL, NULL),
(4882, 392, 'MLILIR', NULL, NULL),
(4883, 392, 'KRADINAN', NULL, NULL),
(4884, 392, 'SULUK', NULL, NULL),
(4885, 392, 'BLIMBING', NULL, NULL),
(4886, 392, 'BADER', NULL, NULL),
(4887, 392, 'CANDIMULYO', NULL, NULL),
(4888, 392, 'GLONGGONG', NULL, NULL),
(4889, 392, 'DOLOPO', NULL, NULL),
(4890, 392, 'DOHO', NULL, NULL),
(4891, 392, 'KETAWANG', NULL, NULL),
(4892, 392, 'BANGUNSARI', NULL, NULL),
(4893, 393, 'KETANDAN', NULL, NULL),
(4894, 393, 'TILENG', NULL, NULL),
(4895, 393, 'MENDAK', NULL, NULL),
(4896, 393, 'SEGULUNG', NULL, NULL),
(4897, 393, 'PADAS', NULL, NULL),
(4898, 393, 'NGRANGET', NULL, NULL),
(4899, 393, 'JOHO', NULL, NULL),
(4900, 393, 'KEPET', NULL, NULL),
(4901, 393, 'DAGANGAN', NULL, NULL),
(4902, 393, 'JETIS', NULL, NULL),
(4903, 393, 'PRAMBON', NULL, NULL),
(4904, 393, 'BANJAREJO', NULL, NULL),
(4905, 393, 'MRUWAK', NULL, NULL),
(4906, 393, 'BANJARSARI WETAN', NULL, NULL),
(4907, 393, 'BANJARSARI KULON', NULL, NULL),
(4908, 393, 'SEWULAN', NULL, NULL),
(4909, 393, 'SUKOSARI', NULL, NULL),
(4910, 394, 'SIDOREJO', NULL, NULL),
(4911, 394, 'PILANGREJO', NULL, NULL),
(4912, 394, 'MUNGGUT', NULL, NULL),
(4913, 394, 'MOJOPURNO', NULL, NULL),
(4914, 394, 'KARANGREJO', NULL, NULL),
(4915, 394, 'BRUMBUN', NULL, NULL),
(4916, 394, 'KRESEK', NULL, NULL),
(4917, 394, 'WUNGU', NULL, NULL),
(4918, 394, 'MOJORAYUNG', NULL, NULL),
(4919, 394, 'BANTENGAN', NULL, NULL),
(4920, 394, 'TEMPURSARI', NULL, NULL),
(4921, 394, 'NGLANDUK', NULL, NULL),
(4922, 394, 'NGLAMBANGAN', NULL, NULL),
(4923, 394, 'SOBRAH', NULL, NULL),
(4924, 395, 'BODAG', NULL, NULL),
(4925, 395, 'KEPEL', NULL, NULL),
(4926, 395, 'KARE', NULL, NULL),
(4927, 395, 'BOLO', NULL, NULL),
(4928, 395, 'KUWIRAN', NULL, NULL),
(4929, 395, 'RANDUALAS', NULL, NULL),
(4930, 395, 'CERMO', NULL, NULL),
(4931, 395, 'MORANG', NULL, NULL),
(4932, 396, 'BATOK', NULL, NULL),
(4933, 396, 'DURENAN', NULL, NULL),
(4934, 396, 'WINONG', NULL, NULL),
(4935, 396, 'TAWANGREJO', NULL, NULL),
(4936, 396, 'GEMARANG', NULL, NULL),
(4937, 396, 'SEBAYI', NULL, NULL),
(4938, 396, 'NAMPU', NULL, NULL),
(4939, 397, 'BAJULAN', NULL, NULL),
(4940, 397, 'SUKOREJO', NULL, NULL),
(4941, 397, 'NGEPEH', NULL, NULL),
(4942, 397, 'BONGSOPOTRO', NULL, NULL),
(4943, 397, 'SIDOREJO', NULL, NULL),
(4944, 397, 'SUGIHWARAS', NULL, NULL),
(4945, 397, 'BANDUNGAN', NULL, NULL),
(4946, 397, 'PAJARAN', NULL, NULL),
(4947, 397, 'KLUMUTAN', NULL, NULL),
(4948, 397, 'SUMBERSARI', NULL, NULL),
(4949, 397, 'BENER', NULL, NULL),
(4950, 397, 'TULUNG', NULL, NULL),
(4951, 397, 'SAMBIREJO', NULL, NULL),
(4952, 397, 'SUMBERBENDO', NULL, NULL),
(4953, 397, 'KLANGON', NULL, NULL),
(4954, 398, 'PURWOREJO', NULL, NULL),
(4955, 398, 'WONOAYU', NULL, NULL),
(4956, 398, 'KEDUNGREJO', NULL, NULL),
(4957, 398, 'KEDUNGMARON', NULL, NULL),
(4958, 398, 'DUREN', NULL, NULL),
(4959, 398, 'SUMBERGANDU', NULL, NULL),
(4960, 398, 'PILANGKENCENG', NULL, NULL),
(4961, 398, 'MUNENG', NULL, NULL),
(4962, 398, 'PULEREJO', NULL, NULL),
(4963, 398, 'NGALE', NULL, NULL),
(4964, 398, 'KREBET', NULL, NULL),
(4965, 398, 'KEDUNG BANTENG', NULL, NULL),
(4966, 398, 'LUWORO', NULL, NULL),
(4967, 398, 'GANDUL', NULL, NULL),
(4968, 398, 'NGENGOR', NULL, NULL),
(4969, 398, 'KENONGOREJO', NULL, NULL),
(4970, 398, 'BULU', NULL, NULL),
(4971, 398, 'DAWUHAN', NULL, NULL),
(4972, 399, 'BLABAKAN', NULL, NULL),
(4973, 399, 'WONOREJO', NULL, NULL),
(4974, 399, 'KEBONAGUNG', NULL, NULL),
(4975, 399, 'DARMOREJO', NULL, NULL),
(4976, 399, 'KALIGUNTING', NULL, NULL),
(4977, 399, 'SIDODADI', NULL, NULL),
(4978, 399, 'KUNCEN', NULL, NULL),
(4979, 399, 'KLECOREJO', NULL, NULL),
(4980, 399, 'KALIABU', NULL, NULL),
(4981, 399, 'KRAJAN', NULL, NULL),
(4982, 399, 'PANDEYAN', NULL, NULL),
(4983, 399, 'MEJAYAN', NULL, NULL),
(4984, 399, 'BANGUNSARI', NULL, NULL),
(4985, 399, 'NGAMPEL', NULL, NULL),
(4986, 400, 'NGADIREJO', NULL, NULL),
(4987, 400, 'JATIREJO', NULL, NULL),
(4988, 400, 'BANYUKAMBANG', NULL, NULL),
(4989, 400, 'SIDOMULYO', NULL, NULL),
(4990, 400, 'PLUMPUNGREJO', NULL, NULL),
(4991, 400, 'WONOASRI', NULL, NULL),
(4992, 400, 'BANCONG', NULL, NULL),
(4993, 400, 'KLITIK', NULL, NULL),
(4994, 400, 'PURWOSARI', NULL, NULL),
(4995, 400, 'BUDURAN', NULL, NULL),
(4996, 401, 'GARON', NULL, NULL),
(4997, 401, 'BALEREJO', NULL, NULL),
(4998, 401, 'KEBONAGUNG', NULL, NULL),
(4999, 401, 'GADING', NULL, NULL),
(5000, 401, 'JERUKGULUNG', NULL, NULL),
(5001, 401, 'SUMBERBENING', NULL, NULL),
(5002, 401, 'BULAKREJO', NULL, NULL),
(5003, 401, 'TAPELAN', NULL, NULL),
(5004, 401, 'BABADAN LOR', NULL, NULL),
(5005, 401, 'WARUREJO', NULL, NULL),
(5006, 401, 'KEDUNGJATI', NULL, NULL),
(5007, 401, 'GLONGGONG', NULL, NULL),
(5008, 401, 'SOGO', NULL, NULL),
(5009, 401, 'BANARAN', NULL, NULL),
(5010, 401, 'KEDUNGREJO', NULL, NULL),
(5011, 401, 'KUWU', NULL, NULL),
(5012, 401, 'PACINAN', NULL, NULL),
(5013, 401, 'SIMO', NULL, NULL),
(5014, 402, 'DEMPELAN', NULL, NULL),
(5015, 402, 'BETEK', NULL, NULL),
(5016, 402, 'SENDANGREJO', NULL, NULL),
(5017, 402, 'SIRAPAN', NULL, NULL),
(5018, 402, 'DIMONG', NULL, NULL),
(5019, 402, 'TULUNGREJO', NULL, NULL),
(5020, 402, 'SUMBEREJO', NULL, NULL),
(5021, 402, 'TANJUNGREJO', NULL, NULL),
(5022, 402, 'BANJARSARI', NULL, NULL),
(5023, 402, 'NGLAMES', NULL, NULL),
(5024, 402, 'TIRON', NULL, NULL),
(5025, 402, 'GUNUNGSARI', NULL, NULL),
(5026, 402, 'BAGI', NULL, NULL),
(5027, 403, 'KANUNG', NULL, NULL),
(5028, 403, 'SIDOMULYO', NULL, NULL),
(5029, 403, 'REJOSARI', NULL, NULL),
(5030, 403, 'BAKUR', NULL, NULL),
(5031, 403, 'PUCANGREJO', NULL, NULL),
(5032, 403, 'KROKEH', NULL, NULL),
(5033, 403, 'LEBAKAYU', NULL, NULL),
(5034, 403, 'GOLAN', NULL, NULL),
(5035, 403, 'CABEAN', NULL, NULL),
(5036, 403, 'SAWAHAN', NULL, NULL),
(5037, 403, 'PULE', NULL, NULL),
(5038, 403, 'KAJANG', NULL, NULL),
(5039, 403, 'KLUMPIT', NULL, NULL),
(5040, 404, 'BUKUR', NULL, NULL),
(5041, 404, 'SAMBIREJO', NULL, NULL),
(5042, 404, 'METESIH', NULL, NULL),
(5043, 404, 'JIWAN', NULL, NULL),
(5044, 404, 'SUKOLILO', NULL, NULL),
(5045, 404, 'KINCANG WETAN', NULL, NULL),
(5046, 404, 'KWANGSEN', NULL, NULL),
(5047, 404, 'GROBOGAN', NULL, NULL),
(5048, 404, 'WAYUT', NULL, NULL),
(5049, 404, 'KLAGEN SERUT', NULL, NULL),
(5050, 404, 'TEGUHAN', NULL, NULL),
(5051, 404, 'NGETREP', NULL, NULL),
(5052, 404, 'BEDOHO', NULL, NULL),
(5053, 404, 'BIBRIK', NULL, NULL),
(5054, 405, 'GONGGANG', NULL, NULL),
(5055, 405, 'PONCOL', NULL, NULL),
(5056, 405, 'CILENG', NULL, NULL),
(5057, 405, 'SOMBO', NULL, NULL),
(5058, 405, 'PLANGKRONGAN', NULL, NULL),
(5059, 405, 'ALASTUWO', NULL, NULL),
(5060, 405, 'JANGGAN', NULL, NULL),
(5061, 405, 'GENILANGIT', NULL, NULL),
(5062, 406, 'SAYUTAN', NULL, NULL),
(5063, 406, 'NGLOPANG', NULL, NULL),
(5064, 406, 'MATEGAL', NULL, NULL),
(5065, 406, 'BUNGKUK', NULL, NULL),
(5066, 406, 'TROSONO', NULL, NULL),
(5067, 406, 'NGUNUT', NULL, NULL),
(5068, 406, 'NGAGLIK', NULL, NULL),
(5069, 406, 'PARANG', NULL, NULL),
(5070, 406, 'TAMANARUM', NULL, NULL),
(5071, 406, 'PRAGAK', NULL, NULL),
(5072, 406, 'SUNDUL', NULL, NULL),
(5073, 406, 'KRAJAN', NULL, NULL),
(5074, 406, 'JOKETRO', NULL, NULL),
(5075, 407, 'KEDIREN', NULL, NULL),
(5076, 407, 'LEMBEYAN KULON', NULL, NULL),
(5077, 407, 'LEMBEYAN WETAN', NULL, NULL),
(5078, 407, 'TUNGGUR', NULL, NULL),
(5079, 407, 'DUKUH', NULL, NULL),
(5080, 407, 'KEDUNGPANJI', NULL, NULL),
(5081, 407, 'NGURI', NULL, NULL),
(5082, 407, 'PUPUS', NULL, NULL),
(5083, 407, 'TAPEN', NULL, NULL),
(5084, 407, 'KROWE', NULL, NULL),
(5085, 408, 'KIRINGAN', NULL, NULL),
(5086, 408, 'DUYUNG', NULL, NULL),
(5087, 408, 'TAWANGREJO', NULL, NULL),
(5088, 408, 'SAWOJAJAR', NULL, NULL),
(5089, 408, 'TAKERAN', NULL, NULL),
(5090, 408, 'KUWONHARJO', NULL, NULL),
(5091, 408, 'KEPUHREJO', NULL, NULL),
(5092, 408, 'KERIK', NULL, NULL),
(5093, 408, 'WADUK', NULL, NULL),
(5094, 408, 'JOMBLANG', NULL, NULL),
(5095, 408, 'KERANG', NULL, NULL),
(5096, 408, 'MADIGONDO', NULL, NULL),
(5097, 409, 'SUKOWIDI', NULL, NULL),
(5098, 409, 'SEMEN', NULL, NULL),
(5099, 409, 'GORANG GARENG', NULL, NULL),
(5100, 409, 'PETUNGREJO', NULL, NULL),
(5101, 409, 'NGUNTORONADI', NULL, NULL),
(5102, 409, 'DRIYOREJO', NULL, NULL),
(5103, 409, 'SIMBATAN', NULL, NULL),
(5104, 409, 'PURWOREJO', NULL, NULL),
(5105, 409, 'KENONGOMULYO', NULL, NULL),
(5106, 410, 'GIRIPURNO', NULL, NULL),
(5107, 410, 'NGENTEP', NULL, NULL),
(5108, 410, 'BALEREJO', NULL, NULL),
(5109, 410, 'GARON', NULL, NULL),
(5110, 410, 'TLADAN', NULL, NULL),
(5111, 410, 'POJOK', NULL, NULL),
(5112, 410, 'TULUNG', NULL, NULL),
(5113, 410, 'NGUNUT', NULL, NULL),
(5114, 410, 'KAWEDANAN', NULL, NULL),
(5115, 410, 'SAMPUNG', NULL, NULL),
(5116, 410, 'MANGUNREJO', NULL, NULL),
(5117, 410, 'SELOREJO', NULL, NULL),
(5118, 410, 'JAMBANGAN', NULL, NULL),
(5119, 410, 'BOGEM', NULL, NULL),
(5120, 410, 'REJOSARI', NULL, NULL),
(5121, 410, 'MOJOREJO', NULL, NULL),
(5122, 410, 'GENENGAN', NULL, NULL),
(5123, 410, 'KARANGREJO', NULL, NULL),
(5124, 410, 'NGADIREJO', NULL, NULL),
(5125, 410, 'SUGIHREJO', NULL, NULL),
(5126, 411, 'RINGINAGUNG', NULL, NULL),
(5127, 411, 'CANDIREJO', NULL, NULL),
(5128, 411, 'SELOSARI', NULL, NULL),
(5129, 411, 'MAGETAN', NULL, NULL),
(5130, 411, 'BULUKERTO', NULL, NULL),
(5131, 411, 'MANGKUJAYAN', NULL, NULL),
(5132, 411, 'TAMBAKREJO', NULL, NULL),
(5133, 411, 'TAMBRAN', NULL, NULL),
(5134, 411, 'KEBONAGUNG', NULL, NULL),
(5135, 411, 'KEPOLOREJO', NULL, NULL),
(5136, 411, 'TAWANGANOM', NULL, NULL),
(5137, 411, 'SUKOWINANGUN', NULL, NULL),
(5138, 411, 'BARON', NULL, NULL),
(5139, 411, 'PURWOSARI', NULL, NULL),
(5140, 412, 'SELOTINATAH', NULL, NULL),
(5141, 412, 'PENDEM', NULL, NULL),
(5142, 412, 'BANYUDONO', NULL, NULL),
(5143, 412, 'BANJARPANJANG', NULL, NULL),
(5144, 412, 'BANJAREJO', NULL, NULL),
(5145, 412, 'MOJOPURNO', NULL, NULL),
(5146, 412, 'BALEGONDO', NULL, NULL),
(5147, 412, 'NGARIBOYO', NULL, NULL),
(5148, 412, 'BALEASRI', NULL, NULL),
(5149, 412, 'SUMBERDUKUN', NULL, NULL),
(5150, 412, 'SELOPANGGUNG', NULL, NULL),
(5151, 412, 'BANGSRI', NULL, NULL),
(5152, 413, 'NGANCAR', NULL, NULL),
(5153, 413, 'PLUMPUNG', NULL, NULL),
(5154, 413, 'PUNTUKDORO', NULL, NULL),
(5155, 413, 'BULUGUNUNG', NULL, NULL),
(5156, 413, 'BOGOARUM', NULL, NULL),
(5157, 413, 'RANDUGEDE', NULL, NULL),
(5158, 413, 'SUMBERAGUNG', NULL, NULL),
(5159, 413, 'NITIKAN', NULL, NULL),
(5160, 413, 'SIDOMUKTI', NULL, NULL),
(5161, 413, 'BULUHARJO', NULL, NULL),
(5162, 413, 'PLAOSAN', NULL, NULL),
(5163, 413, 'DADI', NULL, NULL),
(5164, 413, 'SARANGAN', NULL, NULL),
(5165, 413, 'PACALAN', NULL, NULL),
(5166, 413, 'SENDANGAGUNG', NULL, NULL),
(5167, 414, 'GETASANYAR', NULL, NULL),
(5168, 414, 'SIDOREJO', NULL, NULL),
(5169, 414, 'DURENAN', NULL, NULL),
(5170, 414, 'SAMBIROBYONG', NULL, NULL),
(5171, 414, 'CAMPURSARI', NULL, NULL),
(5172, 414, 'KALANG', NULL, NULL),
(5173, 414, 'WIDOROKANDANG', NULL, NULL),
(5174, 414, 'SIDOKERTO', NULL, NULL),
(5175, 414, 'SUMBERSAWIT', NULL, NULL),
(5176, 414, 'SIDOMULYO', NULL, NULL),
(5177, 415, 'TERUNG', NULL, NULL),
(5178, 415, 'CEPOKO', NULL, NULL),
(5179, 415, 'MILANGASRI', NULL, NULL),
(5180, 415, 'WATES', NULL, NULL),
(5181, 415, 'PANEKAN', NULL, NULL),
(5182, 415, 'MANJUNG', NULL, NULL),
(5183, 415, 'TANJUNGSARI', NULL, NULL),
(5184, 415, 'SUMBERDODOL', NULL, NULL),
(5185, 415, 'TAPAK', NULL, NULL),
(5186, 415, 'SUKOWIDI', NULL, NULL),
(5187, 415, 'BEDAGUNG', NULL, NULL),
(5188, 415, 'NGILIRAN', NULL, NULL),
(5189, 415, 'JABUNG', NULL, NULL),
(5190, 415, 'REJOMULYO', NULL, NULL),
(5191, 415, 'TURI', NULL, NULL),
(5192, 415, 'SIDOWAYAH', NULL, NULL),
(5193, 415, 'BANJAREJO', NULL, NULL),
(5194, 416, 'KALANGKETI', NULL, NULL),
(5195, 416, 'TAMANAN', NULL, NULL),
(5196, 416, 'TAMBAKMAS', NULL, NULL),
(5197, 416, 'BANDAR', NULL, NULL),
(5198, 416, 'BIBIS', NULL, NULL),
(5199, 416, 'SUKOMORO', NULL, NULL),
(5200, 416, 'BULU', NULL, NULL),
(5201, 416, 'POJOKSARI', NULL, NULL),
(5202, 416, 'TINAP', NULL, NULL),
(5203, 416, 'KEMBANGAN', NULL, NULL),
(5204, 416, 'KEDUNGGUWO', NULL, NULL),
(5205, 416, 'KENTANGAN', NULL, NULL),
(5206, 416, 'BOGEM', NULL, NULL),
(5207, 416, 'TRUNENG', NULL, NULL),
(5208, 417, 'DUKUH', NULL, NULL),
(5209, 417, 'BELOTAN', NULL, NULL),
(5210, 417, 'PINGKUK', NULL, NULL),
(5211, 417, 'TANJUNG', NULL, NULL),
(5212, 417, 'TEGALARUM', NULL, NULL),
(5213, 417, 'BULAK', NULL, NULL),
(5214, 417, 'SOCO', NULL, NULL),
(5215, 417, 'CARIKAN', NULL, NULL),
(5216, 417, 'BENDO', NULL, NULL),
(5217, 417, 'BULUGLEDEG', NULL, NULL),
(5218, 417, 'DUWET', NULL, NULL),
(5219, 417, 'SETREN', NULL, NULL),
(5220, 417, 'KLECO', NULL, NULL),
(5221, 417, 'KLEDOKAN', NULL, NULL),
(5222, 417, 'LEMAHBANG', NULL, NULL),
(5223, 417, 'KINANDANG', NULL, NULL),
(5224, 418, 'SUGIHWARAS', NULL, NULL),
(5225, 418, 'TANJUNGSEPREH', NULL, NULL),
(5226, 418, 'GULUN', NULL, NULL),
(5227, 418, 'MALANG', NULL, NULL),
(5228, 418, 'MAOSPATI', NULL, NULL),
(5229, 418, 'KLAGEN GAMBIRAN', NULL, NULL),
(5230, 418, 'PANDEYAN', NULL, NULL),
(5231, 418, 'SURATMAJAN', NULL, NULL),
(5232, 418, 'RONOWIJAYAN', NULL, NULL),
(5233, 418, 'NGUJUNG', NULL, NULL),
(5234, 418, 'SUMBEREJO', NULL, NULL),
(5235, 418, 'PESU', NULL, NULL),
(5236, 418, 'KRATON', NULL, NULL),
(5237, 418, 'MRANGGEN', NULL, NULL),
(5238, 418, 'SEMPOL', NULL, NULL),
(5239, 419, 'MANTREN', NULL, NULL),
(5240, 419, 'GONDANG', NULL, NULL),
(5241, 419, 'SAMBIREMBE', NULL, NULL),
(5242, 419, 'PATIHAN', NULL, NULL),
(5243, 419, 'KARANGREJO', NULL, NULL),
(5244, 419, 'MANISREJO', NULL, NULL),
(5245, 419, 'PELEM', NULL, NULL),
(5246, 419, 'GEBYOG', NULL, NULL),
(5247, 419, 'PRAMPELAN', NULL, NULL),
(5248, 419, 'GRABAHAN', NULL, NULL),
(5249, 419, 'KAUMAN', NULL, NULL),
(5250, 419, 'MARON', NULL, NULL),
(5251, 419, 'BALUK', NULL, NULL),
(5252, 420, 'BOTOK', NULL, NULL),
(5253, 420, 'GINUK', NULL, NULL),
(5254, 420, 'TAJI', NULL, NULL),
(5255, 420, 'TEMBORO', NULL, NULL),
(5256, 420, 'TEMENGGUNGAN', NULL, NULL),
(5257, 420, 'JUNGKE', NULL, NULL),
(5258, 420, 'GEPLAK', NULL, NULL),
(5259, 420, 'KARAS', NULL, NULL),
(5260, 420, 'KUWON', NULL, NULL),
(5261, 420, 'SOBONTORO', NULL, NULL),
(5262, 420, 'SUMURSONGO', NULL, NULL),
(5263, 421, 'BANJAREJO', NULL, NULL),
(5264, 421, 'PURWODADI', NULL, NULL),
(5265, 421, 'KARANGSONO', NULL, NULL),
(5266, 421, 'BOGOREJO', NULL, NULL),
(5267, 421, 'TEBON', NULL, NULL),
(5268, 421, 'MANJUNG', NULL, NULL),
(5269, 421, 'PANGGUNG', NULL, NULL),
(5270, 421, 'KLAGEN', NULL, NULL),
(5271, 421, 'NGUMPUL', NULL, NULL),
(5272, 421, 'BANGUNASRI', NULL, NULL),
(5273, 421, 'BLARAN', NULL, NULL),
(5274, 421, 'MANGGE', NULL, NULL),
(5275, 421, 'JONGGRANG', NULL, NULL),
(5276, 421, 'REJOMULYO', NULL, NULL),
(5277, 422, 'KLURAHAN', NULL, NULL),
(5278, 422, 'PENCOL', NULL, NULL),
(5279, 422, 'SUKOWIDI', NULL, NULL),
(5280, 422, 'KARTOHARJO', NULL, NULL),
(5281, 422, 'NGELANG', NULL, NULL),
(5282, 422, 'JAJAR', NULL, NULL),
(5283, 422, 'GUNUNGAN', NULL, NULL),
(5284, 422, 'KARANGMOJO', NULL, NULL),
(5285, 422, 'MRAHU', NULL, NULL),
(5286, 422, 'BAYEM TAMAN', NULL, NULL),
(5287, 422, 'BAYEM WETAN', NULL, NULL),
(5288, 422, 'JERUK', NULL, NULL),
(5289, 423, 'WONOSARI', NULL, NULL),
(5290, 423, 'PANDANSARI', NULL, NULL),
(5291, 423, 'GIRIKERTO', NULL, NULL),
(5292, 423, 'NGRENDENG', NULL, NULL),
(5293, 423, 'HARGOSARI', NULL, NULL),
(5294, 423, 'POCOL', NULL, NULL),
(5295, 423, 'GENDOL', NULL, NULL),
(5296, 423, 'SINE', NULL, NULL),
(5297, 423, 'SUMBEREJO', NULL, NULL),
(5298, 423, 'SUMBERSARI', NULL, NULL),
(5299, 423, 'KUNIRAN', NULL, NULL),
(5300, 423, 'TULAKAN', NULL, NULL),
(5301, 423, 'KETANGGUNG', NULL, NULL),
(5302, 423, 'JAGIR', NULL, NULL),
(5303, 423, 'KAUMAN', NULL, NULL),
(5304, 424, 'HARGOMULYO', NULL, NULL),
(5305, 424, 'GIRIHARJO', NULL, NULL),
(5306, 424, 'SETONO', NULL, NULL),
(5307, 424, 'WAKAH', NULL, NULL),
(5308, 424, 'TAWANGREJO', NULL, NULL),
(5309, 424, 'SAMBIREJO', NULL, NULL),
(5310, 424, 'MANISHARJO', NULL, NULL),
(5311, 424, 'SIDOMULYO', NULL, NULL),
(5312, 424, 'NGRAMBE', NULL, NULL),
(5313, 424, 'BABADAN', NULL, NULL),
(5314, 424, 'KRANDEGAN', NULL, NULL),
(5315, 424, 'PUCANGAN', NULL, NULL),
(5316, 424, 'CEPOKO', NULL, NULL),
(5317, 424, 'MENDIRO', NULL, NULL),
(5318, 425, 'UMBULREJO', NULL, NULL),
(5319, 425, 'KLETEKAN', NULL, NULL),
(5320, 425, 'JATEN', NULL, NULL),
(5321, 425, 'GIRIMULYO', NULL, NULL),
(5322, 425, 'NGRAYUDAN', NULL, NULL),
(5323, 425, 'TALANG', NULL, NULL),
(5324, 425, 'MACANAN', NULL, NULL),
(5325, 425, 'BRUBUH', NULL, NULL),
(5326, 425, 'JOGOROGO', NULL, NULL),
(5327, 425, 'DAWUNG', NULL, NULL),
(5328, 425, 'TANJUNGSARI', NULL, NULL),
(5329, 425, 'SOCO', NULL, NULL),
(5330, 426, 'KARANGGUPITO', NULL, NULL),
(5331, 426, 'KARANGREJO', NULL, NULL),
(5332, 426, 'SIMO', NULL, NULL),
(5333, 426, 'PLOSO', NULL, NULL),
(5334, 426, 'MAJASEM', NULL, NULL),
(5335, 426, 'KENDAL', NULL, NULL),
(5336, 426, 'SIDOREJO', NULL, NULL),
(5337, 426, 'GAYAM', NULL, NULL),
(5338, 426, 'DADAPAN', NULL, NULL),
(5339, 426, 'PATALAN', NULL, NULL),
(5340, 427, 'KERAS WETAN', NULL, NULL),
(5341, 427, 'KENITEN', NULL, NULL),
(5342, 427, 'TAMBAKROMO', NULL, NULL),
(5343, 427, 'TEPAS', NULL, NULL),
(5344, 427, 'GENENG', NULL, NULL),
(5345, 427, 'SIDOREJO', NULL, NULL),
(5346, 427, 'BADERAN', NULL, NULL),
(5347, 427, 'KLAMPISAN', NULL, NULL),
(5348, 427, 'KASREMAN', NULL, NULL),
(5349, 427, 'KERSIKAN', NULL, NULL),
(5350, 427, 'DEMPEL', NULL, NULL),
(5351, 427, 'KLITIK', NULL, NULL),
(5352, 427, 'KERSOHARJO', NULL, NULL),
(5353, 428, 'RANDUSONGO', NULL, NULL),
(5354, 428, 'WIDODAREN', NULL, NULL),
(5355, 428, 'GERIH', NULL, NULL),
(5356, 428, 'KERAS KULON', NULL, NULL),
(5357, 428, 'GUYUNG', NULL, NULL),
(5358, 429, 'BUDUG', NULL, NULL),
(5359, 429, 'MOJOMANIS', NULL, NULL),
(5360, 429, 'KARANGSONO', NULL, NULL),
(5361, 429, 'BANGET', NULL, NULL),
(5362, 429, 'KWADUNGAN', NULL, NULL),
(5363, 429, 'WARUK KALONG', NULL, NULL),
(5364, 429, 'SIMO', NULL, NULL),
(5365, 429, 'SUMENGKO', NULL, NULL),
(5366, 429, 'TIRAK', NULL, NULL),
(5367, 429, 'PURWOSARI', NULL, NULL),
(5368, 429, 'JENANGAN', NULL, NULL),
(5369, 429, 'POJOK', NULL, NULL),
(5370, 429, 'DINDEN', NULL, NULL),
(5371, 429, 'KENDUNG', NULL, NULL),
(5372, 430, 'GANDRI', NULL, NULL),
(5373, 430, 'SUMBER', NULL, NULL),
(5374, 430, 'BABADAN', NULL, NULL),
(5375, 430, 'POH KONYAL', NULL, NULL),
(5376, 430, 'PARAS', NULL, NULL),
(5377, 430, 'PLESET', NULL, NULL),
(5378, 430, 'PANGKUR', NULL, NULL),
(5379, 430, 'WARUK TENGAH', NULL, NULL),
(5380, 430, 'NGOMPRO', NULL, NULL),
(5381, 431, 'CAMPUR ASRI', NULL, NULL),
(5382, 431, 'DANGUK', NULL, NULL),
(5383, 431, 'GEMPOL', NULL, NULL),
(5384, 431, 'RINGIN ANOM', NULL, NULL),
(5385, 431, 'SEMBUNG', NULL, NULL),
(5386, 431, 'SIDOREJO', NULL, NULL),
(5387, 431, 'DUNGMIRI', NULL, NULL),
(5388, 431, 'BRANGOL', NULL, NULL),
(5389, 431, 'SIDOKERTO', NULL, NULL),
(5390, 431, 'JATIPURO', NULL, NULL),
(5391, 431, 'PUHTI', NULL, NULL),
(5392, 431, 'SAWO', NULL, NULL),
(5393, 431, 'KARANGJATI', NULL, NULL),
(5394, 431, 'LEGUNDI', NULL, NULL),
(5395, 431, 'REJOMULYO', NULL, NULL),
(5396, 431, 'REJUNO', NULL, NULL),
(5397, 431, 'PLOSO LOR', NULL, NULL),
(5398, 432, 'LEGO WETAN', NULL, NULL),
(5399, 432, 'DERO', NULL, NULL),
(5400, 432, 'KROMPOL', NULL, NULL),
(5401, 432, 'MOJO', NULL, NULL),
(5402, 432, 'SUMBER BENING', NULL, NULL),
(5403, 432, 'BRINGIN', NULL, NULL),
(5404, 432, 'DAMPIT', NULL, NULL),
(5405, 432, 'SURUH', NULL, NULL),
(5406, 432, 'GANDONG', NULL, NULL),
(5407, 432, 'KENONGOREJO', NULL, NULL),
(5408, 433, 'BANJARANSARI', NULL, NULL),
(5409, 433, 'BENDO', NULL, NULL),
(5410, 433, 'TAMBAKROMO', NULL, NULL),
(5411, 433, 'TUNGKULREJO', NULL, NULL),
(5412, 433, 'BINTOYO', NULL, NULL),
(5413, 433, 'SUKOWIYONO', NULL, NULL),
(5414, 433, 'MUNGGUT', NULL, NULL),
(5415, 433, 'PACING', NULL, NULL),
(5416, 433, 'PADAS', NULL, NULL),
(5417, 433, 'KEDUNG PRAHU', NULL, NULL),
(5418, 433, 'SAMBIROTO', NULL, NULL),
(5419, 433, 'KWADUNGAN LOR', NULL, NULL),
(5420, 434, 'JATIREJO', NULL, NULL),
(5421, 434, 'CANGAKAN', NULL, NULL),
(5422, 434, 'KARANG MALANG', NULL, NULL),
(5423, 434, 'KASREMAN', NULL, NULL),
(5424, 434, 'LEGO KULON', NULL, NULL),
(5425, 434, 'TAWUN', NULL, NULL),
(5426, 434, 'KIYONTEN', NULL, NULL),
(5427, 434, 'GUNUNGSARI', NULL, NULL),
(5428, 435, 'MANGUNHARJO', NULL, NULL),
(5429, 435, 'KANDANGAN', NULL, NULL),
(5430, 435, 'KARTOHARJO', NULL, NULL),
(5431, 435, 'BERAN', NULL, NULL),
(5432, 435, 'JURUREJO', NULL, NULL),
(5433, 435, 'WATUALANG', NULL, NULL),
(5434, 435, 'GRUDO', NULL, NULL),
(5435, 435, 'MARGOMULYO', NULL, NULL),
(5436, 435, 'KARANG TENGAH', NULL, NULL),
(5437, 435, 'PELEM', NULL, NULL),
(5438, 435, 'KETANGGI', NULL, NULL),
(5439, 435, 'KARANGASRI', NULL, NULL),
(5440, 435, 'NGAWI', NULL, NULL),
(5441, 435, 'KARANG TENGAH PRANDON', NULL, NULL),
(5442, 435, 'BANYU URIP', NULL, NULL),
(5443, 435, 'KEREK', NULL, NULL),
(5444, 436, 'GENTONG', NULL, NULL),
(5445, 436, 'BABADAN', NULL, NULL),
(5446, 436, 'KEDUNG PUTRI', NULL, NULL),
(5447, 436, 'SEMEN', NULL, NULL),
(5448, 436, 'TEGUHAN', NULL, NULL),
(5449, 436, 'SIRIGAN', NULL, NULL),
(5450, 436, 'JEBLOGAN', NULL, NULL),
(5451, 436, 'JAMBANGAN', NULL, NULL),
(5452, 436, 'TEMPURAN', NULL, NULL),
(5453, 436, 'DAWU', NULL, NULL),
(5454, 436, 'PARON', NULL, NULL),
(5455, 436, 'GELUNG', NULL, NULL),
(5456, 436, 'NGALE', NULL, NULL),
(5457, 436, 'KEBON', NULL, NULL),
(5458, 437, 'BEGAL', NULL, NULL),
(5459, 437, 'WONOREJO', NULL, NULL),
(5460, 437, 'KATIKAN', NULL, NULL),
(5461, 437, 'PELANG KIDUL', NULL, NULL),
(5462, 437, 'KEDUNGGALAR', NULL, NULL),
(5463, 437, 'JATI GEMBOL', NULL, NULL),
(5464, 437, 'PELANG LOR', NULL, NULL),
(5465, 437, 'BANGUNREJO KIDUL', NULL, NULL),
(5466, 437, 'JENGGRIK', NULL, NULL),
(5467, 437, 'WONOKERTO', NULL, NULL),
(5468, 437, 'GEMARANG', NULL, NULL),
(5469, 437, 'KAWU', NULL, NULL),
(5470, 438, 'BANJARBANGGI', NULL, NULL),
(5471, 438, 'BANGUNREJO LOR', NULL, NULL),
(5472, 438, 'KARANGGENENG', NULL, NULL),
(5473, 438, 'PAPUNGAN', NULL, NULL),
(5474, 438, 'CANTEL', NULL, NULL),
(5475, 438, 'NGANCAR', NULL, NULL),
(5476, 438, 'KALANG', NULL, NULL),
(5477, 438, 'PITU', NULL, NULL),
(5478, 438, 'DUMPLENGAN', NULL, NULL),
(5479, 438, 'SELOPURO', NULL, NULL),
(5480, 439, 'BANYU BIRU', NULL, NULL),
(5481, 439, 'KEDUNGGUDEL', NULL, NULL),
(5482, 439, 'KAYUTREJO', NULL, NULL),
(5483, 439, 'SEKAR ALAS', NULL, NULL),
(5484, 439, 'SEKAR PUTIH', NULL, NULL),
(5485, 439, 'SIDOMAKMUR', NULL, NULL),
(5486, 439, 'SIDOLAJU', NULL, NULL),
(5487, 439, 'KARANG BANYU', NULL, NULL),
(5488, 439, 'WALIKUKUN', NULL, NULL),
(5489, 439, 'WIDODAREN', NULL, NULL),
(5490, 439, 'GENDINGAN', NULL, NULL),
(5491, 439, 'KAUMAN', NULL, NULL),
(5492, 440, 'TAMBAK BOYO', NULL, NULL),
(5493, 440, 'PAKAH', NULL, NULL),
(5494, 440, 'KEDUNGHARJO', NULL, NULL),
(5495, 440, 'MANTINGAN', NULL, NULL),
(5496, 440, 'SAMBIREJO', NULL, NULL),
(5497, 440, 'PENGKOL', NULL, NULL),
(5498, 440, 'JATIMULYO', NULL, NULL),
(5499, 441, 'SEKARJATI', NULL, NULL),
(5500, 441, 'BANGUNREJO', NULL, NULL),
(5501, 441, 'SRI WEDARI', NULL, NULL),
(5502, 441, 'MENGGER', NULL, NULL),
(5503, 441, 'PANDEAN', NULL, NULL),
(5504, 441, 'KARANG ANYAR', NULL, NULL),
(5505, 441, 'GEMBOL', NULL, NULL),
(5506, 444, 'GAMONGAN', NULL, NULL),
(5507, 444, 'KALISUMBER', NULL, NULL),
(5508, 445, 'NGLAMPIN', NULL, NULL),
(5509, 445, 'KARANGMANGU', NULL, NULL),
(5510, 445, 'NGAMBON', NULL, NULL),
(5511, 445, 'SENGON', NULL, NULL),
(5512, 445, 'BONDOL', NULL, NULL),
(5513, 446, 'MIYONO', NULL, NULL),
(5514, 446, 'SEKAR', NULL, NULL),
(5515, 446, 'KLINO', NULL, NULL),
(5516, 446, 'DELING', NULL, NULL),
(5517, 446, 'BARENG', NULL, NULL),
(5518, 446, 'BOBOL', NULL, NULL),
(5519, 447, 'BUBULAN', NULL, NULL),
(5520, 447, 'CANCUNG', NULL, NULL),
(5521, 447, 'CLEBUNG', NULL, NULL),
(5522, 447, 'SUMBER BENDO', NULL, NULL),
(5523, 447, 'NGOROGUNUNG', NULL, NULL),
(5524, 448, 'KRONDONAN', NULL, NULL),
(5525, 448, 'SAMBONGREJO', NULL, NULL),
(5526, 448, 'PAJENG', NULL, NULL),
(5527, 448, 'GONDANG', NULL, NULL),
(5528, 448, 'JARI', NULL, NULL),
(5529, 448, 'SENGATEN', NULL, NULL),
(5530, 448, 'PRAGELAN', NULL, NULL),
(5531, 449, 'KEDUNGSUMBER', NULL, NULL),
(5532, 449, 'SOKO', NULL, NULL),
(5533, 449, 'PAPRINGAN', NULL, NULL),
(5534, 449, 'KEDUNGSARI', NULL, NULL),
(5535, 449, 'BAKULAN', NULL, NULL),
(5536, 449, 'TEMAYANG', NULL, NULL),
(5537, 449, 'PANDANTOYO', NULL, NULL),
(5538, 449, 'BELUN', NULL, NULL),
(5539, 449, 'JONO', NULL, NULL),
(5540, 449, 'NGUJUNG', NULL, NULL),
(5541, 449, 'PANCUR', NULL, NULL),
(5542, 449, 'BUNTALAN', NULL, NULL),
(5543, 450, 'DRENGES', NULL, NULL),
(5544, 450, 'BARENG', NULL, NULL),
(5545, 450, 'ALASGUNG', NULL, NULL),
(5546, 450, 'PANUNGGALAN', NULL, NULL),
(5547, 450, 'WEDORO', NULL, NULL),
(5548, 450, 'BULU', NULL, NULL),
(5549, 450, 'SIWALAN', NULL, NULL),
(5550, 450, 'GLAGAHAN', NULL, NULL),
(5551, 450, 'PANEMON', NULL, NULL),
(5552, 450, 'SUGIHWARAS', NULL, NULL),
(5553, 450, 'TRATE', NULL, NULL),
(5554, 450, 'NGLAJANG', NULL, NULL),
(5555, 450, 'KEDUNGDOWO', NULL, NULL),
(5556, 450, 'GLAGAH WANGI', NULL, NULL),
(5557, 450, 'JATITENGAH', NULL, NULL),
(5558, 450, 'BALONGREJO', NULL, NULL),
(5559, 450, 'GENJOR', NULL, NULL),
(5560, 451, 'BABAD', NULL, NULL),
(5561, 451, 'PEJOK', NULL, NULL),
(5562, 451, 'DAYUKIDUL', NULL, NULL),
(5563, 451, 'PANJANG', NULL, NULL),
(5564, 451, 'TONDOMULO', NULL, NULL),
(5565, 451, 'KESONGO', NULL, NULL),
(5566, 451, 'KENDUNG', NULL, NULL),
(5567, 451, 'MLIDEG', NULL, NULL),
(5568, 451, 'TUMBRASANOM', NULL, NULL),
(5569, 451, 'KEDUNGADEM', NULL, NULL),
(5570, 451, 'DUWEL', NULL, NULL),
(5571, 451, 'KEPOH KIDUL', NULL, NULL),
(5572, 451, 'GEGER', NULL, NULL),
(5573, 451, 'KEDUNGREJO', NULL, NULL),
(5574, 451, 'MEGALE', NULL, NULL),
(5575, 451, 'SIDOREJO', NULL, NULL),
(5576, 451, 'DROKILO', NULL, NULL),
(5577, 451, 'MOJOREJO', NULL, NULL),
(5578, 451, 'JAMBEREJO', NULL, NULL),
(5579, 451, 'SIDOMULYO', NULL, NULL),
(5580, 451, 'TLOGOAGUNG', NULL, NULL),
(5581, 451, 'NGRANDU', NULL, NULL),
(5582, 451, 'BALONGCABE', NULL, NULL),
(5583, 452, 'PEJOK', NULL, NULL),
(5584, 452, 'CENGKIR', NULL, NULL),
(5585, 452, 'KEPOH', NULL, NULL),
(5586, 452, 'SIDOMUKTI', NULL, NULL),
(5587, 452, 'SIMOREJO', NULL, NULL),
(5588, 452, 'BRANGKAL', NULL, NULL),
(5589, 452, 'BALONGDOWO', NULL, NULL),
(5590, 452, 'MOJOSARI', NULL, NULL),
(5591, 452, 'NGLUMBER', NULL, NULL),
(5592, 452, 'KRANGKONG', NULL, NULL),
(5593, 452, 'JIPO', NULL, NULL),
(5594, 452, 'BUMIREJO', NULL, NULL),
(5595, 452, 'WORO', NULL, NULL),
(5596, 452, 'SUMBERAGUNG', NULL, NULL),
(5597, 452, 'TURIGEDE', NULL, NULL),
(5598, 452, 'SUMBEROTO', NULL, NULL),
(5599, 452, 'POHWATES', NULL, NULL),
(5600, 452, 'BAYEMGEDE', NULL, NULL),
(5601, 452, 'TLOGOREJO', NULL, NULL),
(5602, 452, 'SUMBERGEDE', NULL, NULL),
(5603, 452, 'BETET', NULL, NULL),
(5604, 452, 'MUDUNG', NULL, NULL),
(5605, 452, 'NGRANGGON ANYAR', NULL, NULL),
(5606, 452, 'KARANGAN', NULL, NULL),
(5607, 452, 'SUGIHWARAS', NULL, NULL),
(5608, 453, 'BANJARANYAR', NULL, NULL),
(5609, 453, 'NGEMPLAK', NULL, NULL),
(5610, 453, 'SRATUREJO', NULL, NULL),
(5611, 453, 'BLONGSONG', NULL, NULL),
(5612, 453, 'BAURENO', NULL, NULL),
(5613, 453, 'TROJALU', NULL, NULL),
(5614, 453, 'TULUNGAGUNG', NULL, NULL),
(5615, 453, 'SELOREJO', NULL, NULL),
(5616, 453, 'TLOGOAGUNG', NULL, NULL),
(5617, 453, 'SUMURAGUNG', NULL, NULL),
(5618, 453, 'GAJAH', NULL, NULL),
(5619, 453, 'GUNUNGSARI', NULL, NULL),
(5620, 453, 'KALISARI', NULL, NULL),
(5621, 453, 'TANGGUNGAN', NULL, NULL),
(5622, 453, 'LEBAKSARI', NULL, NULL),
(5623, 453, 'BUMIAYU', NULL, NULL),
(5624, 453, 'KAUMAN', NULL, NULL),
(5625, 453, 'PASINAN', NULL, NULL),
(5626, 453, 'BANJARAN', NULL, NULL),
(5627, 453, 'DRAJAT', NULL, NULL),
(5628, 453, 'SEMBUNGLOR', NULL, NULL),
(5629, 453, 'POMAHAN', NULL, NULL),
(5630, 453, 'KARANGDAYU', NULL, NULL),
(5631, 453, 'KADUNGREJO', NULL, NULL),
(5632, 453, 'PUCANGARUM', NULL, NULL),
(5633, 454, 'SARANGAN', NULL, NULL),
(5634, 454, 'TEJO', NULL, NULL),
(5635, 454, 'PESEN', NULL, NULL),
(5636, 454, 'SAMBERAN', NULL, NULL),
(5637, 454, 'NGLARANGAN', NULL, NULL),
(5638, 454, 'SROYO', NULL, NULL),
(5639, 454, 'BAKUNG', NULL, NULL),
(5640, 454, 'PALEMBON', NULL, NULL),
(5641, 454, 'SIMBATAN', NULL, NULL),
(5642, 454, 'CANGAKAN', NULL, NULL),
(5643, 454, 'KABALAN', NULL, NULL),
(5644, 454, 'PIYAK', NULL, NULL),
(5645, 454, 'CARUBAN', NULL, NULL),
(5646, 454, 'SEDENG', NULL, NULL),
(5647, 454, 'BUNGUR', NULL, NULL),
(5648, 454, 'SIMOREJO', NULL, NULL),
(5649, 454, 'SUMBERWANGI', NULL, NULL),
(5650, 454, 'TAMBAHREJO', NULL, NULL),
(5651, 454, 'KANOR', NULL, NULL),
(5652, 454, 'PRIGI', NULL, NULL),
(5653, 454, 'TEMU', NULL, NULL),
(5654, 454, 'KEDUNGPRIMPEN', NULL, NULL),
(5655, 454, 'GEDONGARUM', NULL, NULL),
(5656, 454, 'PILANG', NULL, NULL),
(5657, 454, 'SEMAMBUNG', NULL, NULL),
(5658, 455, 'TLOGOHAJI', NULL, NULL),
(5659, 455, 'NGAMPAL', NULL, NULL),
(5660, 455, 'KEDUNGREJO', NULL, NULL),
(5661, 455, 'MLINJENG', NULL, NULL),
(5662, 455, 'SUMBERHARJO', NULL, NULL),
(5663, 455, 'BANJARJO', NULL, NULL),
(5664, 455, 'KAYULEMAH', NULL, NULL),
(5665, 455, 'TELENG', NULL, NULL),
(5666, 455, 'WOTAN', NULL, NULL),
(5667, 455, 'SAMBONGREJO', NULL, NULL),
(5668, 455, 'SENDANGAGUNG', NULL, NULL),
(5669, 455, 'DERU', NULL, NULL),
(5670, 455, 'PEKUWON', NULL, NULL),
(5671, 455, 'KARANGDOWO', NULL, NULL),
(5672, 455, 'PEJAMBON', NULL, NULL),
(5673, 455, 'TULUNGREJO', NULL, NULL),
(5674, 455, 'KARANG DINOYO', NULL, NULL),
(5675, 455, 'BUTOH', NULL, NULL),
(5676, 455, 'MARGOAGUNG', NULL, NULL),
(5677, 455, 'JATIGEDE', NULL, NULL),
(5678, 455, 'BOGANGIN', NULL, NULL),
(5679, 455, 'SUMURAGUNG', NULL, NULL),
(5680, 455, 'SUMBERREJO', NULL, NULL),
(5681, 455, 'TALUN', NULL, NULL),
(5682, 455, 'PRAYUNGAN', NULL, NULL),
(5683, 455, 'MEJUWET', NULL, NULL),
(5684, 456, 'SIDOBANDUNG', NULL, NULL),
(5685, 456, 'MAYANGKAWIS', NULL, NULL),
(5686, 456, 'KENEP', NULL, NULL),
(5687, 456, 'POH BOGO', NULL, NULL),
(5688, 456, 'PENGANTEN', NULL, NULL),
(5689, 456, 'BULAKLO', NULL, NULL),
(5690, 456, 'BULU', NULL, NULL),
(5691, 456, 'KEMAMANG', NULL, NULL);
INSERT INTO `tbl_desa` (`id`, `id_kecamatan`, `desa`, `created_at`, `updated_at`) VALUES
(5692, 456, 'NGADILUHUR', NULL, NULL),
(5693, 456, 'KABUNAN', NULL, NULL),
(5694, 456, 'SUWALOH', NULL, NULL),
(5695, 456, 'SOBONTORO', NULL, NULL),
(5696, 456, 'BALENREJO', NULL, NULL),
(5697, 456, 'MARGOMULYO', NULL, NULL),
(5698, 456, 'KEDUNGBONDO', NULL, NULL),
(5699, 456, 'PILANG GEDE', NULL, NULL),
(5700, 456, 'KEDUNGDOWO', NULL, NULL),
(5701, 456, 'LENGKONG', NULL, NULL),
(5702, 456, 'PRAMBATAN', NULL, NULL),
(5703, 456, 'MULYOAGUNG', NULL, NULL),
(5704, 456, 'SEKARAN', NULL, NULL),
(5705, 456, 'MULYOREJO', NULL, NULL),
(5706, 456, 'SARIREJO', NULL, NULL),
(5707, 457, 'KALICILIK', NULL, NULL),
(5708, 457, 'SEMAWOT', NULL, NULL),
(5709, 457, 'KLEPEK', NULL, NULL),
(5710, 457, 'TEGALKODO', NULL, NULL),
(5711, 457, 'SITIAJI', NULL, NULL),
(5712, 457, 'PURWOASRI', NULL, NULL),
(5713, 457, 'PACING', NULL, NULL),
(5714, 457, 'DUYUNGAN', NULL, NULL),
(5715, 457, 'JUMPUT', NULL, NULL),
(5716, 457, 'SEMEN KIDUL', NULL, NULL),
(5717, 457, 'SUKOSEWU', NULL, NULL),
(5718, 457, 'SUMBEREJO KIDUL', NULL, NULL),
(5719, 457, 'SIDOREJO', NULL, NULL),
(5720, 457, 'SIDODADI', NULL, NULL),
(5721, 458, 'BENDO', NULL, NULL),
(5722, 458, 'KUMPUL REJO', NULL, NULL),
(5723, 458, 'PADANG MENTOYO', NULL, NULL),
(5724, 458, 'TAPELAN', NULL, NULL),
(5725, 458, 'BANGILAN', NULL, NULL),
(5726, 458, 'SEMBUNG', NULL, NULL),
(5727, 458, 'TANJUNG HARJO', NULL, NULL),
(5728, 458, 'WEDI', NULL, NULL),
(5729, 458, 'KALIANYAR', NULL, NULL),
(5730, 458, 'NGAMPEL', NULL, NULL),
(5731, 458, 'SAMBIROTO', NULL, NULL),
(5732, 458, 'TIKUSAN', NULL, NULL),
(5733, 458, 'SUKOWATI', NULL, NULL),
(5734, 458, 'KLAMPOK', NULL, NULL),
(5735, 458, 'MOJODESO', NULL, NULL),
(5736, 458, 'PLESUNGAN', NULL, NULL),
(5737, 458, 'KEDATON', NULL, NULL),
(5738, 458, 'KAPAS', NULL, NULL),
(5739, 458, 'SEMEN PINGGIR', NULL, NULL),
(5740, 458, 'BOGO', NULL, NULL),
(5741, 458, 'BAKALAN', NULL, NULL),
(5742, 459, 'JETAK', NULL, NULL),
(5743, 459, 'PACUL', NULL, NULL),
(5744, 459, 'SUKOREJO', NULL, NULL),
(5745, 459, 'SUMBANG', NULL, NULL),
(5746, 459, 'KLANGON', NULL, NULL),
(5747, 459, 'KEPATIHAN', NULL, NULL),
(5748, 459, 'MOJO KAMPUNG', NULL, NULL),
(5749, 459, 'KADIPATEN', NULL, NULL),
(5750, 459, 'NGROWO', NULL, NULL),
(5751, 459, 'KARANG PACAR', NULL, NULL),
(5752, 459, 'CAMPURJO', NULL, NULL),
(5753, 459, 'SEMANDING', NULL, NULL),
(5754, 459, 'KALIREJO', NULL, NULL),
(5755, 459, 'MULYOAGUNG', NULL, NULL),
(5756, 459, 'BANJAREJO', NULL, NULL),
(5757, 459, 'LEDOK WETAN', NULL, NULL),
(5758, 459, 'KAUMAN', NULL, NULL),
(5759, 459, 'LEDOK KULON', NULL, NULL),
(5760, 460, 'KANDANGAN', NULL, NULL),
(5761, 460, 'SUMBANG TIMUN', NULL, NULL),
(5762, 460, 'KANTEN', NULL, NULL),
(5763, 460, 'PAGERWESI', NULL, NULL),
(5764, 460, 'PADANG', NULL, NULL),
(5765, 460, 'SUMBERREJO', NULL, NULL),
(5766, 460, 'MORI', NULL, NULL),
(5767, 460, 'TULUNGREJO', NULL, NULL),
(5768, 460, 'TRUCUK', NULL, NULL),
(5769, 460, 'GUYANGAN', NULL, NULL),
(5770, 460, 'SRANAK', NULL, NULL),
(5771, 460, 'BANJARSARI', NULL, NULL),
(5772, 463, 'KATUR', NULL, NULL),
(5773, 463, 'GAYAM', NULL, NULL),
(5774, 463, 'MOJODELIK', NULL, NULL),
(5775, 463, 'BONOREJO', NULL, NULL),
(5776, 463, 'BRABOWAN', NULL, NULL),
(5777, 463, 'BEGADON', NULL, NULL),
(5778, 463, 'RINGINTUNGGAL', NULL, NULL),
(5779, 464, 'SUMENGKO', NULL, NULL),
(5780, 464, 'MLATEN', NULL, NULL),
(5781, 464, 'TALOK', NULL, NULL),
(5782, 464, 'BRENGGOLO', NULL, NULL),
(5783, 464, 'GREBEGAN', NULL, NULL),
(5784, 464, 'WOTAN NGARE', NULL, NULL),
(5785, 464, 'KALITIDU', NULL, NULL),
(5786, 464, 'PANJUNAN', NULL, NULL),
(5787, 464, 'MAYANGGENENG', NULL, NULL),
(5788, 464, 'MAYANGREJO', NULL, NULL),
(5789, 464, 'PILANGSARI', NULL, NULL),
(5790, 464, 'MOJOSARI', NULL, NULL),
(5791, 464, 'PUNGPUNGAN', NULL, NULL),
(5792, 464, 'NGUJO', NULL, NULL),
(5793, 464, 'NGRINGINREJO', NULL, NULL),
(5794, 464, 'MOJO', NULL, NULL),
(5795, 464, 'LERAN', NULL, NULL),
(5796, 464, 'SUKOHARJO', NULL, NULL),
(5797, 465, 'DUKUH LOR', NULL, NULL),
(5798, 465, 'KACANGAN', NULL, NULL),
(5799, 465, 'KEMIRI', NULL, NULL),
(5800, 465, 'PETAK', NULL, NULL),
(5801, 465, 'KLITEH', NULL, NULL),
(5802, 465, 'SUDAH', NULL, NULL),
(5803, 465, 'NGUJUNG', NULL, NULL),
(5804, 465, 'TAMBAKROMO', NULL, NULL),
(5805, 465, 'SUMBEREJO', NULL, NULL),
(5806, 465, 'TINAWUN', NULL, NULL),
(5807, 465, 'BANARAN', NULL, NULL),
(5808, 465, 'KEDUNGREJO', NULL, NULL),
(5809, 465, 'KETILENG', NULL, NULL),
(5810, 465, 'RENDENG', NULL, NULL),
(5811, 465, 'MALO', NULL, NULL),
(5812, 465, 'SUKOREJO', NULL, NULL),
(5813, 465, 'TREMBES', NULL, NULL),
(5814, 465, 'SEMLARAN', NULL, NULL),
(5815, 465, 'TANGGIR', NULL, NULL),
(5816, 465, 'TULUNGAGUNG', NULL, NULL),
(5817, 466, 'KALIOMBO', NULL, NULL),
(5818, 466, 'PELEM', NULL, NULL),
(5819, 466, 'NGREJENG', NULL, NULL),
(5820, 466, 'TLATAH', NULL, NULL),
(5821, 466, 'TINUMPUK', NULL, NULL),
(5822, 466, 'KUNIRAN', NULL, NULL),
(5823, 466, 'DONAN', NULL, NULL),
(5824, 466, 'GAPLUK', NULL, NULL),
(5825, 466, 'PUNGGUR', NULL, NULL),
(5826, 466, 'SEDAHKIDUL', NULL, NULL),
(5827, 466, 'POJOK', NULL, NULL),
(5828, 466, 'PURWOSARI', NULL, NULL),
(5829, 467, 'TEBON', NULL, NULL),
(5830, 467, 'PRANGI', NULL, NULL),
(5831, 467, 'PURWOREJO', NULL, NULL),
(5832, 467, 'NGEPER', NULL, NULL),
(5833, 467, 'SONOREJO', NULL, NULL),
(5834, 467, 'NGRADIN', NULL, NULL),
(5835, 467, 'KENDUNG', NULL, NULL),
(5836, 467, 'KEBUNAGUNG', NULL, NULL),
(5837, 467, 'BANJARJO', NULL, NULL),
(5838, 467, 'KUNCEN', NULL, NULL),
(5839, 467, 'NGASINAN', NULL, NULL),
(5840, 467, 'CENDONO', NULL, NULL),
(5841, 467, 'SIDOREJO', NULL, NULL),
(5842, 467, 'NGUKEN', NULL, NULL),
(5843, 467, 'PADANGAN', NULL, NULL),
(5844, 467, 'DENGOK', NULL, NULL),
(5845, 468, 'BATOKAN', NULL, NULL),
(5846, 468, 'BETET', NULL, NULL),
(5847, 468, 'TEMBELING', NULL, NULL),
(5848, 468, 'SIDOMUKTI', NULL, NULL),
(5849, 468, 'BESAH', NULL, NULL),
(5850, 468, 'SAMBENG', NULL, NULL),
(5851, 468, 'NGAGLIK', NULL, NULL),
(5852, 468, 'KASIMAN', NULL, NULL),
(5853, 468, 'SEKARAN', NULL, NULL),
(5854, 468, 'TAMBAKMERAK', NULL, NULL),
(5855, 469, 'KAWENGAN', NULL, NULL),
(5856, 469, 'WONOCOLO', NULL, NULL),
(5857, 469, 'HARGOMULYO', NULL, NULL),
(5858, 469, 'KEDEWAN', NULL, NULL),
(5859, 469, 'BEJI', NULL, NULL),
(5860, 470, 'SOKOGUNUNG', NULL, NULL),
(5861, 470, 'JAMPRONG', NULL, NULL),
(5862, 470, 'BENDONGLATENG', NULL, NULL),
(5863, 470, 'SIDOREJO', NULL, NULL),
(5864, 470, 'SOKOGRENJENG', NULL, NULL),
(5865, 470, 'SIDOHASRI', NULL, NULL),
(5866, 470, 'SIDOMUKTI', NULL, NULL),
(5867, 470, 'TAWARAN', NULL, NULL),
(5868, 470, 'JLODRO', NULL, NULL),
(5869, 471, 'KLAKEH', NULL, NULL),
(5870, 471, 'BATE', NULL, NULL),
(5871, 471, 'KABLUKAN', NULL, NULL),
(5872, 471, 'NGROJO', NULL, NULL),
(5873, 471, 'WEDEN', NULL, NULL),
(5874, 471, 'SIDOKUMPUL', NULL, NULL),
(5875, 471, 'SIDOTENTREM', NULL, NULL),
(5876, 471, 'BANGILAN', NULL, NULL),
(5877, 471, 'KEDUNGHARDJO', NULL, NULL),
(5878, 471, 'KEDUNGMULYO', NULL, NULL),
(5879, 471, 'BANJARWORO', NULL, NULL),
(5880, 471, 'SIDODADI', NULL, NULL),
(5881, 471, 'KEDUNGJAMBANGAN', NULL, NULL),
(5882, 471, 'KUMPULREJO', NULL, NULL),
(5883, 472, 'BANYUURIP', NULL, NULL),
(5884, 472, 'WONOSARI', NULL, NULL),
(5885, 472, 'KATERBAN', NULL, NULL),
(5886, 472, 'RAYUNG', NULL, NULL),
(5887, 472, 'SIDOHARJO', NULL, NULL),
(5888, 472, 'WANGLU WETAN', NULL, NULL),
(5889, 472, 'WANGLU KULON', NULL, NULL),
(5890, 472, 'LERAN', NULL, NULL),
(5891, 472, 'KALIGEDE', NULL, NULL),
(5892, 472, 'JATISARI', NULL, NULL),
(5893, 472, 'MEDALEM', NULL, NULL),
(5894, 472, 'SENDANG', NULL, NULL),
(5895, 473, 'BINANGUN', NULL, NULL),
(5896, 473, 'SARINGEMBAT', NULL, NULL),
(5897, 473, 'KEDUNGJAMBE', NULL, NULL),
(5898, 473, 'TUNGGULREJO', NULL, NULL),
(5899, 473, 'TANJUNGREJO', NULL, NULL),
(5900, 473, 'LAJO KIDUL', NULL, NULL),
(5901, 473, 'TANGGIR', NULL, NULL),
(5902, 473, 'MERGOSARI', NULL, NULL),
(5903, 473, 'MULYOREJO', NULL, NULL),
(5904, 473, 'TINGKIS', NULL, NULL),
(5905, 473, 'MULYOAGUNG', NULL, NULL),
(5906, 473, 'LAJO LOR', NULL, NULL),
(5907, 474, 'MANJUNG', NULL, NULL),
(5908, 474, 'TANGGULANGIN', NULL, NULL),
(5909, 474, 'SUMURGUNG', NULL, NULL),
(5910, 474, 'BRINGIN', NULL, NULL),
(5911, 474, 'MAINDU', NULL, NULL),
(5912, 474, 'JETAK', NULL, NULL),
(5913, 474, 'TALUN', NULL, NULL),
(5914, 474, 'PUCANGAN', NULL, NULL),
(5915, 474, 'PAKEL', NULL, NULL),
(5916, 474, 'MONTONGSEKAR', NULL, NULL),
(5917, 474, 'TALANGKEMBAR', NULL, NULL),
(5918, 474, 'NGULUHAN', NULL, NULL),
(5919, 474, 'GUWOTERUS', NULL, NULL),
(5920, 475, 'KEMLATEN', NULL, NULL),
(5921, 475, 'MERGOASRI', NULL, NULL),
(5922, 475, 'KUMPULREJO', NULL, NULL),
(5923, 475, 'CENGKONG', NULL, NULL),
(5924, 475, 'BRANGKAL', NULL, NULL),
(5925, 475, 'MERGOREJO', NULL, NULL),
(5926, 475, 'SELOGABUS', NULL, NULL),
(5927, 475, 'SENDANGREJO', NULL, NULL),
(5928, 475, 'MOJOMALANG', NULL, NULL),
(5929, 475, 'SUGIHWARAS', NULL, NULL),
(5930, 475, 'SUCIHARJO', NULL, NULL),
(5931, 475, 'PACING', NULL, NULL),
(5932, 475, 'PARANGBATU', NULL, NULL),
(5933, 475, 'SUKOREJO', NULL, NULL),
(5934, 475, 'SEMBUNG', NULL, NULL),
(5935, 475, 'NGAWUN', NULL, NULL),
(5936, 475, 'WUKIRHARJO', NULL, NULL),
(5937, 475, 'DAGANGAN', NULL, NULL),
(5938, 476, 'MENILO', NULL, NULL),
(5939, 476, 'SIMO', NULL, NULL),
(5940, 476, 'KENDALREJO', NULL, NULL),
(5941, 476, 'MOJOAGUNG', NULL, NULL),
(5942, 476, 'PANDANWANGI', NULL, NULL),
(5943, 476, 'GLAGAHSARI', NULL, NULL),
(5944, 476, 'KENONGOSARI', NULL, NULL),
(5945, 476, 'SANDINGROWO', NULL, NULL),
(5946, 476, 'RAHAYU', NULL, NULL),
(5947, 476, 'SOKOSARI', NULL, NULL),
(5948, 476, 'BANGUNREJO', NULL, NULL),
(5949, 476, 'MENTORO', NULL, NULL),
(5950, 476, 'PANDANAGUNG', NULL, NULL),
(5951, 476, 'PRAMBONTERGAYANG', NULL, NULL),
(5952, 476, 'JATI', NULL, NULL),
(5953, 476, 'CEKALANG', NULL, NULL),
(5954, 476, 'TLUWE', NULL, NULL),
(5955, 476, 'WADUNG', NULL, NULL),
(5956, 476, 'KLUMPIT', NULL, NULL),
(5957, 476, 'JEGULO', NULL, NULL),
(5958, 476, 'SUMURCINDE', NULL, NULL),
(5959, 476, 'NGURUAN', NULL, NULL),
(5960, 476, 'GUNUNGANYAR', NULL, NULL),
(5961, 477, 'KEBONAGUNG', NULL, NULL),
(5962, 477, 'BULUREJO', NULL, NULL),
(5963, 477, 'KARANGTINOTO', NULL, NULL),
(5964, 477, 'TAMBAKREJO', NULL, NULL),
(5965, 477, 'KANOREJO', NULL, NULL),
(5966, 477, 'NGADIREJO', NULL, NULL),
(5967, 477, 'SUMBEREJO', NULL, NULL),
(5968, 477, 'CAMPUREJO', NULL, NULL),
(5969, 477, 'BANJARARUM', NULL, NULL),
(5970, 477, 'PRAMBON WETAN', NULL, NULL),
(5971, 477, 'BANJARAGUNG', NULL, NULL),
(5972, 477, 'PUNGGULREJO', NULL, NULL),
(5973, 477, 'RENGEL', NULL, NULL),
(5974, 477, 'SAWAHAN', NULL, NULL),
(5975, 477, 'MAIBIT', NULL, NULL),
(5976, 477, 'PEKUWON', NULL, NULL),
(5977, 478, 'NGARUM', NULL, NULL),
(5978, 478, 'NGREJENG', NULL, NULL),
(5979, 478, 'BANYUBANG', NULL, NULL),
(5980, 478, 'GRABAGAN', NULL, NULL),
(5981, 478, 'WALERAN', NULL, NULL),
(5982, 478, 'GESIKAN', NULL, NULL),
(5983, 478, 'NGANDONG', NULL, NULL),
(5984, 478, 'DAHOR', NULL, NULL),
(5985, 478, 'DERMAWUHARDJO', NULL, NULL),
(5986, 478, 'MENYUNYUR', NULL, NULL),
(5987, 478, 'PAKIS', NULL, NULL),
(5988, 479, 'TRUTUP', NULL, NULL),
(5989, 479, 'KESAMBEN', NULL, NULL),
(5990, 479, 'KEPOHAGUNG', NULL, NULL),
(5991, 479, 'KEDUNGROJO', NULL, NULL),
(5992, 479, 'CANGKRING', NULL, NULL),
(5993, 479, 'SEMBUNGREJO', NULL, NULL),
(5994, 479, 'PLANDIREJO', NULL, NULL),
(5995, 479, 'BANDUNGREJO', NULL, NULL),
(5996, 479, 'KLOTOK', NULL, NULL),
(5997, 479, 'KEBOMLATI', NULL, NULL),
(5998, 479, 'KEDUNGSOKO', NULL, NULL),
(5999, 479, 'PENIDON', NULL, NULL),
(6000, 479, 'MAGERSARI', NULL, NULL),
(6001, 479, 'JATIMULYO', NULL, NULL),
(6002, 479, 'PLUMPANG', NULL, NULL),
(6003, 479, 'SUMURJALAK', NULL, NULL),
(6004, 479, 'NGRAYUNG', NULL, NULL),
(6005, 479, 'SUMBERAGUNG', NULL, NULL),
(6006, 480, 'PATIHAN', NULL, NULL),
(6007, 480, 'NGADIPURO', NULL, NULL),
(6008, 480, 'NGADIREJO', NULL, NULL),
(6009, 480, 'BUNUT', NULL, NULL),
(6010, 480, 'WIDANG', NULL, NULL),
(6011, 480, 'COMPRENG', NULL, NULL),
(6012, 480, 'BANJAR', NULL, NULL),
(6013, 480, 'TEGALSARI', NULL, NULL),
(6014, 480, 'KEDUNGHARJO', NULL, NULL),
(6015, 480, 'TEGALREJO', NULL, NULL),
(6016, 480, 'SIMOREJO', NULL, NULL),
(6017, 480, 'MRUTUK', NULL, NULL),
(6018, 480, 'MINOHOREJO', NULL, NULL),
(6019, 480, 'SUMBEREJO', NULL, NULL),
(6020, 480, 'MLANGI', NULL, NULL),
(6021, 480, 'KUJUNG', NULL, NULL),
(6022, 481, 'NGIMBANG', NULL, NULL),
(6023, 481, 'WANGUN', NULL, NULL),
(6024, 481, 'KETAMBUL', NULL, NULL),
(6025, 481, 'CEPOKOREJO', NULL, NULL),
(6026, 481, 'PLIWETAN', NULL, NULL),
(6027, 481, 'KARANGAGUNG', NULL, NULL),
(6028, 481, 'LERAN WETAN', NULL, NULL),
(6029, 481, 'LERAN KULON', NULL, NULL),
(6030, 481, 'GLODOG', NULL, NULL),
(6031, 481, 'PALANG', NULL, NULL),
(6032, 481, 'GESIKHARJO', NULL, NULL),
(6033, 481, 'PUCANGAN', NULL, NULL),
(6034, 481, 'CENDORO', NULL, NULL),
(6035, 481, 'DAWUNG', NULL, NULL),
(6036, 481, 'TEGALBANG', NULL, NULL),
(6037, 481, 'SUMURGUNG', NULL, NULL),
(6038, 481, 'KRADENAN', NULL, NULL),
(6039, 481, 'TASIKMADU', NULL, NULL),
(6040, 481, 'PANYURAN', NULL, NULL),
(6041, 482, 'NGINO', NULL, NULL),
(6042, 482, 'BEKTIHARJO', NULL, NULL),
(6043, 482, 'SAMBONGREJO', NULL, NULL),
(6044, 482, 'GENAHARJO', NULL, NULL),
(6045, 482, 'GESING', NULL, NULL),
(6046, 482, 'TUNAH', NULL, NULL),
(6047, 482, 'KOWANG', NULL, NULL),
(6048, 482, 'PENAMBANGAN', NULL, NULL),
(6049, 482, 'SEMANDING', NULL, NULL),
(6050, 482, 'PRUNGGAHAN WETAN', NULL, NULL),
(6051, 482, 'PRUNGGAHAN KULON', NULL, NULL),
(6052, 482, 'JADI', NULL, NULL),
(6053, 482, 'BOTO', NULL, NULL),
(6054, 482, 'TEGALAGUNG', NULL, NULL),
(6055, 482, 'BEJAGUNG', NULL, NULL),
(6056, 482, 'GEDONGOMBO', NULL, NULL),
(6057, 482, 'KARANG', NULL, NULL),
(6058, 483, 'SUMURGUNG', NULL, NULL),
(6059, 483, 'SUGIHARJO', NULL, NULL),
(6060, 483, 'KEMBANGBILO', NULL, NULL),
(6061, 483, 'MONDOKAN', NULL, NULL),
(6062, 483, 'PERBON', NULL, NULL),
(6063, 483, 'LATSARI', NULL, NULL),
(6064, 483, 'SIDOREJO', NULL, NULL),
(6065, 483, 'DOROMUKTI', NULL, NULL),
(6066, 483, 'KEBONSARI', NULL, NULL),
(6067, 483, 'SUKOLILO', NULL, NULL),
(6068, 483, 'BATURETNO', NULL, NULL),
(6069, 483, 'SENDANGHARJO', NULL, NULL),
(6070, 483, 'KUTOREJO', NULL, NULL),
(6071, 483, 'SIDOMULYO', NULL, NULL),
(6072, 483, 'RONGGOMULYO', NULL, NULL),
(6073, 483, 'KINGKING', NULL, NULL),
(6074, 483, 'KARANGSARI', NULL, NULL),
(6075, 484, 'KARANGASEM', NULL, NULL),
(6076, 484, 'SOCOREJO', NULL, NULL),
(6077, 484, 'TEMAJI', NULL, NULL),
(6078, 484, 'PURWOREJO', NULL, NULL),
(6079, 484, 'TASIKHARJO', NULL, NULL),
(6080, 484, 'REMEN', NULL, NULL),
(6081, 484, 'MENTOSO', NULL, NULL),
(6082, 484, 'RAWASAN', NULL, NULL),
(6083, 484, 'SUMURGENENG', NULL, NULL),
(6084, 484, 'WADUNG', NULL, NULL),
(6085, 484, 'KALIUNTU', NULL, NULL),
(6086, 484, 'BEJI', NULL, NULL),
(6087, 484, 'SUWALAN', NULL, NULL),
(6088, 484, 'JENGGOLO', NULL, NULL),
(6089, 484, 'SEKARDADI', NULL, NULL),
(6090, 484, 'JENU', NULL, NULL),
(6091, 484, 'SUGIHWARAS', NULL, NULL),
(6092, 485, 'KAPU', NULL, NULL),
(6093, 485, 'TEGALREJO', NULL, NULL),
(6094, 485, 'TAHULU', NULL, NULL),
(6095, 485, 'MANDIREJO', NULL, NULL),
(6096, 485, 'BOGOREJO', NULL, NULL),
(6097, 485, 'SUMBEREJO', NULL, NULL),
(6098, 485, 'SENDANGHAJI', NULL, NULL),
(6099, 485, 'SAMBONGGEDE', NULL, NULL),
(6100, 485, 'SUMBER', NULL, NULL),
(6101, 485, 'TUWIRI WETAN', NULL, NULL),
(6102, 485, 'TUWIRI KULON', NULL, NULL),
(6103, 485, 'BOREHBANGLE', NULL, NULL),
(6104, 485, 'SENORI', NULL, NULL),
(6105, 485, 'SEMBUNGREJO', NULL, NULL),
(6106, 485, 'PONGPONGAN', NULL, NULL),
(6107, 485, 'TEMANDANG', NULL, NULL),
(6108, 485, 'TLOGOWARU', NULL, NULL),
(6109, 485, 'TOBO', NULL, NULL),
(6110, 485, 'SUGIHAN', NULL, NULL),
(6111, 486, 'GEMULUNG', NULL, NULL),
(6112, 486, 'WOLUTENGAH', NULL, NULL),
(6113, 486, 'TRANTANG', NULL, NULL),
(6114, 486, 'SIDONGANTI', NULL, NULL),
(6115, 486, 'TENGGER WETAN', NULL, NULL),
(6116, 486, 'HARGORETNO', NULL, NULL),
(6117, 486, 'TEMAYANG', NULL, NULL),
(6118, 486, 'PADASAN', NULL, NULL),
(6119, 486, 'KARANGLO', NULL, NULL),
(6120, 486, 'SUMBERARUM', NULL, NULL),
(6121, 486, 'MARGOMULYO', NULL, NULL),
(6122, 486, 'JAROREJO', NULL, NULL),
(6123, 486, 'MARGOREJO', NULL, NULL),
(6124, 486, 'GAJI', NULL, NULL),
(6125, 486, 'KEDUNGREJO', NULL, NULL),
(6126, 486, 'KASIMAN', NULL, NULL),
(6127, 486, 'MLIWANG', NULL, NULL),
(6128, 487, 'NGULAHAN', NULL, NULL),
(6129, 487, 'DIKIR', NULL, NULL),
(6130, 487, 'MANDER', NULL, NULL),
(6131, 487, 'PLAJAN', NULL, NULL),
(6132, 487, 'BELIKANGET', NULL, NULL),
(6133, 487, 'COKROWATI', NULL, NULL),
(6134, 487, 'SOTANG', NULL, NULL),
(6135, 487, 'PULOGEDE', NULL, NULL),
(6136, 487, 'GADON', NULL, NULL),
(6137, 487, 'PABEYAN', NULL, NULL),
(6138, 487, 'TAMBAKBOYO', NULL, NULL),
(6139, 487, 'KLUTUK', NULL, NULL),
(6140, 487, 'DASIN', NULL, NULL),
(6141, 487, 'KENANTI', NULL, NULL),
(6142, 487, 'SOBONTORO', NULL, NULL),
(6143, 487, 'SAWIR', NULL, NULL),
(6144, 487, 'MERKAWANG', NULL, NULL),
(6145, 487, 'GLONDONGGEDE', NULL, NULL),
(6146, 488, 'KARANGTENGAH', NULL, NULL),
(6147, 488, 'JOMBOK', NULL, NULL),
(6148, 488, 'WOTSOGO', NULL, NULL),
(6149, 488, 'SIDOMULYO', NULL, NULL),
(6150, 488, 'JATIKLABANG', NULL, NULL),
(6151, 488, 'DINGIL', NULL, NULL),
(6152, 488, 'DEMIT', NULL, NULL),
(6153, 488, 'SUGIHAN', NULL, NULL),
(6154, 488, 'SADANG', NULL, NULL),
(6155, 488, 'BADER', NULL, NULL),
(6156, 488, 'PASEYAN', NULL, NULL),
(6157, 488, 'KEBONHARJO', NULL, NULL),
(6158, 488, 'WANGI', NULL, NULL),
(6159, 488, 'KETODAN', NULL, NULL),
(6160, 488, 'BESOWO', NULL, NULL),
(6161, 488, 'NGEPON', NULL, NULL),
(6162, 488, 'KEDUNGMAKAM', NULL, NULL),
(6163, 488, 'SEKARAN', NULL, NULL),
(6164, 489, 'JATISARI', NULL, NULL),
(6165, 489, 'KAYEN', NULL, NULL),
(6166, 489, 'SUKOHARJO', NULL, NULL),
(6167, 489, 'SIDOMULYO', NULL, NULL),
(6168, 489, 'CINGKLUNG', NULL, NULL),
(6169, 489, 'MARGOSUKO', NULL, NULL),
(6170, 489, 'NGAMPELREJO', NULL, NULL),
(6171, 489, 'PUGOH', NULL, NULL),
(6172, 489, 'KARANGREJO', NULL, NULL),
(6173, 489, 'SUMBERAN', NULL, NULL),
(6174, 489, 'SIDING', NULL, NULL),
(6175, 489, 'TENGGER KULON', NULL, NULL),
(6176, 489, 'NGUJURAN', NULL, NULL),
(6177, 489, 'TLOGOAGUNG', NULL, NULL),
(6178, 489, 'LATSARI', NULL, NULL),
(6179, 489, 'SUKOLILO', NULL, NULL),
(6180, 489, 'BULUJOWO', NULL, NULL),
(6181, 489, 'BULUMEDURO', NULL, NULL),
(6182, 489, 'BANJAREJO', NULL, NULL),
(6183, 489, 'TERGAMBANG', NULL, NULL),
(6184, 489, 'SEMBUNGIN', NULL, NULL),
(6185, 489, 'BONCONG', NULL, NULL),
(6186, 489, 'BOGOREJO', NULL, NULL),
(6187, 489, 'BANCAR', NULL, NULL),
(6188, 490, 'KEDUNGKUMPUL', NULL, NULL),
(6189, 490, 'SEMBUNG', NULL, NULL),
(6190, 490, 'BANGGLE', NULL, NULL),
(6191, 490, 'MRAGEL', NULL, NULL),
(6192, 490, 'SUKORAME', NULL, NULL),
(6193, 490, 'SEWOR', NULL, NULL),
(6194, 490, 'KEDUNGREJO', NULL, NULL),
(6195, 490, 'WEDORO', NULL, NULL),
(6196, 490, 'PENDOWOKUMPUL', NULL, NULL),
(6197, 491, 'BANJARGONDANG', NULL, NULL),
(6198, 491, 'CANGKRING', NULL, NULL),
(6199, 491, 'KUWUREJO', NULL, NULL),
(6200, 491, 'SONGOWARENG', NULL, NULL),
(6201, 491, 'SUMBERBANJAR', NULL, NULL),
(6202, 491, 'PRIMPEN', NULL, NULL),
(6203, 491, 'BRONJONG', NULL, NULL),
(6204, 491, 'BLULUK', NULL, NULL),
(6205, 491, 'TALUNREJO', NULL, NULL),
(6206, 492, 'KEDUNGMENTAWAR', NULL, NULL),
(6207, 492, 'GANGGANTINGAN', NULL, NULL),
(6208, 492, 'GEBANGANGKRIK', NULL, NULL),
(6209, 492, 'JEJEL', NULL, NULL),
(6210, 492, 'MENDOGO', NULL, NULL),
(6211, 492, 'DURIKEDUNGJERO', NULL, NULL),
(6212, 492, 'LAMONGREJO', NULL, NULL),
(6213, 492, 'LAWAK', NULL, NULL),
(6214, 492, 'PURWOKERTO', NULL, NULL),
(6215, 492, 'NGASEMLEMAHBANG', NULL, NULL),
(6216, 492, 'CERME', NULL, NULL),
(6217, 492, 'SLAHARWOTAN', NULL, NULL),
(6218, 492, 'KAKATPENJALIN', NULL, NULL),
(6219, 492, 'DRUJUGURIT', NULL, NULL),
(6220, 492, 'MUNUNGREJO', NULL, NULL),
(6221, 492, 'NGIMBANG', NULL, NULL),
(6222, 492, 'SENDANGREJO', NULL, NULL),
(6223, 492, 'GIRIK', NULL, NULL),
(6224, 492, 'TLEMANG', NULL, NULL),
(6225, 493, 'WATESWINANGUN', NULL, NULL),
(6226, 493, 'GARUNG', NULL, NULL),
(6227, 493, 'JATIPANDAK', NULL, NULL),
(6228, 493, 'PAMOTAN', NULL, NULL),
(6229, 493, 'SELOREJO', NULL, NULL),
(6230, 493, 'KRETERANGGON', NULL, NULL),
(6231, 493, 'BARUREJO', NULL, NULL),
(6232, 493, 'CANDISARI', NULL, NULL),
(6233, 493, 'KEDUNGWANGI', NULL, NULL),
(6234, 493, 'TENGGIRING', NULL, NULL),
(6235, 493, 'SEMAMPIREJO', NULL, NULL),
(6236, 493, 'SIDOKUMPUL', NULL, NULL),
(6237, 493, 'PASARLEGI', NULL, NULL),
(6238, 493, 'SUMBERSARI', NULL, NULL),
(6239, 493, 'PATAAN', NULL, NULL),
(6240, 493, 'ARDIREJO', NULL, NULL),
(6241, 493, 'NOGOJATISARI', NULL, NULL),
(6242, 493, 'GEMPOLMANIS', NULL, NULL),
(6243, 493, 'KEDUNGBANJAR', NULL, NULL),
(6244, 493, 'WUDI', NULL, NULL),
(6245, 493, 'WONOREJO', NULL, NULL),
(6246, 493, 'SEKIDANG', NULL, NULL),
(6247, 494, 'SUMBERDADI', NULL, NULL),
(6248, 494, 'KEDUKBEMBEM', NULL, NULL),
(6249, 494, 'KEDUNGSOKO', NULL, NULL),
(6250, 494, 'SIDOMULYO', NULL, NULL),
(6251, 494, 'SUKOSARI', NULL, NULL),
(6252, 494, 'MOJOSARI', NULL, NULL),
(6253, 494, 'RUMPUK', NULL, NULL),
(6254, 494, 'PLABUHANREJO', NULL, NULL),
(6255, 494, 'SUMBERKEREP', NULL, NULL),
(6256, 494, 'SUMBERAGUNG', NULL, NULL),
(6257, 494, 'MANTUP', NULL, NULL),
(6258, 494, 'TUGU', NULL, NULL),
(6259, 494, 'SUMBERBENDO', NULL, NULL),
(6260, 494, 'TUNGGUNJAGIR', NULL, NULL),
(6261, 494, 'SUKOBENDU', NULL, NULL),
(6262, 495, 'MORONYAMPLUNG', NULL, NULL),
(6263, 495, 'DUMPIAGUNG', NULL, NULL),
(6264, 495, 'KATEMAS', NULL, NULL),
(6265, 495, 'GINTUNGAN', NULL, NULL),
(6266, 495, 'PELANG', NULL, NULL),
(6267, 495, 'PUTER', NULL, NULL),
(6268, 495, 'MAOR', NULL, NULL),
(6269, 495, 'RANDUBENER', NULL, NULL),
(6270, 495, 'KALIWATES', NULL, NULL),
(6271, 495, 'TLOGOAGUNG', NULL, NULL),
(6272, 495, 'KEDUNGMEGARIH', NULL, NULL),
(6273, 495, 'KEMBANGBAHU', NULL, NULL),
(6274, 495, 'LOPANG', NULL, NULL),
(6275, 495, 'MANGKUJAJAR', NULL, NULL),
(6276, 495, 'KEDUNGASRI', NULL, NULL),
(6277, 495, 'DOYOMULYO', NULL, NULL),
(6278, 495, 'SIDOMUKTI', NULL, NULL),
(6279, 495, 'SUKOSONGO', NULL, NULL),
(6280, 496, 'KALITENGAH', NULL, NULL),
(6281, 496, 'SIDOREJO', NULL, NULL),
(6282, 496, 'GONDANG LOR', NULL, NULL),
(6283, 496, 'DEKETAGUNG', NULL, NULL),
(6284, 496, 'DALIWANGUN', NULL, NULL),
(6285, 496, 'LAWANGANAGUNG', NULL, NULL),
(6286, 496, 'GERMAN', NULL, NULL),
(6287, 496, 'KALIPANG', NULL, NULL),
(6288, 496, 'KARANGSAMBIGALIH', NULL, NULL),
(6289, 496, 'KEDUNGBANJAR', NULL, NULL),
(6290, 496, 'BAKALREJO', NULL, NULL),
(6291, 496, 'SUPENUH', NULL, NULL),
(6292, 496, 'SUGIO', NULL, NULL),
(6293, 496, 'SEKARBAGUS', NULL, NULL),
(6294, 496, 'JUBEL KIDUL', NULL, NULL),
(6295, 496, 'JUBEL LOR', NULL, NULL),
(6296, 496, 'LEBAKADI', NULL, NULL),
(6297, 496, 'PANGKATREJO', NULL, NULL),
(6298, 496, 'BEDINGIN', NULL, NULL),
(6299, 496, 'KEDUNGDADI', NULL, NULL),
(6300, 496, 'SIDOBOGEM', NULL, NULL),
(6301, 497, 'DRADAH BLUMBANG', NULL, NULL),
(6302, 497, 'MLATI', NULL, NULL),
(6303, 497, 'TENGGEREJO', NULL, NULL),
(6304, 497, 'NGLEBUR', NULL, NULL),
(6305, 497, 'MAJENANG', NULL, NULL),
(6306, 497, 'MEKANDEREJO', NULL, NULL),
(6307, 497, 'KEDUNGPRING', NULL, NULL),
(6308, 497, 'KANDANGREJO', NULL, NULL),
(6309, 497, 'WARUNGERING', NULL, NULL),
(6310, 497, 'KALEN', NULL, NULL),
(6311, 497, 'MOJODADI', NULL, NULL),
(6312, 497, 'JATIDROJOK', NULL, NULL),
(6313, 497, 'TLANAK', NULL, NULL),
(6314, 497, 'SIDOBANGUN', NULL, NULL),
(6315, 497, 'BLAWIREJO', NULL, NULL),
(6316, 497, 'SIDOMLANGEAN', NULL, NULL),
(6317, 497, 'MAINDU', NULL, NULL),
(6318, 497, 'BANJARREJO', NULL, NULL),
(6319, 497, 'KARANGCANGKRING', NULL, NULL),
(6320, 497, 'SUKOMALO', NULL, NULL),
(6321, 497, 'SUMENGKO', NULL, NULL),
(6322, 497, 'KRADENANREJO', NULL, NULL),
(6323, 497, 'GUNUNGREJO', NULL, NULL),
(6324, 498, 'JEGREG', NULL, NULL),
(6325, 498, 'KEDUNGLEREP', NULL, NULL),
(6326, 498, 'SAMBANGREJO', NULL, NULL),
(6327, 498, 'MEDALEM', NULL, NULL),
(6328, 498, 'KEDUNGPENGARON', NULL, NULL),
(6329, 498, 'SUMBERAGUNG', NULL, NULL),
(6330, 498, 'MOJOREJO', NULL, NULL),
(6331, 498, 'PULE', NULL, NULL),
(6332, 498, 'YUNGYANG', NULL, NULL),
(6333, 498, 'SIDODOWO', NULL, NULL),
(6334, 498, 'JATIPAYAK', NULL, NULL),
(6335, 498, 'KEDUNGWARAS', NULL, NULL),
(6336, 498, 'SIDOMULYO', NULL, NULL),
(6337, 498, 'KACANGAN', NULL, NULL),
(6338, 498, 'SAMBUNGREJO', NULL, NULL),
(6339, 498, 'KEDUNGREJO', NULL, NULL),
(6340, 498, 'NGUWOK', NULL, NULL),
(6341, 499, 'BANARAN', NULL, NULL),
(6342, 499, 'KARANGKEMBANG', NULL, NULL),
(6343, 499, 'PUCAKWANGI', NULL, NULL),
(6344, 499, 'GENDONG KULON', NULL, NULL),
(6345, 499, 'KURIPAN', NULL, NULL),
(6346, 499, 'BULUMARGI', NULL, NULL),
(6347, 499, 'SAMBANGAN', NULL, NULL),
(6348, 499, 'KEYONGAN', NULL, NULL),
(6349, 499, 'PATIHAN', NULL, NULL),
(6350, 499, 'DATINAWONG', NULL, NULL),
(6351, 499, 'SUMURGENUK', NULL, NULL),
(6352, 499, 'PLAOSAN', NULL, NULL),
(6353, 499, 'SOGO', NULL, NULL),
(6354, 499, 'BABAT', NULL, NULL),
(6355, 499, 'BEDAHAN', NULL, NULL),
(6356, 499, 'TRUNI', NULL, NULL),
(6357, 499, 'TREPAN', NULL, NULL),
(6358, 499, 'KEBALANPELANG', NULL, NULL),
(6359, 499, 'GEMBONG', NULL, NULL),
(6360, 499, 'KEBALANDONO', NULL, NULL),
(6361, 499, 'MOROPELANG', NULL, NULL),
(6362, 499, 'TRITUNGGAL', NULL, NULL),
(6363, 499, 'KEBONAGUNG', NULL, NULL),
(6364, 500, 'GEMPOLPADING', NULL, NULL),
(6365, 500, 'WANAR', NULL, NULL),
(6366, 500, 'PUCUK', NULL, NULL),
(6367, 500, 'KESAMBI', NULL, NULL),
(6368, 500, 'WARUKULON', NULL, NULL),
(6369, 500, 'KEDALI', NULL, NULL),
(6370, 500, 'SUMBERJO', NULL, NULL),
(6371, 500, 'TANGGUNGAN', NULL, NULL),
(6372, 500, 'KARANGTINGGIL', NULL, NULL),
(6373, 500, 'WARUWETAN', NULL, NULL),
(6374, 500, 'PLOSOSETRO', NULL, NULL),
(6375, 500, 'PAJI', NULL, NULL),
(6376, 500, 'BABATKUMPUL', NULL, NULL),
(6377, 500, 'CUNGKUP', NULL, NULL),
(6378, 500, 'NGAMBEG', NULL, NULL),
(6379, 500, 'PADENGANPLOSO', NULL, NULL),
(6380, 500, 'BUGOHARJO', NULL, NULL),
(6381, 501, 'SIWALANREJO', NULL, NULL),
(6382, 501, 'SUMBERAGUNG', NULL, NULL),
(6383, 501, 'GEDANGAN', NULL, NULL),
(6384, 501, 'BATURONO', NULL, NULL),
(6385, 501, 'BANJAREJO', NULL, NULL),
(6386, 501, 'SUMBERAJI', NULL, NULL),
(6387, 501, 'KADUNGREMBUG', NULL, NULL),
(6388, 501, 'MENONGO', NULL, NULL),
(6389, 501, 'BALUNGTAWUN', NULL, NULL),
(6390, 501, 'SUGIHREJO', NULL, NULL),
(6391, 501, 'BANDUNGSARI', NULL, NULL),
(6392, 501, 'PLUMPANG', NULL, NULL),
(6393, 501, 'TLOGOREJO', NULL, NULL),
(6394, 501, 'SURABAYAN', NULL, NULL),
(6395, 501, 'SIDOGEMBUL', NULL, NULL),
(6396, 501, 'SUKODADI', NULL, NULL),
(6397, 501, 'KEBONSARI', NULL, NULL),
(6398, 501, 'SUKOLILO', NULL, NULL),
(6399, 501, 'PAJANGAN', NULL, NULL),
(6400, 501, 'MADULEGI', NULL, NULL),
(6401, 502, 'RANCANG KENCONO', NULL, NULL),
(6402, 502, 'WAJIK', NULL, NULL),
(6403, 502, 'KRAMAT', NULL, NULL),
(6404, 502, 'SIDOMUKTI', NULL, NULL),
(6405, 502, 'TLOGOANYAR', NULL, NULL),
(6406, 502, 'SIDOHARJO', NULL, NULL),
(6407, 502, 'SUMBERJO', NULL, NULL),
(6408, 502, 'SENDANGREJO', NULL, NULL),
(6409, 502, 'KEBET', NULL, NULL),
(6410, 502, 'TANJUNG', NULL, NULL),
(6411, 502, 'PANGKATREJO', NULL, NULL),
(6412, 502, 'KARANGLANGIT', NULL, NULL),
(6413, 502, 'PLOSOWAHYU', NULL, NULL),
(6414, 502, 'MADE', NULL, NULL),
(6415, 502, 'SUKOMULYO', NULL, NULL),
(6416, 502, 'SUKOREJO', NULL, NULL),
(6417, 502, 'TUMENGGUNGAN', NULL, NULL),
(6418, 502, 'JETIS', NULL, NULL),
(6419, 502, 'BANJARMENDALAN', NULL, NULL),
(6420, 502, 'SIDOKUMPUL', NULL, NULL),
(6421, 503, 'KELORARUM', NULL, NULL),
(6422, 503, 'SOKO', NULL, NULL),
(6423, 503, 'BALONGWANGI', NULL, NULL),
(6424, 503, 'WONOKROMO', NULL, NULL),
(6425, 503, 'TAKERANKLATING', NULL, NULL),
(6426, 503, 'BOTOPUTIH', NULL, NULL),
(6427, 503, 'DUKUHAGUNG', NULL, NULL),
(6428, 503, 'PENGUMBULANADI', NULL, NULL),
(6429, 503, 'BAKALANPULE', NULL, NULL),
(6430, 503, 'GUMININGREJO', NULL, NULL),
(6431, 503, 'JOTOSANUR', NULL, NULL),
(6432, 503, 'JATIREJO', NULL, NULL),
(6433, 503, 'TAMBAKRIGADUNG', NULL, NULL),
(6434, 504, 'KEDUNGKUMPUL', NULL, NULL),
(6435, 504, 'DERMOLEMAHBANG', NULL, NULL),
(6436, 504, 'GEMPOLTUKMLOKO', NULL, NULL),
(6437, 504, 'SARIREJO', NULL, NULL),
(6438, 504, 'TAMBAKMENJANGAN', NULL, NULL),
(6439, 504, 'SUMBERJO', NULL, NULL),
(6440, 504, 'SIMBATAN', NULL, NULL),
(6441, 504, 'CANGGAH', NULL, NULL),
(6442, 504, 'BERU', NULL, NULL),
(6443, 505, 'DEKET KULON', NULL, NULL),
(6444, 505, 'DEKET WETAN', NULL, NULL),
(6445, 505, 'REJOSARI', NULL, NULL),
(6446, 505, 'PANDANPANCUR', NULL, NULL),
(6447, 505, 'PLOSOBUDEN', NULL, NULL),
(6448, 505, 'SRIRANDE', NULL, NULL),
(6449, 505, 'REJOTENGAH', NULL, NULL),
(6450, 505, 'SIDOBINANGUN', NULL, NULL),
(6451, 505, 'SUGIHWARAS', NULL, NULL),
(6452, 505, 'SIDOREJO', NULL, NULL),
(6453, 505, 'DLANGGU', NULL, NULL),
(6454, 505, 'DINOYO', NULL, NULL),
(6455, 505, 'BABATAGUNG', NULL, NULL),
(6456, 505, 'TUKKERTO', NULL, NULL),
(6457, 505, 'WEDUNI', NULL, NULL),
(6458, 505, 'SIDOMULYO', NULL, NULL),
(6459, 505, 'LALADAN', NULL, NULL),
(6460, 506, 'KENTONG', NULL, NULL),
(6461, 506, 'WANGEN', NULL, NULL),
(6462, 506, 'BANGKOK', NULL, NULL),
(6463, 506, 'MELUNTUR', NULL, NULL),
(6464, 506, 'DUKUHTUNGGAL', NULL, NULL),
(6465, 506, 'BAPUHBANDUNG', NULL, NULL),
(6466, 506, 'TANGGUNGPRIGEL', NULL, NULL),
(6467, 506, 'SUDANGAN', NULL, NULL),
(6468, 506, 'KARANGAGUNG', NULL, NULL),
(6469, 506, 'DUDUK LOR', NULL, NULL),
(6470, 506, 'MEDANG', NULL, NULL),
(6471, 506, 'MENDOGO', NULL, NULL),
(6472, 506, 'BEGAN', NULL, NULL),
(6473, 506, 'MENGANTI', NULL, NULL),
(6474, 506, 'RAYUNGGUMUK', NULL, NULL),
(6475, 506, 'GEMPOLPENDOWO', NULL, NULL),
(6476, 506, 'SOKO', NULL, NULL),
(6477, 506, 'MOROCALAN', NULL, NULL),
(6478, 506, 'PASI', NULL, NULL),
(6479, 506, 'MARGOANYAR', NULL, NULL),
(6480, 506, 'GLAGAH', NULL, NULL),
(6481, 506, 'BAPUH BARU', NULL, NULL),
(6482, 506, 'JATIRENGGO', NULL, NULL),
(6483, 506, 'KONANG', NULL, NULL),
(6484, 506, 'WONOREJO', NULL, NULL),
(6485, 506, 'PANGGANG', NULL, NULL),
(6486, 506, 'WEDORO', NULL, NULL),
(6487, 506, 'KARANGTURI', NULL, NULL),
(6488, 506, 'MELUWUR', NULL, NULL),
(6489, 507, 'SOMOWINANGUN', NULL, NULL),
(6490, 507, 'KARANGANOM', NULL, NULL),
(6491, 507, 'KETAPANGTELU', NULL, NULL),
(6492, 507, 'BLAWI', NULL, NULL),
(6493, 507, 'BARANGGAYAM', NULL, NULL),
(6494, 507, 'PENDOWOLIMO', NULL, NULL),
(6495, 507, 'PRIYOSO', NULL, NULL),
(6496, 507, 'KURO', NULL, NULL),
(6497, 507, 'GAWEREJO', NULL, NULL),
(6498, 507, 'WINDU', NULL, NULL),
(6499, 507, 'KARANGBINANGUN', NULL, NULL),
(6500, 507, 'BOGOBABADAN', NULL, NULL),
(6501, 507, 'WATANGPANJANG', NULL, NULL),
(6502, 507, 'SAMBOPINGGIR', NULL, NULL),
(6503, 507, 'PUTATBANGAH', NULL, NULL),
(6504, 507, 'BANYUURIP', NULL, NULL),
(6505, 507, 'BANJAREJO', NULL, NULL),
(6506, 507, 'PALANGAN', NULL, NULL),
(6507, 507, 'MAYONG', NULL, NULL),
(6508, 507, 'SUKOREJO', NULL, NULL),
(6509, 507, 'WARUK', NULL, NULL),
(6510, 508, 'SUKOANYAR', NULL, NULL),
(6511, 508, 'SUKOREJO', NULL, NULL),
(6512, 508, 'TAWANGREJO', NULL, NULL),
(6513, 508, 'TAMBAKPLOSO', NULL, NULL),
(6514, 508, 'BALUN', NULL, NULL),
(6515, 508, 'GEDONGBOYOUNTUNG', NULL, NULL),
(6516, 508, 'NGUJUNGREJO', NULL, NULL),
(6517, 508, 'BAMBANG', NULL, NULL),
(6518, 508, 'KEMLAGIGEDE', NULL, NULL),
(6519, 508, 'TURI', NULL, NULL),
(6520, 508, 'KEBEN', NULL, NULL),
(6521, 508, 'WANGUNREJO', NULL, NULL),
(6522, 508, 'GEGER', NULL, NULL),
(6523, 508, 'BADURAME', NULL, NULL),
(6524, 508, 'KARANGWEDORO', NULL, NULL),
(6525, 508, 'PUTATKUMPUL', NULL, NULL),
(6526, 508, 'KEMLAGGI LOR', NULL, NULL),
(6527, 508, 'POMAHANJANGGAN', NULL, NULL),
(6528, 508, 'KEPUDIBENER', NULL, NULL),
(6529, 509, 'PUCANGRO', NULL, NULL),
(6530, 509, 'PUCANGTELU', NULL, NULL),
(6531, 509, 'SOMOSARI', NULL, NULL),
(6532, 509, 'JELAKCATUR', NULL, NULL),
(6533, 509, 'TIWET', NULL, NULL),
(6534, 509, 'BLAJO', NULL, NULL),
(6535, 509, 'GAMBUHAN', NULL, NULL),
(6536, 509, 'BOJOASRI', NULL, NULL),
(6537, 509, 'CLURING', NULL, NULL),
(6538, 509, 'LUKREJO', NULL, NULL),
(6539, 509, 'MUNGLI', NULL, NULL),
(6540, 509, 'DIBE', NULL, NULL),
(6541, 509, 'PENGANGSALAN', NULL, NULL),
(6542, 509, 'BUTUNGAN', NULL, NULL),
(6543, 509, 'KALITENGAH', NULL, NULL),
(6544, 509, 'KEDIREN', NULL, NULL),
(6545, 509, 'KULURAN', NULL, NULL),
(6546, 509, 'CANDITUNGGAL', NULL, NULL),
(6547, 509, 'SUGIHWARAS', NULL, NULL),
(6548, 509, 'TUNJUNGMEKAR', NULL, NULL),
(6549, 510, 'BANJARMADU', NULL, NULL),
(6550, 510, 'KALANGANYAR', NULL, NULL),
(6551, 510, 'SUNGELEBAK', NULL, NULL),
(6552, 510, 'KENDALKEMLAGI', NULL, NULL),
(6553, 510, 'MERTANI', NULL, NULL),
(6554, 510, 'KARANGGENENG', NULL, NULL),
(6555, 510, 'SUMBERWUDI', NULL, NULL),
(6556, 510, 'KARANGWUNGU', NULL, NULL),
(6557, 510, 'JAGRAN', NULL, NULL),
(6558, 510, 'KAWISTOLEGI', NULL, NULL),
(6559, 510, 'SONOADI', NULL, NULL),
(6560, 510, 'LATUKAN', NULL, NULL),
(6561, 510, 'BANTENGPUTIH', NULL, NULL),
(6562, 510, 'GUCI', NULL, NULL),
(6563, 510, 'KALIGERMAN', NULL, NULL),
(6564, 510, 'KARANGREJO', NULL, NULL),
(6565, 510, 'TRACAL', NULL, NULL),
(6566, 510, 'PRIJEKNGABLAG', NULL, NULL),
(6567, 511, 'BESUR', NULL, NULL),
(6568, 511, 'KEBALAN KULON', NULL, NULL),
(6569, 511, 'KUDIKAN', NULL, NULL),
(6570, 511, 'MANYAR', NULL, NULL),
(6571, 511, 'TROSONO', NULL, NULL),
(6572, 511, 'LATEK', NULL, NULL),
(6573, 511, 'MIRU', NULL, NULL),
(6574, 511, 'BULUTENGGER', NULL, NULL),
(6575, 511, 'BUGEL', NULL, NULL),
(6576, 511, 'SIMAN', NULL, NULL),
(6577, 511, 'KEMBANGAN', NULL, NULL),
(6578, 511, 'KARANG', NULL, NULL),
(6579, 511, 'SUNGEGENENG', NULL, NULL),
(6580, 511, 'PORODESO', NULL, NULL),
(6581, 511, 'MORO', NULL, NULL),
(6582, 511, 'SEKARAN', NULL, NULL),
(6583, 511, 'JUGO', NULL, NULL),
(6584, 511, 'NGARUM', NULL, NULL),
(6585, 511, 'TITIK', NULL, NULL),
(6586, 511, 'KENDAL', NULL, NULL),
(6587, 511, 'KETING', NULL, NULL),
(6588, 512, 'DURIWETAN', NULL, NULL),
(6589, 512, 'TAJI', NULL, NULL),
(6590, 512, 'BRUMBUN', NULL, NULL),
(6591, 512, 'SIWURAN', NULL, NULL),
(6592, 512, 'KLAGENSRAMPAT', NULL, NULL),
(6593, 512, 'PANGEAN', NULL, NULL),
(6594, 512, 'GUMANTUK', NULL, NULL),
(6595, 512, 'NGAYUNG', NULL, NULL),
(6596, 512, 'MADURAN', NULL, NULL),
(6597, 512, 'JANGKUNGSOMO', NULL, NULL),
(6598, 512, 'PARENGAN', NULL, NULL),
(6599, 512, 'PANGKATREJO', NULL, NULL),
(6600, 512, 'PRINGGOBOYO', NULL, NULL),
(6601, 512, 'KANUGRAHAN', NULL, NULL),
(6602, 512, 'TURI', NULL, NULL),
(6603, 512, 'GEDANGAN', NULL, NULL),
(6604, 512, 'BLUMBANG', NULL, NULL),
(6605, 513, 'DURI KULON', NULL, NULL),
(6606, 513, 'CENTINI', NULL, NULL),
(6607, 513, 'KEDUYUNG', NULL, NULL),
(6608, 513, 'PESANGGRAHAN', NULL, NULL),
(6609, 513, 'JABUNG', NULL, NULL),
(6610, 513, 'DATENG', NULL, NULL),
(6611, 513, 'GELAP', NULL, NULL),
(6612, 513, 'MOJO ASEM', NULL, NULL),
(6613, 513, 'SISER', NULL, NULL),
(6614, 513, 'BULUTIGO', NULL, NULL),
(6615, 513, 'PELANGWOT', NULL, NULL),
(6616, 513, 'LAREN', NULL, NULL),
(6617, 513, 'GAMPANG SEJATI', NULL, NULL),
(6618, 513, 'TAMAN PRIJEK', NULL, NULL),
(6619, 513, 'KARANGTAWAR', NULL, NULL),
(6620, 513, 'TEJOASRI', NULL, NULL),
(6621, 513, 'GODOG', NULL, NULL),
(6622, 513, 'BULUBRANGSI', NULL, NULL),
(6623, 513, 'KARANGWUNGU LOR', NULL, NULL),
(6624, 513, 'BRANGSI', NULL, NULL),
(6625, 514, 'DADAPAN', NULL, NULL),
(6626, 514, 'TEBLURU', NULL, NULL),
(6627, 514, 'SUGIHAN', NULL, NULL),
(6628, 514, 'TENGGULUN', NULL, NULL),
(6629, 514, 'PAYAMAN', NULL, NULL),
(6630, 514, 'SOLOKURO', NULL, NULL),
(6631, 514, 'TAKERHARJO', NULL, NULL),
(6632, 514, 'BANYUBANG', NULL, NULL),
(6633, 514, 'DAGAN', NULL, NULL),
(6634, 514, 'BLURI', NULL, NULL),
(6635, 515, 'BLIMBING', NULL, NULL),
(6636, 515, 'KANDANGSEMANGKON', NULL, NULL),
(6637, 515, 'PACIRAN', NULL, NULL),
(6638, 515, 'SUMURGAYAM', NULL, NULL),
(6639, 515, 'SENDANGAGUNG', NULL, NULL),
(6640, 515, 'SENDANGDUWUR', NULL, NULL),
(6641, 515, 'TUNGGUL', NULL, NULL),
(6642, 515, 'KRANJI', NULL, NULL),
(6643, 515, 'DRAJAT', NULL, NULL),
(6644, 515, 'BANJARWATI', NULL, NULL),
(6645, 515, 'KEMANTREN', NULL, NULL),
(6646, 515, 'SIDOKELAR', NULL, NULL),
(6647, 515, 'TLOGOSADANG', NULL, NULL),
(6648, 515, 'PALOH', NULL, NULL),
(6649, 515, 'WERU', NULL, NULL),
(6650, 515, 'SIDOKUMPUL', NULL, NULL),
(6651, 515, 'WARULOR', NULL, NULL),
(6652, 516, 'LEMBOR', NULL, NULL),
(6653, 516, 'TLOGORETNO', NULL, NULL),
(6654, 516, 'SIDOMUKTI', NULL, NULL),
(6655, 516, 'LOHGUNG', NULL, NULL),
(6656, 516, 'LABUHAN', NULL, NULL),
(6657, 516, 'BRENGKOK', NULL, NULL),
(6658, 516, 'SENDANGHARJO', NULL, NULL),
(6659, 516, 'SEDAYULAWAS', NULL, NULL),
(6660, 516, 'SUMBERAGUNG', NULL, NULL),
(6661, 516, 'BRONDONG', NULL, NULL),
(6662, 517, 'KEDUNGANYAR', NULL, NULL),
(6663, 517, 'SUMBERAME', NULL, NULL),
(6664, 517, 'WRINGINANOM', NULL, NULL),
(6665, 517, 'LEBANISUKO', NULL, NULL),
(6666, 517, 'LEBANIWARAS', NULL, NULL),
(6667, 517, 'SUMENGKO', NULL, NULL),
(6668, 517, 'PASINAN LEMAHPUTIH', NULL, NULL),
(6669, 517, 'WATESTANJUNG', NULL, NULL),
(6670, 517, 'PEDAGANGAN', NULL, NULL),
(6671, 517, 'SEMBUNG', NULL, NULL),
(6672, 517, 'SUMBERWARU', NULL, NULL),
(6673, 517, 'KEPUHKLAGEN', NULL, NULL),
(6674, 517, 'SUMBERGEDE', NULL, NULL),
(6675, 517, 'MONDOLUKU', NULL, NULL),
(6676, 517, 'KESAMBENKULON', NULL, NULL),
(6677, 517, 'SOKO', NULL, NULL),
(6678, 518, 'KRIKILAN', NULL, NULL),
(6679, 518, 'DRIYOREJO', NULL, NULL),
(6680, 518, 'CANGKIR', NULL, NULL),
(6681, 518, 'BAMBE', NULL, NULL),
(6682, 518, 'MULUNG', NULL, NULL),
(6683, 518, 'TENARU', NULL, NULL),
(6684, 518, 'PETIKEN', NULL, NULL),
(6685, 518, 'KESAMBENWETAN', NULL, NULL),
(6686, 518, 'SUMPUT', NULL, NULL),
(6687, 518, 'TANJUNGAN', NULL, NULL),
(6688, 518, 'BANJARAN', NULL, NULL),
(6689, 518, 'KARANGANDONG', NULL, NULL),
(6690, 518, 'MOJOSARIREJO', NULL, NULL),
(6691, 518, 'WEDOROANOM', NULL, NULL),
(6692, 518, 'RANDEGANSARI', NULL, NULL),
(6693, 518, 'GADUNG', NULL, NULL),
(6694, 519, 'MOJOWUKU', NULL, NULL),
(6695, 519, 'SIDORAHARJO', NULL, NULL),
(6696, 519, 'SLEMPIT', NULL, NULL),
(6697, 519, 'BELAHANREJO', NULL, NULL),
(6698, 519, 'MENUNGGAL', NULL, NULL),
(6699, 519, 'BANYUURIP', NULL, NULL),
(6700, 519, 'NGEPUNG', NULL, NULL),
(6701, 519, 'KEDAMEAN', NULL, NULL),
(6702, 519, 'TANJUNG', NULL, NULL),
(6703, 519, 'KATIMOHO', NULL, NULL),
(6704, 519, 'TURIREJO', NULL, NULL),
(6705, 519, 'TULUNG', NULL, NULL),
(6706, 519, 'GLINDAH', NULL, NULL),
(6707, 519, 'LAMPAH', NULL, NULL),
(6708, 519, 'CERMENLEREK', NULL, NULL),
(6709, 520, 'PRANTI', NULL, NULL),
(6710, 520, 'BRINGKANG', NULL, NULL),
(6711, 520, 'MOJOTENGAH', NULL, NULL),
(6712, 520, 'MENGANTI', NULL, NULL),
(6713, 520, 'HULAAN', NULL, NULL),
(6714, 520, 'SIDOWUNGU', NULL, NULL),
(6715, 520, 'SETRO', NULL, NULL),
(6716, 520, 'LABAN', NULL, NULL),
(6717, 520, 'PENGALANGAN', NULL, NULL),
(6718, 520, 'RANDUPADANGAN', NULL, NULL),
(6719, 520, 'DRANCANG', NULL, NULL),
(6720, 520, 'PELEMWATU', NULL, NULL),
(6721, 520, 'SIDOJANGKUNG', NULL, NULL),
(6722, 520, 'DOMAS', NULL, NULL),
(6723, 520, 'GADINGWATU', NULL, NULL),
(6724, 520, 'BETON', NULL, NULL),
(6725, 520, 'PUTAT LOR', NULL, NULL),
(6726, 520, 'BOTENG', NULL, NULL),
(6727, 520, 'BOBOH', NULL, NULL),
(6728, 520, 'GEMPOLKURUNG', NULL, NULL),
(6729, 520, 'KEPATIHAN', NULL, NULL),
(6730, 520, 'HENDROSARI', NULL, NULL),
(6731, 521, 'DADAPKUNING', NULL, NULL),
(6732, 521, 'NGEMBUNG', NULL, NULL),
(6733, 521, 'SUKOANYAR', NULL, NULL),
(6734, 521, 'MOROWUDI', NULL, NULL),
(6735, 521, 'GURANGANYAR', NULL, NULL),
(6736, 521, 'DAMPAAN', NULL, NULL),
(6737, 521, 'DOORO', NULL, NULL),
(6738, 521, 'LENGKONG', NULL, NULL),
(6739, 521, 'KANDANGAN', NULL, NULL),
(6740, 521, 'DUNGUS', NULL, NULL),
(6741, 521, 'NGABETAN', NULL, NULL),
(6742, 521, 'BETITING', NULL, NULL),
(6743, 521, 'IKERIKERGEGER', NULL, NULL),
(6744, 521, 'CERME KIDUL', NULL, NULL),
(6745, 521, 'PANDU', NULL, NULL),
(6746, 521, 'JONO', NULL, NULL),
(6747, 521, 'TAMBAKBERAS', NULL, NULL),
(6748, 521, 'CERME LOR', NULL, NULL),
(6749, 521, 'CAGAKAGUNG', NULL, NULL),
(6750, 521, 'SEMAMPIR', NULL, NULL),
(6751, 521, 'KAMBINGAN', NULL, NULL),
(6752, 521, 'WEDANI', NULL, NULL),
(6753, 521, 'GEDANGKULUT', NULL, NULL),
(6754, 521, 'PADEG', NULL, NULL),
(6755, 521, 'BANJARSARI', NULL, NULL),
(6756, 522, 'LUNDO', NULL, NULL),
(6757, 522, 'BALONGTUNJUNG', NULL, NULL),
(6758, 522, 'BALONGMOJO', NULL, NULL),
(6759, 522, 'BULANGKULON', NULL, NULL),
(6760, 522, 'SEDAPURKLAGEN', NULL, NULL),
(6761, 522, 'DELIKSUMBER', NULL, NULL),
(6762, 522, 'KEDUNGRUKEM', NULL, NULL),
(6763, 522, 'MUNGGUGIANTI', NULL, NULL),
(6764, 522, 'BENGKELOLOR', NULL, NULL),
(6765, 522, 'GLURANPLOSO', NULL, NULL),
(6766, 522, 'BULUREJO', NULL, NULL),
(6767, 522, 'DERMO', NULL, NULL),
(6768, 522, 'KEDUNGSEKAR', NULL, NULL),
(6769, 522, 'KLAMPOK', NULL, NULL),
(6770, 522, 'SIRNOBOYO', NULL, NULL),
(6771, 522, 'KALIPADANG', NULL, NULL),
(6772, 522, 'KARANGANKIDUL', NULL, NULL),
(6773, 522, 'MUNGGUGEBANG', NULL, NULL),
(6774, 522, 'BANTER', NULL, NULL),
(6775, 522, 'METATU', NULL, NULL),
(6776, 522, 'JOGODALU', NULL, NULL),
(6777, 522, 'PUNDUTTRATE', NULL, NULL),
(6778, 522, 'JATIREMBE', NULL, NULL),
(6779, 523, 'JOMBANGDELIK', NULL, NULL),
(6780, 523, 'BRANGKAL', NULL, NULL),
(6781, 523, 'NGAMPEL', NULL, NULL),
(6782, 523, 'TANAHLANDEAN', NULL, NULL),
(6783, 523, 'DAPET', NULL, NULL),
(6784, 523, 'WONOREJO', NULL, NULL),
(6785, 523, 'SEKARPUTIH', NULL, NULL),
(6786, 523, 'WOTANSARI', NULL, NULL),
(6787, 523, 'BANJARAGUNG', NULL, NULL),
(6788, 523, 'KARANGSEMANDING', NULL, NULL),
(6789, 523, 'WAHAS', NULL, NULL),
(6790, 523, 'BANDUNGSEKARAN', NULL, NULL),
(6791, 523, 'MOJOGEDE', NULL, NULL),
(6792, 523, 'KEDUNGPRING', NULL, NULL),
(6793, 523, 'PUCUNG', NULL, NULL),
(6794, 523, 'BALONGPANGGANG', NULL, NULL),
(6795, 523, 'KEDUNGSUMBER', NULL, NULL),
(6796, 523, 'BABATAN', NULL, NULL),
(6797, 523, 'PACUH', NULL, NULL),
(6798, 523, 'TENGGOR', NULL, NULL),
(6799, 523, 'DOHOAGUNG', NULL, NULL),
(6800, 523, 'PINGGIR', NULL, NULL),
(6801, 523, 'KLOTOK', NULL, NULL),
(6802, 523, 'GANGGANG', NULL, NULL),
(6803, 523, 'NGASIN', NULL, NULL),
(6804, 524, 'KANDANGAN', NULL, NULL),
(6805, 524, 'TUMAPEL', NULL, NULL),
(6806, 524, 'PANJUNAN', NULL, NULL),
(6807, 524, 'TAMBAKREJO', NULL, NULL),
(6808, 524, 'SETROHADI', NULL, NULL),
(6809, 524, 'SUMENGKO', NULL, NULL),
(6810, 524, 'GREDEK', NULL, NULL),
(6811, 524, 'SUMARI', NULL, NULL),
(6812, 524, 'TIREM', NULL, NULL),
(6813, 524, 'AMBENG AMBENG WATANGREJO', NULL, NULL),
(6814, 524, 'TEBALOAN', NULL, NULL),
(6815, 524, 'SAMIRPLAPAN', NULL, NULL),
(6816, 524, 'DUDUKSAMPEYAN', NULL, NULL),
(6817, 524, 'PETISBENEM', NULL, NULL),
(6818, 524, 'PALEBON', NULL, NULL),
(6819, 524, 'GLANGGANG', NULL, NULL),
(6820, 524, 'PANDANAN', NULL, NULL),
(6821, 524, 'BENDUNGAN', NULL, NULL),
(6822, 524, 'WADAK LOR', NULL, NULL),
(6823, 524, 'WADAK KIDUL', NULL, NULL),
(6824, 524, 'KAWISTOWINDU', NULL, NULL),
(6825, 524, 'KEMUDI', NULL, NULL),
(6826, 524, 'KRAMAT', NULL, NULL),
(6827, 525, 'KEDANYANG', NULL, NULL),
(6828, 525, 'PRAMBANGAN', NULL, NULL),
(6829, 525, 'GULOMANTUNG', NULL, NULL),
(6830, 525, 'SUKOREJO', NULL, NULL),
(6831, 525, 'SEGOROMADU', NULL, NULL),
(6832, 525, 'TENGGULUNAN', NULL, NULL),
(6833, 525, 'KARANGKERING', NULL, NULL),
(6834, 525, 'INDRO', NULL, NULL),
(6835, 525, 'SINGOSARI', NULL, NULL),
(6836, 525, 'SIDOMORO', NULL, NULL),
(6837, 525, 'GENDING', NULL, NULL),
(6838, 525, 'NGARGOSARI', NULL, NULL),
(6839, 525, 'KAWISANYAR', NULL, NULL),
(6840, 525, 'SIDOMUKTI', NULL, NULL),
(6841, 525, 'GIRI', NULL, NULL),
(6842, 525, 'KLANGONAN', NULL, NULL),
(6843, 525, 'SEKARKURUNG', NULL, NULL),
(6844, 525, 'KEMBANGAN', NULL, NULL),
(6845, 525, 'DAHANREJO', NULL, NULL),
(6846, 525, 'RANDUAGUNG', NULL, NULL),
(6847, 525, 'KEBOMAS', NULL, NULL),
(6848, 526, 'NGIPIK', NULL, NULL),
(6849, 526, 'TLOGOPATUT', NULL, NULL),
(6850, 526, 'SIDOKUMPUL', NULL, NULL),
(6851, 526, 'KRAMATINGGIL', NULL, NULL),
(6852, 526, 'SIDORUKUN', NULL, NULL),
(6853, 526, 'PULOPANCIKAN', NULL, NULL),
(6854, 526, 'GAPUROSUKOLILO', NULL, NULL),
(6855, 526, 'TLOGOBENDUNG', NULL, NULL),
(6856, 526, 'PEKAUMAN', NULL, NULL),
(6857, 526, 'SUKORAME', NULL, NULL),
(6858, 526, 'KARANGTURI', NULL, NULL),
(6859, 526, 'TRATE', NULL, NULL),
(6860, 526, 'KARANGPOH', NULL, NULL),
(6861, 526, 'BEDILAN', NULL, NULL),
(6862, 526, 'KEBUNGSON', NULL, NULL),
(6863, 526, 'PEKELINGAN', NULL, NULL),
(6864, 526, 'KEMUTERAN', NULL, NULL),
(6865, 526, 'SUKODONO', NULL, NULL),
(6866, 526, 'KROMAN', NULL, NULL),
(6867, 526, 'LUMPUR', NULL, NULL),
(6868, 526, 'TLOGOPOJOK', NULL, NULL),
(6869, 527, 'TEBALO', NULL, NULL),
(6870, 527, 'SUCI', NULL, NULL),
(6871, 527, 'YOSOWILANGUN', NULL, NULL),
(6872, 527, 'ROOMO', NULL, NULL),
(6873, 527, 'SUKOMULYO', NULL, NULL),
(6874, 527, 'PONGANGAN', NULL, NULL),
(6875, 527, 'PEGANDEN', NULL, NULL),
(6876, 527, 'BANJARSARI', NULL, NULL),
(6877, 527, 'LERAN', NULL, NULL),
(6878, 527, 'MANYAREJO', NULL, NULL),
(6879, 527, 'MANYARSIDOMUKTI', NULL, NULL),
(6880, 527, 'MANYARSIDORUKUN', NULL, NULL),
(6881, 527, 'BANYUWANGI', NULL, NULL),
(6882, 527, 'KARANGREJO', NULL, NULL),
(6883, 527, 'SEMBAYAT', NULL, NULL),
(6884, 527, 'BETOYOGUCI', NULL, NULL),
(6885, 527, 'BETOYOKAUMAN', NULL, NULL),
(6886, 527, 'SUMBEREJO', NULL, NULL),
(6887, 527, 'TANGGULREJO', NULL, NULL),
(6888, 527, 'GUMENO', NULL, NULL),
(6889, 527, 'NGAMPEL', NULL, NULL),
(6890, 527, 'PEJANGGANAN', NULL, NULL),
(6891, 527, 'MOROBAKUNG', NULL, NULL),
(6892, 528, 'SIDOMUKTI', NULL, NULL),
(6893, 528, 'MOJOPUROGEDE', NULL, NULL),
(6894, 528, 'MOJOPURO WETAN', NULL, NULL),
(6895, 528, 'MELIRANG', NULL, NULL),
(6896, 528, 'SIDOREJO', NULL, NULL),
(6897, 528, 'MASANGAN', NULL, NULL),
(6898, 528, 'SUKOWATI', NULL, NULL),
(6899, 528, 'BUNGAH', NULL, NULL),
(6900, 528, 'SUKOREJO', NULL, NULL),
(6901, 528, 'BEDANTEN', NULL, NULL),
(6902, 528, 'WATUAGUNG', NULL, NULL),
(6903, 528, 'KRAMAT', NULL, NULL),
(6904, 528, 'TAJUNG WIDORO', NULL, NULL),
(6905, 528, 'SUNGONLEGOWO', NULL, NULL),
(6906, 528, 'INDRODELIK', NULL, NULL),
(6907, 528, 'KISIK', NULL, NULL),
(6908, 528, 'ABAR-ABIR', NULL, NULL),
(6909, 528, 'SIDOKUMPUL', NULL, NULL),
(6910, 528, 'RACIWETAN', NULL, NULL),
(6911, 528, 'PEGUNDAN', NULL, NULL),
(6912, 528, 'KEMANGI', NULL, NULL),
(6913, 528, 'GUMENG', NULL, NULL),
(6914, 529, 'SUKOREJO', NULL, NULL),
(6915, 529, 'LASEM', NULL, NULL),
(6916, 529, 'KERTOSONO', NULL, NULL),
(6917, 529, 'RACIKULON', NULL, NULL),
(6918, 529, 'RACITENGAH', NULL, NULL),
(6919, 529, 'NGAWEN', NULL, NULL),
(6920, 529, 'RANDUBOTO', NULL, NULL),
(6921, 529, 'MOJOASEM', NULL, NULL),
(6922, 529, 'ASEMPAPAK', NULL, NULL),
(6923, 529, 'MRIYUNAN', NULL, NULL),
(6924, 529, 'SIDOMULYO', NULL, NULL),
(6925, 529, 'PURWODADI', NULL, NULL),
(6926, 529, 'BUNDERAN', NULL, NULL),
(6927, 529, 'KAUMAN', NULL, NULL),
(6928, 529, 'PENGULU', NULL, NULL),
(6929, 529, 'SEDAGARAN', NULL, NULL),
(6930, 529, 'SROWO', NULL, NULL),
(6931, 529, 'GOLOKAN', NULL, NULL),
(6932, 529, 'SAMBIPONDOK', NULL, NULL),
(6933, 529, 'WADENG', NULL, NULL),
(6934, 529, 'GEDANGAN', NULL, NULL),
(6935, 530, 'SAWO', NULL, NULL),
(6936, 530, 'KARANGCANGKRING', NULL, NULL),
(6937, 530, 'GEDONGKEDOAN', NULL, NULL),
(6938, 530, 'BULANGAN', NULL, NULL),
(6939, 530, 'WONOKERTO', NULL, NULL),
(6940, 530, 'BANGERAN', NULL, NULL),
(6941, 530, 'TIREMENGGAL', NULL, NULL),
(6942, 530, 'LOWAYU', NULL, NULL),
(6943, 530, 'PETIYIN TUNGGAL', NULL, NULL),
(6944, 530, 'TEBUWUNG', NULL, NULL),
(6945, 530, 'DUKUH KEMBAR', NULL, NULL),
(6946, 530, 'MADUMULYOREJO', NULL, NULL),
(6947, 530, 'MENTARAS', NULL, NULL),
(6948, 530, 'MOJOPETUNG', NULL, NULL),
(6949, 530, 'BARON', NULL, NULL),
(6950, 530, 'JREBENG', NULL, NULL),
(6951, 530, 'IMA AN', NULL, NULL),
(6952, 530, 'SEKARGADUNG', NULL, NULL),
(6953, 530, 'BABAKBAWO', NULL, NULL),
(6954, 530, 'BABAKSARI', NULL, NULL),
(6955, 530, 'SAMBOGUNUNG', NULL, NULL),
(6956, 530, 'KALIREJO', NULL, NULL),
(6957, 530, 'SEMBUNGAN KIDUL', NULL, NULL),
(6958, 530, 'SEMBUNG ANYAR', NULL, NULL),
(6959, 530, 'DUKUNANYAR', NULL, NULL),
(6960, 530, 'PADANG BANDUNG', NULL, NULL),
(6961, 531, 'SUMURBER', NULL, NULL),
(6962, 531, 'SERAH', NULL, NULL),
(6963, 531, 'SUKODONO', NULL, NULL),
(6964, 531, 'PETUNG', NULL, NULL),
(6965, 531, 'WOTAN', NULL, NULL),
(6966, 531, 'DOUDO', NULL, NULL),
(6967, 531, 'SUROWITI', NULL, NULL),
(6968, 531, 'SIWALAN', NULL, NULL),
(6969, 531, 'KETANEN', NULL, NULL),
(6970, 531, 'PANTENAN', NULL, NULL),
(6971, 531, 'PRUPUH', NULL, NULL),
(6972, 531, 'DALEGAN', NULL, NULL),
(6973, 531, 'CAMPUREJO', NULL, NULL),
(6974, 531, 'BANYUTENGAH', NULL, NULL),
(6975, 532, 'SEKAPUK', NULL, NULL),
(6976, 532, 'BOLO', NULL, NULL),
(6977, 532, 'GLATIK', NULL, NULL),
(6978, 532, 'TANJANGAWAN', NULL, NULL),
(6979, 532, 'KETAPANG LOR', NULL, NULL),
(6980, 532, 'KARANGREJO', NULL, NULL),
(6981, 532, 'KEBONAGUNG', NULL, NULL),
(6982, 532, 'GOSARI', NULL, NULL),
(6983, 532, 'CANGAAN', NULL, NULL),
(6984, 532, 'NGEMBOH', NULL, NULL),
(6985, 532, 'BANYUURIP', NULL, NULL),
(6986, 532, 'PANGKAH KULON', NULL, NULL),
(6987, 532, 'PANGKAH WETAN', NULL, NULL),
(6988, 533, 'KUMALASA', NULL, NULL),
(6989, 533, 'LEBAK', NULL, NULL),
(6990, 533, 'BULULANJANG', NULL, NULL),
(6991, 533, 'SUNGAI TELUK', NULL, NULL),
(6992, 533, 'KOTAKUSUMA', NULL, NULL),
(6993, 533, 'SAWAHMULYA', NULL, NULL),
(6994, 533, 'SUNGAIRUJING', NULL, NULL),
(6995, 533, 'DAUN', NULL, NULL),
(6996, 533, 'SIDOGEDUNGBATU', NULL, NULL),
(6997, 533, 'KEBONTELUKDALAM', NULL, NULL),
(6998, 533, 'BALIKTERUS', NULL, NULL),
(6999, 533, 'GUNUNGTEGUH', NULL, NULL),
(7000, 533, 'PATARSELAMAT', NULL, NULL),
(7001, 533, 'PUDAKITTIMUR', NULL, NULL),
(7002, 533, 'PUDAKITBARAT', NULL, NULL),
(7003, 533, 'SUWARI', NULL, NULL),
(7004, 533, 'DEKATAGUNG', NULL, NULL),
(7005, 534, 'TELUK JATIDAWANG', NULL, NULL),
(7006, 534, 'GELAM', NULL, NULL),
(7007, 534, 'SUKAONENG', NULL, NULL),
(7008, 534, 'KELOMPANGGUBUG', NULL, NULL),
(7009, 534, 'SUKALELA', NULL, NULL),
(7010, 534, 'PEKALONGAN', NULL, NULL),
(7011, 534, 'TAMBAK', NULL, NULL),
(7012, 534, 'GREJEG', NULL, NULL),
(7013, 534, 'TANJUNGORI', NULL, NULL),
(7014, 534, 'PAROMAAN', NULL, NULL),
(7015, 534, 'DIPONGGO', NULL, NULL),
(7016, 534, 'KEPUH TELUK', NULL, NULL),
(7017, 534, 'KEPUH LEGUNDI', NULL, NULL),
(7018, 535, 'TAJUNGAN', NULL, NULL),
(7019, 535, 'GILI BARAT', NULL, NULL),
(7020, 535, 'BANYU AJUH', NULL, NULL),
(7021, 535, 'KAMAL', NULL, NULL),
(7022, 535, 'TANJUNG JATI', NULL, NULL),
(7023, 535, 'KEBUN', NULL, NULL),
(7024, 535, 'GILI TIMUR', NULL, NULL),
(7025, 535, 'GILI ANYAR', NULL, NULL),
(7026, 535, 'TELLANG', NULL, NULL),
(7027, 535, 'PENDABAH', NULL, NULL),
(7028, 536, 'KESEK', NULL, NULL),
(7029, 536, 'PANGPONG', NULL, NULL),
(7030, 536, 'SUKOLILO BARAT', NULL, NULL),
(7031, 536, 'SUKOLILO TIMUR', NULL, NULL),
(7032, 536, 'BUNAJIH', NULL, NULL),
(7033, 536, 'BRINGIN', NULL, NULL),
(7034, 536, 'BA\'ENGAS', NULL, NULL),
(7035, 536, 'MORKEPEK', NULL, NULL),
(7036, 536, 'LABANG', NULL, NULL),
(7037, 536, 'JUKONG', NULL, NULL),
(7038, 536, 'SENDANG LAOK', NULL, NULL),
(7039, 536, 'SENDANG DAJAH', NULL, NULL),
(7040, 536, 'PETAPAN', NULL, NULL),
(7041, 537, 'TEBUL', NULL, NULL),
(7042, 537, 'KWANYAR BARAT', NULL, NULL),
(7043, 537, 'PASANGGRAHAN', NULL, NULL),
(7044, 537, 'KARANGANYAR', NULL, NULL),
(7045, 537, 'BATAH BARAT', NULL, NULL),
(7046, 537, 'BATAH TIMUR', NULL, NULL),
(7047, 537, 'DUWEK BUTER', NULL, NULL),
(7048, 537, 'PANDANAN', NULL, NULL),
(7049, 537, 'KARANG ENTANG', NULL, NULL),
(7050, 537, 'JANTEH', NULL, NULL),
(7051, 537, 'DLEMER', NULL, NULL),
(7052, 537, 'KETETANG', NULL, NULL),
(7053, 537, 'MOROMBUH', NULL, NULL),
(7054, 537, 'SUMUR KUNING', NULL, NULL),
(7055, 537, 'PAORAN', NULL, NULL),
(7056, 537, 'GUNUNG SERENG', NULL, NULL),
(7057, 538, 'PANGPAJUNG', NULL, NULL),
(7058, 538, 'PATEREMAN', NULL, NULL),
(7059, 538, 'KOLLA', NULL, NULL),
(7060, 538, 'PAENG', NULL, NULL),
(7061, 538, 'NEROH', NULL, NULL),
(7062, 538, 'SERABI TIMUR', NULL, NULL),
(7063, 538, 'SERABI BARAT', NULL, NULL),
(7064, 538, 'PATENGTENG', NULL, NULL),
(7065, 538, 'LANGPANGGANG', NULL, NULL),
(7066, 538, 'SUWAAN', NULL, NULL),
(7067, 538, 'MODUNG', NULL, NULL),
(7068, 538, 'BRAKAS DAJAH', NULL, NULL),
(7069, 538, 'KARANGANYAR', NULL, NULL),
(7070, 538, 'MANGGAAN', NULL, NULL),
(7071, 538, 'GLISGIS', NULL, NULL),
(7072, 538, 'PAKONG', NULL, NULL),
(7073, 538, 'ALASKOKON', NULL, NULL),
(7074, 539, 'GIGIR', NULL, NULL),
(7075, 539, 'KO\'OLAN', NULL, NULL),
(7076, 539, 'PANGERAN GEDUNGAN', NULL, NULL),
(7077, 539, 'PANJALINAN', NULL, NULL),
(7078, 539, 'ROSEP', NULL, NULL),
(7079, 539, 'KAMPAO', NULL, NULL),
(7080, 539, 'LOMBANG LAOK', NULL, NULL),
(7081, 539, 'LOMBANG DAYA', NULL, NULL),
(7082, 539, 'KARPOTE', NULL, NULL),
(7083, 539, 'BLEGAOLOH', NULL, NULL),
(7084, 539, 'KARANG GAYAM', NULL, NULL),
(7085, 539, 'LOMAER', NULL, NULL),
(7086, 539, 'BATES', NULL, NULL),
(7087, 539, 'KARANG PANASAN', NULL, NULL),
(7088, 539, 'KARANGNANGKA', NULL, NULL),
(7089, 539, 'BLEGA', NULL, NULL);
INSERT INTO `tbl_desa` (`id`, `id_kecamatan`, `desa`, `created_at`, `updated_at`) VALUES
(7090, 539, 'NYOR MANIS', NULL, NULL),
(7091, 539, 'ALASRAJA', NULL, NULL),
(7092, 539, 'KAJAN', NULL, NULL),
(7093, 540, 'GALIS DAJAH', NULL, NULL),
(7094, 540, 'DURIN BARAT', NULL, NULL),
(7095, 540, 'KANEGARAH', NULL, NULL),
(7096, 540, 'BATOKABAN', NULL, NULL),
(7097, 540, 'DURIN TIMUR', NULL, NULL),
(7098, 540, 'PAKES', NULL, NULL),
(7099, 540, 'BANDUNG', NULL, NULL),
(7100, 540, 'KONANG', NULL, NULL),
(7101, 540, 'SENASEN', NULL, NULL),
(7102, 540, 'CAMPOR', NULL, NULL),
(7103, 540, 'SAMBIYAN', NULL, NULL),
(7104, 540, 'CANGKARMAN', NULL, NULL),
(7105, 540, 'GENTENG', NULL, NULL),
(7106, 541, 'PEKADAN', NULL, NULL),
(7107, 541, 'KAJUANAK', NULL, NULL),
(7108, 541, 'PATERONGAN', NULL, NULL),
(7109, 541, 'GALIS', NULL, NULL),
(7110, 541, 'PAKA\'AN LAOK', NULL, NULL),
(7111, 541, 'KRANGGAN TIMUR', NULL, NULL),
(7112, 541, 'SEPARAH', NULL, NULL),
(7113, 541, 'PAKA\'AN DAYA', NULL, NULL),
(7114, 541, 'LONGKEK', NULL, NULL),
(7115, 541, 'BANYUBUNIH', NULL, NULL),
(7116, 541, 'DALEMAN', NULL, NULL),
(7117, 541, 'TELLOK', NULL, NULL),
(7118, 541, 'BLATERAN', NULL, NULL),
(7119, 541, 'KELBUNG', NULL, NULL),
(7120, 541, 'TLAGAH', NULL, NULL),
(7121, 541, 'LANTEK TIMUR', NULL, NULL),
(7122, 541, 'LANTEK BARAT', NULL, NULL),
(7123, 541, 'BANJAR', NULL, NULL),
(7124, 541, 'BANGPENDAH', NULL, NULL),
(7125, 541, 'SADAH', NULL, NULL),
(7126, 541, 'SORPA', NULL, NULL),
(7127, 542, 'PACENTAN', NULL, NULL),
(7128, 542, 'BAIPAJUNG', NULL, NULL),
(7129, 542, 'TANAH MERAH LAOK', NULL, NULL),
(7130, 542, 'KRANGGAN BARAT', NULL, NULL),
(7131, 542, 'PANGELEYAN', NULL, NULL),
(7132, 542, 'PADURUNGAN', NULL, NULL),
(7133, 542, 'PETRAH', NULL, NULL),
(7134, 542, 'TANAH MERAH DAJAH', NULL, NULL),
(7135, 542, 'DUMAJAH', NULL, NULL),
(7136, 542, 'PATEMON', NULL, NULL),
(7137, 542, 'TLOMAR', NULL, NULL),
(7138, 542, 'KENDABAN', NULL, NULL),
(7139, 542, 'JANGKAR', NULL, NULL),
(7140, 542, 'PETTONG', NULL, NULL),
(7141, 542, 'LANDAK', NULL, NULL),
(7142, 542, 'RONGDURIN', NULL, NULL),
(7143, 542, 'BATANGAN', NULL, NULL),
(7144, 542, 'DLAMBAH DAJAH', NULL, NULL),
(7145, 542, 'DLAMBA LAOK', NULL, NULL),
(7146, 542, 'MRECAH', NULL, NULL),
(7147, 542, 'BUDDAN', NULL, NULL),
(7148, 542, 'POTER', NULL, NULL),
(7149, 542, 'BASANAH', NULL, NULL),
(7150, 543, 'ALANG ALANG', NULL, NULL),
(7151, 543, 'KEMONENG', NULL, NULL),
(7152, 543, 'SOKET LAOK', NULL, NULL),
(7153, 543, 'BAJEMAN', NULL, NULL),
(7154, 543, 'TAMBIN', NULL, NULL),
(7155, 543, 'SOKET DAYA', NULL, NULL),
(7156, 543, 'KETELENG', NULL, NULL),
(7157, 543, 'JAAH', NULL, NULL),
(7158, 543, 'BANCANG', NULL, NULL),
(7159, 543, 'MASARAN', NULL, NULL),
(7160, 543, 'PACANGAN', NULL, NULL),
(7161, 543, 'POCONG', NULL, NULL),
(7162, 543, 'TRAGAH', NULL, NULL),
(7163, 543, 'KARANG LEMAN', NULL, NULL),
(7164, 543, 'DUKOTAMBIN', NULL, NULL),
(7165, 543, 'JADDUNG', NULL, NULL),
(7166, 543, 'BANYU BESE', NULL, NULL),
(7167, 543, 'PAMORAH', NULL, NULL),
(7168, 544, 'JUNGANYAR', NULL, NULL),
(7169, 544, 'SOCAH', NULL, NULL),
(7170, 544, 'BULUH', NULL, NULL),
(7171, 544, 'JADDIH', NULL, NULL),
(7172, 544, 'SANGGRA AGUNG', NULL, NULL),
(7173, 544, 'PARSEH', NULL, NULL),
(7174, 544, 'BILAPORAH', NULL, NULL),
(7175, 544, 'KELEYAN', NULL, NULL),
(7176, 544, 'PETAONAN', NULL, NULL),
(7177, 544, 'DAKIRING', NULL, NULL),
(7178, 544, 'PERNAJUH', NULL, NULL),
(7179, 545, 'UJUNG PIRING', NULL, NULL),
(7180, 545, 'SEMBILANGAN', NULL, NULL),
(7181, 545, 'KRAMAT', NULL, NULL),
(7182, 545, 'MERTAJASAH', NULL, NULL),
(7183, 545, 'MLAJAH', NULL, NULL),
(7184, 545, 'KEMAYORAN', NULL, NULL),
(7185, 545, 'PANGERANAN', NULL, NULL),
(7186, 545, 'DEMANGAN', NULL, NULL),
(7187, 545, 'KRATON', NULL, NULL),
(7188, 545, 'PEJAGAN', NULL, NULL),
(7189, 545, 'BANCARAN', NULL, NULL),
(7190, 545, 'SABIYAN', NULL, NULL),
(7191, 545, 'GEBANG', NULL, NULL),
(7192, 546, 'JAMBU', NULL, NULL),
(7193, 546, 'LANGKAP', NULL, NULL),
(7194, 546, 'BURNEH', NULL, NULL),
(7195, 546, 'BENANGKAH', NULL, NULL),
(7196, 546, 'ALAS KEMBANG', NULL, NULL),
(7197, 546, 'BINOH', NULL, NULL),
(7198, 546, 'PERRENG', NULL, NULL),
(7199, 546, 'PANGOLANGAN', NULL, NULL),
(7200, 546, 'SOBIH', NULL, NULL),
(7201, 546, 'TONJUNG', NULL, NULL),
(7202, 546, 'KAPOR', NULL, NULL),
(7203, 546, 'AROK', NULL, NULL),
(7204, 547, 'PANDAN LANJANG', NULL, NULL),
(7205, 547, 'BATONAONG', NULL, NULL),
(7206, 547, 'GLAGGA', NULL, NULL),
(7207, 547, 'OMBUL', NULL, NULL),
(7208, 547, 'BALUNG', NULL, NULL),
(7209, 547, 'LAJING', NULL, NULL),
(7210, 547, 'TENGKET', NULL, NULL),
(7211, 547, 'AROSBAYA', NULL, NULL),
(7212, 547, 'KARANG DUWAK', NULL, NULL),
(7213, 547, 'DLEMER', NULL, NULL),
(7214, 547, 'MANGKON', NULL, NULL),
(7215, 547, 'BERBELUK', NULL, NULL),
(7216, 547, 'CENDAGAH', NULL, NULL),
(7217, 547, 'KARANG PAO', NULL, NULL),
(7218, 547, 'MAKAM AGUNG', NULL, NULL),
(7219, 547, 'PLAKARAN', NULL, NULL),
(7220, 547, 'BUDURAN', NULL, NULL),
(7221, 547, 'TAMBEGAN', NULL, NULL),
(7222, 548, 'TOGUBANG', NULL, NULL),
(7223, 548, 'LERPAK', NULL, NULL),
(7224, 548, 'GEGER', NULL, NULL),
(7225, 548, 'BATOBELLA', NULL, NULL),
(7226, 548, 'TEGERPRIYAH', NULL, NULL),
(7227, 548, 'CAMPOR', NULL, NULL),
(7228, 548, 'KOMPOL', NULL, NULL),
(7229, 548, 'KAMPAK', NULL, NULL),
(7230, 548, 'KOMBANGAN', NULL, NULL),
(7231, 548, 'DABUNG', NULL, NULL),
(7232, 548, 'KATOL BARAT', NULL, NULL),
(7233, 548, 'BANYONENG LAOK', NULL, NULL),
(7234, 548, 'BANYONENG DAJAH', NULL, NULL),
(7235, 549, 'LEMBUNG GUNUNG', NULL, NULL),
(7236, 549, 'AMPARAAN', NULL, NULL),
(7237, 549, 'KOKOP', NULL, NULL),
(7238, 549, 'TLOKOH', NULL, NULL),
(7239, 549, 'DURJAN', NULL, NULL),
(7240, 549, 'MANO\'AN', NULL, NULL),
(7241, 549, 'MANDUNG', NULL, NULL),
(7242, 549, 'BANDANG LAOK', NULL, NULL),
(7243, 549, 'TRAMOK', NULL, NULL),
(7244, 549, 'KATOL TIMUR', NULL, NULL),
(7245, 549, 'BANDA SOLEH', NULL, NULL),
(7246, 549, 'DUPOK', NULL, NULL),
(7247, 549, 'BATOKOROGAN', NULL, NULL),
(7248, 550, 'PLANGGIRAN', NULL, NULL),
(7249, 550, 'TAGUNGGUH', NULL, NULL),
(7250, 550, 'BANDANG DAYA', NULL, NULL),
(7251, 550, 'BUNGKENG', NULL, NULL),
(7252, 550, 'LARANGAN TIMUR', NULL, NULL),
(7253, 550, 'TAMBAK POCOK', NULL, NULL),
(7254, 550, 'BUMI ANYAR', NULL, NULL),
(7255, 550, 'PASESEH', NULL, NULL),
(7256, 550, 'TELAGA BIRU', NULL, NULL),
(7257, 550, 'TANJUNG BUMI', NULL, NULL),
(7258, 550, 'MACAJAH', NULL, NULL),
(7259, 550, 'TLANGOH', NULL, NULL),
(7260, 550, 'BANYU SANGKAH', NULL, NULL),
(7261, 550, 'AENGTABAR', NULL, NULL),
(7262, 551, 'KLAPAYAN', NULL, NULL),
(7263, 551, 'BANGSEREH', NULL, NULL),
(7264, 551, 'KELBUNG', NULL, NULL),
(7265, 551, 'SAPLASAH', NULL, NULL),
(7266, 551, 'GUNELAP', NULL, NULL),
(7267, 551, 'TANAGURA TIMUR', NULL, NULL),
(7268, 551, 'TANAGURA BARAT', NULL, NULL),
(7269, 551, 'BANYIOR', NULL, NULL),
(7270, 551, 'KLABETAN', NULL, NULL),
(7271, 551, 'GANGSEYAN', NULL, NULL),
(7272, 551, 'MANERON', NULL, NULL),
(7273, 551, 'SEPULUH', NULL, NULL),
(7274, 551, 'PRANCAK', NULL, NULL),
(7275, 551, 'LABUHAN', NULL, NULL),
(7276, 551, 'LEMBUNG PASESER', NULL, NULL),
(7277, 552, 'TOLBUK', NULL, NULL),
(7278, 552, 'RA\'AS', NULL, NULL),
(7279, 552, 'MUARAH', NULL, NULL),
(7280, 552, 'POLONGAN', NULL, NULL),
(7281, 552, 'KARANG ASEM', NULL, NULL),
(7282, 552, 'BANTEAN', NULL, NULL),
(7283, 552, 'BRAGANG', NULL, NULL),
(7284, 552, 'LERGUNONG', NULL, NULL),
(7285, 552, 'PANYAKSAGAN', NULL, NULL),
(7286, 552, 'LARANGAN GLINTONG', NULL, NULL),
(7287, 552, 'MANONGGAL', NULL, NULL),
(7288, 552, 'LARANGAN SORJAN', NULL, NULL),
(7289, 552, 'TENGGUN DAYA', NULL, NULL),
(7290, 552, 'BULUNG', NULL, NULL),
(7291, 552, 'TROGAN', NULL, NULL),
(7292, 552, 'KO\'OL', NULL, NULL),
(7293, 552, 'TOBADDUNG', NULL, NULL),
(7294, 552, 'MRANDUNG', NULL, NULL),
(7295, 552, 'BULUK AGUNG', NULL, NULL),
(7296, 552, 'BATOR', NULL, NULL),
(7297, 552, 'KLAMPIS BARAT', NULL, NULL),
(7298, 552, 'KLAMPIS TIMUR', NULL, NULL),
(7299, 553, 'NOREH', NULL, NULL),
(7300, 553, 'LABUHAN', NULL, NULL),
(7301, 553, 'TAMAN', NULL, NULL),
(7302, 553, 'SRESEH', NULL, NULL),
(7303, 553, 'DISANAH', NULL, NULL),
(7304, 553, 'MARPARAN', NULL, NULL),
(7305, 553, 'KLOBUR', NULL, NULL),
(7306, 553, 'LABANG', NULL, NULL),
(7307, 553, 'BUNDAH', NULL, NULL),
(7308, 553, 'BANGSAH', NULL, NULL),
(7309, 553, 'PLASAH', NULL, NULL),
(7310, 553, 'JUNOK', NULL, NULL),
(7311, 554, 'DULANG', NULL, NULL),
(7312, 554, 'PATARONGAN', NULL, NULL),
(7313, 554, 'PANGONGSEAN', NULL, NULL),
(7314, 554, 'KRAMPON', NULL, NULL),
(7315, 554, 'BRINGIN NONGGAL', NULL, NULL),
(7316, 554, 'TORJUN', NULL, NULL),
(7317, 554, 'PATAPAN', NULL, NULL),
(7318, 554, 'JERUK POROT', NULL, NULL),
(7319, 554, 'KODAK', NULL, NULL),
(7320, 554, 'KANJAR', NULL, NULL),
(7321, 554, 'KARA', NULL, NULL),
(7322, 554, 'TANA MERA', NULL, NULL),
(7323, 555, 'PANGARENGAN', NULL, NULL),
(7324, 555, 'APAAN', NULL, NULL),
(7325, 555, 'GULBUNG', NULL, NULL),
(7326, 555, 'PANYERANGAN', NULL, NULL),
(7327, 555, 'PACANGGAAN', NULL, NULL),
(7328, 555, 'RAGUNG', NULL, NULL),
(7329, 556, 'PULAU MANDANGIN', NULL, NULL),
(7330, 556, 'AENG SAREH', NULL, NULL),
(7331, 556, 'POLAGAN', NULL, NULL),
(7332, 556, 'BANYUANYAR', NULL, NULL),
(7333, 556, 'GUNUNG MADDAH', NULL, NULL),
(7334, 556, 'RONG TENGAH', NULL, NULL),
(7335, 556, 'KARANG DALEM', NULL, NULL),
(7336, 556, 'GUNUNG SEKAR', NULL, NULL),
(7337, 556, 'DALPENANG', NULL, NULL),
(7338, 556, 'PASEYAN', NULL, NULL),
(7339, 556, 'PANGGUNG', NULL, NULL),
(7340, 556, 'BARUH', NULL, NULL),
(7341, 556, 'TAMAN SAREH', NULL, NULL),
(7342, 556, 'PEKALONGAN', NULL, NULL),
(7343, 556, 'TANGGUMONG', NULL, NULL),
(7344, 556, 'KAMONING', NULL, NULL),
(7345, 556, 'BANYUMAS', NULL, NULL),
(7346, 556, 'PANGELEN', NULL, NULL),
(7347, 557, 'TADDAN', NULL, NULL),
(7348, 557, 'BANJAR TALELA', NULL, NULL),
(7349, 557, 'TAMBAAN', NULL, NULL),
(7350, 557, 'PRAJJAN', NULL, NULL),
(7351, 557, 'DHARMA CAMPLONG', NULL, NULL),
(7352, 557, 'BATU KARANG', NULL, NULL),
(7353, 557, 'SEJATI', NULL, NULL),
(7354, 557, 'DHARMA TANJUNG', NULL, NULL),
(7355, 557, 'RABASAN', NULL, NULL),
(7356, 557, 'BANJAR TABULU', NULL, NULL),
(7357, 557, 'ANGGERSEK', NULL, NULL),
(7358, 557, 'MADUPAT', NULL, NULL),
(7359, 557, 'PAMOLAAN', NULL, NULL),
(7360, 557, 'PLAMPAAN', NULL, NULL),
(7361, 558, 'KEBUN SAREH', NULL, NULL),
(7362, 558, 'KARANG NANGGER', NULL, NULL),
(7363, 558, 'NAPOLAOK', NULL, NULL),
(7364, 558, 'ASTAPAH', NULL, NULL),
(7365, 558, 'GERSEMPAL', NULL, NULL),
(7366, 558, 'METENG', NULL, NULL),
(7367, 558, 'MADULANG', NULL, NULL),
(7368, 558, 'KAMONDUNG', NULL, NULL),
(7369, 558, 'TAMBAK', NULL, NULL),
(7370, 558, 'TEMORAN', NULL, NULL),
(7371, 558, 'OMBEN', NULL, NULL),
(7372, 558, 'SOGIYAN', NULL, NULL),
(7373, 558, 'NAPO DAYA', NULL, NULL),
(7374, 558, 'JRANGOAN', NULL, NULL),
(7375, 558, 'ANGSOKAH', NULL, NULL),
(7376, 558, 'RAPALAOK', NULL, NULL),
(7377, 558, 'RONGDALEM', NULL, NULL),
(7378, 558, 'PANDAN', NULL, NULL),
(7379, 558, 'RAPA DAYA', NULL, NULL),
(7380, 558, 'KARANG GAYAM', NULL, NULL),
(7381, 559, 'KRAMAT', NULL, NULL),
(7382, 559, 'KOMIS', NULL, NULL),
(7383, 559, 'BANYUKAPAH', NULL, NULL),
(7384, 559, 'RABASAN', NULL, NULL),
(7385, 559, 'ROHAYU', NULL, NULL),
(7386, 559, 'MUKTESAREH', NULL, NULL),
(7387, 559, 'BAJRASOKAH', NULL, NULL),
(7388, 559, 'NYELOH', NULL, NULL),
(7389, 559, 'BANJAR', NULL, NULL),
(7390, 559, 'OMBUL', NULL, NULL),
(7391, 559, 'PAJERUAN', NULL, NULL),
(7392, 559, 'KEDUNGDUNG', NULL, NULL),
(7393, 559, 'BATOPORO BARAT', NULL, NULL),
(7394, 559, 'BATOPORO TIMUR', NULL, NULL),
(7395, 559, 'GUNUNG ELEH', NULL, NULL),
(7396, 559, 'DALEMAN', NULL, NULL),
(7397, 559, 'PASARENAN', NULL, NULL),
(7398, 559, 'PALENGGIYAN', NULL, NULL),
(7399, 560, 'MARGANTOKO', NULL, NULL),
(7400, 560, 'ASEM NONGGAL', NULL, NULL),
(7401, 560, 'MAJANGAN', NULL, NULL),
(7402, 560, 'KALANGAN PRAO', NULL, NULL),
(7403, 560, 'ASEM RAJA', NULL, NULL),
(7404, 560, 'PLAKARAN', NULL, NULL),
(7405, 560, 'BUKER', NULL, NULL),
(7406, 560, 'BANCELOK', NULL, NULL),
(7407, 560, 'MLAKA', NULL, NULL),
(7408, 560, 'JUNGKARANG', NULL, NULL),
(7409, 560, 'KOTAH', NULL, NULL),
(7410, 560, 'JRENGIK', NULL, NULL),
(7411, 560, 'TAMAN', NULL, NULL),
(7412, 560, 'PANYEPEN', NULL, NULL),
(7413, 561, 'BATORASANG', NULL, NULL),
(7414, 561, 'KARANG ANYAR', NULL, NULL),
(7415, 561, 'SAMARAN', NULL, NULL),
(7416, 561, 'BERINGIN', NULL, NULL),
(7417, 561, 'MAMBULU BARAT', NULL, NULL),
(7418, 561, 'BARUNG GAGAH', NULL, NULL),
(7419, 561, 'TAMBELANGAN', NULL, NULL),
(7420, 561, 'SOMBER', NULL, NULL),
(7421, 561, 'BANJAR BILLAH', NULL, NULL),
(7422, 561, 'BIREM', NULL, NULL),
(7423, 562, 'OLOR', NULL, NULL),
(7424, 562, 'PLANGGARAN BARAT', NULL, NULL),
(7425, 562, 'PLANGGARAN TIMUR', NULL, NULL),
(7426, 562, 'TOLANG', NULL, NULL),
(7427, 562, 'LAR LAR', NULL, NULL),
(7428, 562, 'TLAGAH', NULL, NULL),
(7429, 562, 'NAGASAREH', NULL, NULL),
(7430, 562, 'TAPAAN', NULL, NULL),
(7431, 562, 'TEROSAN', NULL, NULL),
(7432, 562, 'ASEM JARAN', NULL, NULL),
(7433, 562, 'KEMBANG JERUK', NULL, NULL),
(7434, 562, 'MORBATOH', NULL, NULL),
(7435, 562, 'MONTOR', NULL, NULL),
(7436, 562, 'TEBANAH', NULL, NULL),
(7437, 562, 'NEPA', NULL, NULL),
(7438, 562, 'BATIOH', NULL, NULL),
(7439, 562, 'MASARAN', NULL, NULL),
(7440, 562, 'BANYUATES', NULL, NULL),
(7441, 562, 'JATRA TIMUR', NULL, NULL),
(7442, 562, 'TRAPANG', NULL, NULL),
(7443, 563, 'BAPELLE', NULL, NULL),
(7444, 563, 'LEPELLE', NULL, NULL),
(7445, 563, 'ROBATAL', NULL, NULL),
(7446, 563, 'SAWAH TENGAH', NULL, NULL),
(7447, 563, 'TORJUNAN', NULL, NULL),
(7448, 563, 'TRAGIH', NULL, NULL),
(7449, 563, 'JELGUNG', NULL, NULL),
(7450, 563, 'GUNUNG RANCAK', NULL, NULL),
(7451, 563, 'PANDIYANGAN', NULL, NULL),
(7452, 564, 'BLUURAN', NULL, NULL),
(7453, 564, 'TLAMBAH', NULL, NULL),
(7454, 564, 'GUNUNG KESAN', NULL, NULL),
(7455, 564, 'KARANG PENANG ONJUR', NULL, NULL),
(7456, 564, 'BULMATET', NULL, NULL),
(7457, 564, 'POREH', NULL, NULL),
(7458, 564, 'KARANG PENANG OLOH', NULL, NULL),
(7459, 565, 'PAOPALE LAOK', NULL, NULL),
(7460, 565, 'BUNTEN BARAT', NULL, NULL),
(7461, 565, 'BUNTEN TIMUR', NULL, NULL),
(7462, 565, 'PANCOR', NULL, NULL),
(7463, 565, 'KARANG ANYAR', NULL, NULL),
(7464, 565, 'PANGEREMAN', NULL, NULL),
(7465, 565, 'BIRA BARAT', NULL, NULL),
(7466, 565, 'KETAPANG TIMUR', NULL, NULL),
(7467, 565, 'KETAPANG DAYA', NULL, NULL),
(7468, 565, 'KETAPANG LAOK', NULL, NULL),
(7469, 565, 'KETAPANG BARAT', NULL, NULL),
(7470, 565, 'PAOPALE DAYA', NULL, NULL),
(7471, 565, 'RABIYAN', NULL, NULL),
(7472, 565, 'BANYUSOKAH', NULL, NULL),
(7473, 566, 'TOBAI BARAT', NULL, NULL),
(7474, 566, 'TOBAI TENGAH', NULL, NULL),
(7475, 566, 'TOBAI TIMUR', NULL, NULL),
(7476, 566, 'BIRA TENGAH', NULL, NULL),
(7477, 566, 'BIRA TIMUR', NULL, NULL),
(7478, 566, 'SOKOBANAH LAOK', NULL, NULL),
(7479, 566, 'TAMBERU LAOK', NULL, NULL),
(7480, 566, 'TAMBERU DAYA', NULL, NULL),
(7481, 566, 'SOKOBANAH TENGAH', NULL, NULL),
(7482, 566, 'SOKOBANAH DAYA', NULL, NULL),
(7483, 566, 'TAMBERU BARAT', NULL, NULL),
(7484, 566, 'TAMBERU TIMUR', NULL, NULL),
(7485, 567, 'DABUAN', NULL, NULL),
(7486, 567, 'TERRAK', NULL, NULL),
(7487, 567, 'MANGNGAR', NULL, NULL),
(7488, 567, 'BANDARAN', NULL, NULL),
(7489, 567, 'KRAMAT', NULL, NULL),
(7490, 567, 'AMBAT', NULL, NULL),
(7491, 567, 'TLANAKAN', NULL, NULL),
(7492, 567, 'BRANTA PASISIR', NULL, NULL),
(7493, 567, 'BRANTA TINGGI', NULL, NULL),
(7494, 567, 'TLESA', NULL, NULL),
(7495, 567, 'LARANGAN TOKOL', NULL, NULL),
(7496, 567, 'CEGUK', NULL, NULL),
(7497, 567, 'PANGLEGUR', NULL, NULL),
(7498, 567, 'GUGUL', NULL, NULL),
(7499, 567, 'BUKEK', NULL, NULL),
(7500, 567, 'LARANGAN SLAMPAR', NULL, NULL),
(7501, 567, 'TARO\'AN', NULL, NULL),
(7502, 568, 'BADDURIH', NULL, NULL),
(7503, 568, 'PAGAGAN', NULL, NULL),
(7504, 568, 'MAJUNGAN', NULL, NULL),
(7505, 568, 'PADELEGAN', NULL, NULL),
(7506, 568, 'TANJUNG', NULL, NULL),
(7507, 568, 'PADEMAWU TIMUR', NULL, NULL),
(7508, 568, 'JARIN', NULL, NULL),
(7509, 568, 'PREKBUN', NULL, NULL),
(7510, 568, 'SOPA\'AH', NULL, NULL),
(7511, 568, 'BUDDIH', NULL, NULL),
(7512, 568, 'DURBUK', NULL, NULL),
(7513, 568, 'SUMEDANGAN', NULL, NULL),
(7514, 568, 'PADEMAWU BARAT', NULL, NULL),
(7515, 568, 'BUNDER', NULL, NULL),
(7516, 568, 'DASOK', NULL, NULL),
(7517, 568, 'MURTAJIH', NULL, NULL),
(7518, 568, 'LEMPER', NULL, NULL),
(7519, 568, 'BARURAMBAT TIMUR', NULL, NULL),
(7520, 568, 'LAWANGAN DAYA', NULL, NULL),
(7521, 568, 'BUDDAGAN', NULL, NULL),
(7522, 568, 'TAMBUNG', NULL, NULL),
(7523, 568, 'SENTOL', NULL, NULL),
(7524, 569, 'KONANG', NULL, NULL),
(7525, 569, 'PANDAN', NULL, NULL),
(7526, 569, 'LEMBUNG', NULL, NULL),
(7527, 569, 'GALIS', NULL, NULL),
(7528, 569, 'BULAY', NULL, NULL),
(7529, 569, 'TOBUNGAN', NULL, NULL),
(7530, 569, 'PAGENDINGAN', NULL, NULL),
(7531, 569, 'PONTEH', NULL, NULL),
(7532, 569, 'POLAGAN', NULL, NULL),
(7533, 569, 'ARTODUNG', NULL, NULL),
(7534, 570, 'PELTONG', NULL, NULL),
(7535, 570, 'TRASAK', NULL, NULL),
(7536, 570, 'TENTENAN BARAT', NULL, NULL),
(7537, 570, 'TENTENAN TIMUR', NULL, NULL),
(7538, 570, 'GRUJUGAN', NULL, NULL),
(7539, 570, 'BLUMBUNGAN', NULL, NULL),
(7540, 570, 'LARANGAN LUAR', NULL, NULL),
(7541, 570, 'LARANGAN DALAM', NULL, NULL),
(7542, 570, 'PANAGUAN', NULL, NULL),
(7543, 570, 'MONTOK', NULL, NULL),
(7544, 570, 'KADUARA BARAT', NULL, NULL),
(7545, 570, 'LANCAR', NULL, NULL),
(7546, 570, 'TARABAN', NULL, NULL),
(7547, 570, 'DUKUH TIMUR', NULL, NULL),
(7548, 571, 'TEJAH BARAT', NULL, NULL),
(7549, 571, 'TEJAH TIMUR', NULL, NULL),
(7550, 571, 'JALMAK', NULL, NULL),
(7551, 571, 'LADEN', NULL, NULL),
(7552, 571, 'PANEMPAN', NULL, NULL),
(7553, 571, 'KANGENAN', NULL, NULL),
(7554, 571, 'PATEMON', NULL, NULL),
(7555, 571, 'BARURAMBAT KOTA', NULL, NULL),
(7556, 571, 'PARTEKER', NULL, NULL),
(7557, 571, 'JUNGCANGCANG', NULL, NULL),
(7558, 571, 'BETTET', NULL, NULL),
(7559, 571, 'NYLABU LAOK', NULL, NULL),
(7560, 571, 'NYLABU DAYA', NULL, NULL),
(7561, 571, 'BUGIH', NULL, NULL),
(7562, 571, 'GLADAK ANYAR', NULL, NULL),
(7563, 571, 'KOLPAJUNG', NULL, NULL),
(7564, 571, 'KOWEL', NULL, NULL),
(7565, 571, 'TORONAN', NULL, NULL),
(7566, 572, 'GRO\'OM', NULL, NULL),
(7567, 572, 'BATUKALANGAN', NULL, NULL),
(7568, 572, 'CANDIBURUNG', NULL, NULL),
(7569, 572, 'TOKET', NULL, NULL),
(7570, 572, 'KARANGANYAR', NULL, NULL),
(7571, 572, 'SAMIRAN', NULL, NULL),
(7572, 572, 'PANGTONGGAL', NULL, NULL),
(7573, 572, 'SRAMBAH', NULL, NULL),
(7574, 572, 'BADUNG', NULL, NULL),
(7575, 572, 'TATTANGOH', NULL, NULL),
(7576, 572, 'PANGBATOK', NULL, NULL),
(7577, 572, 'PANAGUAN', NULL, NULL),
(7578, 572, 'CAMPOR', NULL, NULL),
(7579, 572, 'JAMBRINGIN', NULL, NULL),
(7580, 572, 'PROPPO', NULL, NULL),
(7581, 572, 'MAPPER', NULL, NULL),
(7582, 572, 'PANGLEMAH', NULL, NULL),
(7583, 572, 'BILLA\'AN', NULL, NULL),
(7584, 572, 'TLANGOH', NULL, NULL),
(7585, 572, 'KODIK', NULL, NULL),
(7586, 572, 'LENTENG', NULL, NULL),
(7587, 572, 'SAMATAN', NULL, NULL),
(7588, 572, 'KLAMPAR', NULL, NULL),
(7589, 572, 'RANG PERANG LAOK', NULL, NULL),
(7590, 572, 'PANGURAYAN', NULL, NULL),
(7591, 572, 'BANYUBULU', NULL, NULL),
(7592, 572, 'RANG PERANG DAYA', NULL, NULL),
(7593, 573, 'BANYUPELLE', NULL, NULL),
(7594, 573, 'REK KERREK', NULL, NULL),
(7595, 573, 'ANGSANAH', NULL, NULL),
(7596, 573, 'AKKOR', NULL, NULL),
(7597, 573, 'LARANGAN BADUNG', NULL, NULL),
(7598, 573, 'PANAAN', NULL, NULL),
(7599, 573, 'POTOAN LAOK', NULL, NULL),
(7600, 573, 'POTOAN DAJA', NULL, NULL),
(7601, 573, 'KACOK', NULL, NULL),
(7602, 573, 'ROMBUH', NULL, NULL),
(7603, 573, 'PALENGAAN LAOK', NULL, NULL),
(7604, 573, 'PALENGAAN DAJA', NULL, NULL),
(7605, 574, 'PLAKPAK', NULL, NULL),
(7606, 574, 'BULANGAN HAJI', NULL, NULL),
(7607, 574, 'TALAGAH', NULL, NULL),
(7608, 574, 'BULANGAN TIMUR', NULL, NULL),
(7609, 574, 'BULANGAN BRANTA', NULL, NULL),
(7610, 574, 'BULANGAN BARAT', NULL, NULL),
(7611, 574, 'PALESANGGAR', NULL, NULL),
(7612, 574, 'PEGANTENAN', NULL, NULL),
(7613, 574, 'TEBUL TIMUR', NULL, NULL),
(7614, 574, 'TEBUL BARAT', NULL, NULL),
(7615, 574, 'AMBENDER', NULL, NULL),
(7616, 574, 'PASANGGAR', NULL, NULL),
(7617, 574, 'TANJUNG', NULL, NULL),
(7618, 575, 'PAMAROH', NULL, NULL),
(7619, 575, 'PAMOROH', NULL, NULL),
(7620, 575, 'BANGKES', NULL, NULL),
(7621, 575, 'KADUR', NULL, NULL),
(7622, 575, 'BUNGBARUH', NULL, NULL),
(7623, 575, 'SOKOLELAH', NULL, NULL),
(7624, 575, 'GAGAH', NULL, NULL),
(7625, 575, 'KERTAGENA LAOK', NULL, NULL),
(7626, 575, 'KERTAGENA TENGAH', NULL, NULL),
(7627, 575, 'KERTAGENA DAYA', NULL, NULL),
(7628, 576, 'BICORONG', NULL, NULL),
(7629, 576, 'KLOMPANG BARAT', NULL, NULL),
(7630, 576, 'KLOMPANG TIMUR', NULL, NULL),
(7631, 576, 'BAJANG', NULL, NULL),
(7632, 576, 'CENLECEN', NULL, NULL),
(7633, 576, 'BANBAN', NULL, NULL),
(7634, 576, 'SOMALANG', NULL, NULL),
(7635, 576, 'PALALANG', NULL, NULL),
(7636, 576, 'SEDDUR', NULL, NULL),
(7637, 576, 'PAKONG', NULL, NULL),
(7638, 576, 'BANDUNGAN', NULL, NULL),
(7639, 576, 'LEBBEK', NULL, NULL),
(7640, 577, 'SUMBER WARU', NULL, NULL),
(7641, 577, 'BAJUR', NULL, NULL),
(7642, 577, 'RAGANG', NULL, NULL),
(7643, 577, 'TAMPOJUNG TENGGINA', NULL, NULL),
(7644, 577, 'TAMPOJUNG TENGAH', NULL, NULL),
(7645, 577, 'TAMPOJUNG GUWA', NULL, NULL),
(7646, 577, 'TAMPOJUNG PREGI', NULL, NULL),
(7647, 577, 'SANA LAOK', NULL, NULL),
(7648, 577, 'WARU TIMUR', NULL, NULL),
(7649, 577, 'WARU BARAT', NULL, NULL),
(7650, 577, 'TLONTOARES', NULL, NULL),
(7651, 577, 'TEGANGSER LAOK', NULL, NULL),
(7652, 578, 'PANGERREMAN', NULL, NULL),
(7653, 578, 'BUJUR BARAT', NULL, NULL),
(7654, 578, 'BUJUR TENGAH', NULL, NULL),
(7655, 578, 'BUJUR TIMUR', NULL, NULL),
(7656, 578, 'PONJANAN TIMUR', NULL, NULL),
(7657, 578, 'PONJANAN BARAT', NULL, NULL),
(7658, 578, 'LESONG LAOK', NULL, NULL),
(7659, 578, 'BANGSEREH', NULL, NULL),
(7660, 578, 'BLABAN', NULL, NULL),
(7661, 578, 'TAMBERU', NULL, NULL),
(7662, 578, 'BATUBINTANG', NULL, NULL),
(7663, 578, 'LESONG DAJA', NULL, NULL),
(7664, 578, 'KAPONG', NULL, NULL),
(7665, 579, 'SANA TENGAH', NULL, NULL),
(7666, 579, 'SANA DAJA', NULL, NULL),
(7667, 579, 'DEMPO BARAT', NULL, NULL),
(7668, 579, 'DEMPO TIMUR', NULL, NULL),
(7669, 579, 'BINDANG', NULL, NULL),
(7670, 579, 'BATUKERBUY', NULL, NULL),
(7671, 579, 'TLONTORAJA', NULL, NULL),
(7672, 579, 'TAGANGSER DAJA', NULL, NULL),
(7673, 579, 'SOTABAR', NULL, NULL),
(7674, 580, 'KADUARA TIMUR', NULL, NULL),
(7675, 580, 'SENDANG', NULL, NULL),
(7676, 580, 'ROMBASAN', NULL, NULL),
(7677, 580, 'SENTOL LAOK', NULL, NULL),
(7678, 580, 'LARANGAN PERENG', NULL, NULL),
(7679, 580, 'SENTOL DAYA', NULL, NULL),
(7680, 580, 'PAKAMBAN DAYA', NULL, NULL),
(7681, 580, 'PAKAMBAN LAOK', NULL, NULL),
(7682, 580, 'JADDUNG', NULL, NULL),
(7683, 580, 'PRAGAAN LAOK', NULL, NULL),
(7684, 580, 'PRAGAAN DAYA', NULL, NULL),
(7685, 580, 'PRENDUAN', NULL, NULL),
(7686, 580, 'AENGPANAS', NULL, NULL),
(7687, 580, 'KARDULUK', NULL, NULL),
(7688, 581, 'GULUKMANJUNG', NULL, NULL),
(7689, 581, 'KAPEDI', NULL, NULL),
(7690, 581, 'PAKANDANGAN BARAT', NULL, NULL),
(7691, 581, 'PAKANDANGAN TENGAH', NULL, NULL),
(7692, 581, 'PAKANDANGAN SANGRA', NULL, NULL),
(7693, 581, 'AENGDAKE', NULL, NULL),
(7694, 581, 'AENGBAJA KENEK', NULL, NULL),
(7695, 581, 'BLUTO', NULL, NULL),
(7696, 581, 'LOBUK', NULL, NULL),
(7697, 581, 'BUNGBUNGAN', NULL, NULL),
(7698, 581, 'MASARAN', NULL, NULL),
(7699, 581, 'PALONGAN', NULL, NULL),
(7700, 581, 'AENGBAJA RAJA', NULL, NULL),
(7701, 581, 'KARANG CEMPAKA', NULL, NULL),
(7702, 581, 'SERA TIMUR', NULL, NULL),
(7703, 581, 'SERA TENGAH', NULL, NULL),
(7704, 581, 'SERA BARAT', NULL, NULL),
(7705, 581, 'GILANG', NULL, NULL),
(7706, 581, 'ERRABU', NULL, NULL),
(7707, 581, 'GING GING', NULL, NULL),
(7708, 582, 'AENGTONGTONG', NULL, NULL),
(7709, 582, 'JULUK', NULL, NULL),
(7710, 582, 'SARONGGI', NULL, NULL),
(7711, 582, 'TANAH MERAH', NULL, NULL),
(7712, 582, 'LANGSAR', NULL, NULL),
(7713, 582, 'PAGARBATU', NULL, NULL),
(7714, 582, 'TANJUNG', NULL, NULL),
(7715, 582, 'KEBUNDADAP TIMUR', NULL, NULL),
(7716, 582, 'KEBUNDADAP BARAT', NULL, NULL),
(7717, 582, 'SAROKA', NULL, NULL),
(7718, 582, 'NAMBAKOR', NULL, NULL),
(7719, 582, 'MUANGAN', NULL, NULL),
(7720, 582, 'TALANG', NULL, NULL),
(7721, 582, 'KAMBINGAN TIMUR', NULL, NULL),
(7722, 583, 'GALIS', NULL, NULL),
(7723, 583, 'GEDUGAN', NULL, NULL),
(7724, 583, 'BRINGSANG', NULL, NULL),
(7725, 583, 'AENGANYAR', NULL, NULL),
(7726, 583, 'LOMBANG', NULL, NULL),
(7727, 583, 'JATE', NULL, NULL),
(7728, 583, 'BANBARU', NULL, NULL),
(7729, 583, 'BANMALENG', NULL, NULL),
(7730, 584, 'PADIKE', NULL, NULL),
(7731, 584, 'CABBIYA', NULL, NULL),
(7732, 584, 'ESSANG', NULL, NULL),
(7733, 584, 'KOMBANG', NULL, NULL),
(7734, 584, 'POTERAN', NULL, NULL),
(7735, 584, 'PALASA', NULL, NULL),
(7736, 584, 'GAPURANA', NULL, NULL),
(7737, 584, 'TALANGO', NULL, NULL),
(7738, 585, 'PINGGIRPAPAS', NULL, NULL),
(7739, 585, 'KARANG ANYAR', NULL, NULL),
(7740, 585, 'MARENGAN LAOK', NULL, NULL),
(7741, 585, 'KERTASADA', NULL, NULL),
(7742, 585, 'KALIMO\'OK', NULL, NULL),
(7743, 585, 'KALIANGET BARAT', NULL, NULL),
(7744, 585, 'KALIANGET TIMUR', NULL, NULL),
(7745, 586, 'KOLOR', NULL, NULL),
(7746, 586, 'PABIAN', NULL, NULL),
(7747, 586, 'MARENGAN DAYA', NULL, NULL),
(7748, 586, 'KACONGAN', NULL, NULL),
(7749, 586, 'PABERASAN', NULL, NULL),
(7750, 586, 'PARSANGA', NULL, NULL),
(7751, 586, 'BANGKAL', NULL, NULL),
(7752, 586, 'PANGARANGAN', NULL, NULL),
(7753, 586, 'KEPANJIN', NULL, NULL),
(7754, 586, 'PAJAGALAN', NULL, NULL),
(7755, 586, 'BANGSELOK', NULL, NULL),
(7756, 586, 'KARANGDUAK', NULL, NULL),
(7757, 586, 'PANDIAN', NULL, NULL),
(7758, 586, 'PAMOLOKAN', NULL, NULL),
(7759, 586, 'KEBUNAN', NULL, NULL),
(7760, 586, 'KEBUNAGUNG', NULL, NULL),
(7761, 587, 'PATEAN', NULL, NULL),
(7762, 587, 'BABALAN', NULL, NULL),
(7763, 587, 'GEDUNGAN', NULL, NULL),
(7764, 587, 'GUNGGUNG', NULL, NULL),
(7765, 587, 'BATUAN', NULL, NULL),
(7766, 587, 'TORBANG', NULL, NULL),
(7767, 587, 'GELUGUR', NULL, NULL),
(7768, 588, 'BILAPORA REBA', NULL, NULL),
(7769, 588, 'MONCEK BARAT', NULL, NULL),
(7770, 588, 'MONCEK TENGAH', NULL, NULL),
(7771, 588, 'MONCEK TIMUR', NULL, NULL),
(7772, 588, 'BANARESEP BARAT', NULL, NULL),
(7773, 588, 'LEMBUNG BARAT', NULL, NULL),
(7774, 588, 'LEMBUNG TIMUR', NULL, NULL),
(7775, 588, 'BANARESEP TIMUR', NULL, NULL),
(7776, 588, 'KAMBINGAN BARAT', NULL, NULL),
(7777, 588, 'TAROGAN', NULL, NULL),
(7778, 588, 'POREH', NULL, NULL),
(7779, 588, 'CANGKRENG', NULL, NULL),
(7780, 588, 'MEDELAN', NULL, NULL),
(7781, 588, 'SENDIR', NULL, NULL),
(7782, 588, 'DARAMESTA', NULL, NULL),
(7783, 588, 'JAMBU', NULL, NULL),
(7784, 588, 'ELLAK DAYA', NULL, NULL),
(7785, 588, 'ELLAK LAOK', NULL, NULL),
(7786, 588, 'LENTENG TIMUR', NULL, NULL),
(7787, 588, 'LENTENG BARAT', NULL, NULL),
(7788, 589, 'KETAWANG PAREBAAN', NULL, NULL),
(7789, 589, 'BATAAL BARAT', NULL, NULL),
(7790, 589, 'BATAAL TIMUR', NULL, NULL),
(7791, 589, 'ROMBIYA BARAT', NULL, NULL),
(7792, 589, 'ROMBIYA TIMUR', NULL, NULL),
(7793, 589, 'TALAGA', NULL, NULL),
(7794, 589, 'BILAPORA BARAT', NULL, NULL),
(7795, 589, 'BILAPORA TIMUR', NULL, NULL),
(7796, 589, 'GANDING', NULL, NULL),
(7797, 589, 'GADU TIMUR', NULL, NULL),
(7798, 589, 'GADU BARAT', NULL, NULL),
(7799, 589, 'KETAWANG LARANGAN', NULL, NULL),
(7800, 589, 'KETAWANG DALEMAN', NULL, NULL),
(7801, 589, 'KETAWANG KARAY', NULL, NULL),
(7802, 590, 'BAKEYONG', NULL, NULL),
(7803, 590, 'PAYUDAN DUNDANG', NULL, NULL),
(7804, 590, 'PORDAPOR', NULL, NULL),
(7805, 590, 'GULUK GULUK', NULL, NULL),
(7806, 590, 'KETAWANG LAOK', NULL, NULL),
(7807, 590, 'PANANGGUNGAN', NULL, NULL),
(7808, 590, 'BRAGUNG', NULL, NULL),
(7809, 590, 'TAMBUKO', NULL, NULL),
(7810, 590, 'PAYUDAN NANGGER', NULL, NULL),
(7811, 590, 'PAYUDAN DALEMAN', NULL, NULL),
(7812, 590, 'PAYUDAN KARANGSOKON', NULL, NULL),
(7813, 590, 'BATUAMPAR', NULL, NULL),
(7814, 591, 'MONTORNA', NULL, NULL),
(7815, 591, 'PRANCAK', NULL, NULL),
(7816, 591, 'CAMPAKA', NULL, NULL),
(7817, 591, 'RAJUN', NULL, NULL),
(7818, 591, 'LEBENG TIMUR', NULL, NULL),
(7819, 591, 'LEBENG BARAT', NULL, NULL),
(7820, 591, 'SODDARA', NULL, NULL),
(7821, 591, 'PASONGSONGAN', NULL, NULL),
(7822, 591, 'PANAONGAN', NULL, NULL),
(7823, 591, 'PADANGDANGAN', NULL, NULL),
(7824, 592, 'AMBUNTEN BARAT', NULL, NULL),
(7825, 592, 'AMBUNTEN TENGAH', NULL, NULL),
(7826, 592, 'AMBUNTEN TIMUR', NULL, NULL),
(7827, 592, 'TAMBAAGUNG BARAT', NULL, NULL),
(7828, 592, 'TAMBAAGUNG TENGAH', NULL, NULL),
(7829, 592, 'TAMBAAGUNG ARES', NULL, NULL),
(7830, 592, 'SOGIAN', NULL, NULL),
(7831, 592, 'KELES', NULL, NULL),
(7832, 592, 'TAMBAAGUNG TIMUR', NULL, NULL),
(7833, 592, 'BUKABU', NULL, NULL),
(7834, 592, 'CAMPOR BARAT', NULL, NULL),
(7835, 592, 'CAMPOR TIMUR', NULL, NULL),
(7836, 592, 'BELUK ARES', NULL, NULL),
(7837, 592, 'BELUK KENEK', NULL, NULL),
(7838, 592, 'BELUK RAJA', NULL, NULL),
(7839, 593, 'BASOKA', NULL, NULL),
(7840, 593, 'MANDALA', NULL, NULL),
(7841, 593, 'KARANGNANGKA', NULL, NULL),
(7842, 593, 'PAKONDANG', NULL, NULL),
(7843, 593, 'MATANAIR', NULL, NULL),
(7844, 593, 'TAMBAKSARI', NULL, NULL),
(7845, 593, 'BANA SARE', NULL, NULL),
(7846, 593, 'BUNBARAT', NULL, NULL),
(7847, 593, 'KALEBENGAN', NULL, NULL),
(7848, 593, 'RUBARU', NULL, NULL),
(7849, 593, 'DUKO', NULL, NULL),
(7850, 594, 'BATUBELAH BARAT', NULL, NULL),
(7851, 594, 'BATUBELAH TIMUR', NULL, NULL),
(7852, 594, 'KECER', NULL, NULL),
(7853, 594, 'BATES', NULL, NULL),
(7854, 594, 'BRINGIN', NULL, NULL),
(7855, 594, 'JELBUDAN', NULL, NULL),
(7856, 594, 'NYAPAR', NULL, NULL),
(7857, 594, 'MANTAJUN', NULL, NULL),
(7858, 594, 'DASUK LAOK', NULL, NULL),
(7859, 594, 'DASUK TIMUR', NULL, NULL),
(7860, 594, 'DASUK BARAT', NULL, NULL),
(7861, 594, 'KERTA TIMUR', NULL, NULL),
(7862, 594, 'KERTA BARAT', NULL, NULL),
(7863, 594, 'SEMAAN', NULL, NULL),
(7864, 594, 'SLOPENG', NULL, NULL),
(7865, 595, 'KASENGAN', NULL, NULL),
(7866, 595, 'LALANGON', NULL, NULL),
(7867, 595, 'TENONAN', NULL, NULL),
(7868, 595, 'LANJUK', NULL, NULL),
(7869, 595, 'GADDING', NULL, NULL),
(7870, 595, 'GIRING', NULL, NULL),
(7871, 595, 'GUNUNG KEMBAR', NULL, NULL),
(7872, 595, 'JABA\'AN', NULL, NULL),
(7873, 595, 'MANDING LAOK', NULL, NULL),
(7874, 595, 'MANDING DAYA', NULL, NULL),
(7875, 595, 'MANDING TIMUR', NULL, NULL),
(7876, 596, 'LARANGAN BARMA', NULL, NULL),
(7877, 596, 'BATUPUTIH LAOK', NULL, NULL),
(7878, 596, 'BATUPUTIH KENEK', NULL, NULL),
(7879, 596, 'AENGMERAH', NULL, NULL),
(7880, 596, 'TENGEDAN', NULL, NULL),
(7881, 596, 'JURUAN LAOK', NULL, NULL),
(7882, 596, 'JURUAN DAYA', NULL, NULL),
(7883, 596, 'BADUR', NULL, NULL),
(7884, 596, 'GEDANG GEDANG', NULL, NULL),
(7885, 596, 'BATUPUTIH DAYA', NULL, NULL),
(7886, 596, 'BANTELAN', NULL, NULL),
(7887, 596, 'LARANGAN KERTA', NULL, NULL),
(7888, 596, 'BULAAN', NULL, NULL),
(7889, 596, 'SERGANG', NULL, NULL),
(7890, 597, 'POJA', NULL, NULL),
(7891, 597, 'BERAJI', NULL, NULL),
(7892, 597, 'KARANG BUDI', NULL, NULL),
(7893, 597, 'BABAN', NULL, NULL),
(7894, 597, 'BATUDINDING', NULL, NULL),
(7895, 597, 'BANJAR BARAT', NULL, NULL),
(7896, 597, 'BANJAR TIMUR', NULL, NULL),
(7897, 597, 'PALOKLOAN', NULL, NULL),
(7898, 597, 'PANAGAN', NULL, NULL),
(7899, 597, 'GAPURA BARAT', NULL, NULL),
(7900, 597, 'GERSIK PUTIH', NULL, NULL),
(7901, 597, 'GAPURA TENGAH', NULL, NULL),
(7902, 597, 'MANDALA', NULL, NULL),
(7903, 597, 'GAPURA TIMUR', NULL, NULL),
(7904, 597, 'ANDULANG', NULL, NULL),
(7905, 597, 'LONGOS', NULL, NULL),
(7906, 597, 'GRUJUGAN', NULL, NULL),
(7907, 598, 'TAMEDUNG', NULL, NULL),
(7908, 598, 'BATANGBATANG LAOK', NULL, NULL),
(7909, 598, 'TOTOSAN', NULL, NULL),
(7910, 598, 'BANUAJU BARAT', NULL, NULL),
(7911, 598, 'BANUAJU TIMUR', NULL, NULL),
(7912, 598, 'JENANGGER', NULL, NULL),
(7913, 598, 'NYABAKAN TIMUR', NULL, NULL),
(7914, 598, 'LOMBANG', NULL, NULL),
(7915, 598, 'BILANGAN', NULL, NULL),
(7916, 598, 'DAPENDA', NULL, NULL),
(7917, 598, 'LEGUNG TIMUR', NULL, NULL),
(7918, 598, 'LEGUNG BARAT', NULL, NULL),
(7919, 598, 'JANGKONG', NULL, NULL),
(7920, 598, 'NYABAKAN BARAT', NULL, NULL),
(7921, 598, 'BATANGBATANG DAYA', NULL, NULL),
(7922, 598, 'KOLPO', NULL, NULL),
(7923, 599, 'JADUNG', NULL, NULL),
(7924, 599, 'ROMBEN BARAT', NULL, NULL),
(7925, 599, 'ROMBEN RANA', NULL, NULL),
(7926, 599, 'ROMBEN GUNA', NULL, NULL),
(7927, 599, 'BICABI', NULL, NULL),
(7928, 599, 'DUNGKEK', NULL, NULL),
(7929, 599, 'LAPA LAOK', NULL, NULL),
(7930, 599, 'LAPA DAYA', NULL, NULL),
(7931, 599, 'LAPA TAMAN', NULL, NULL),
(7932, 599, 'BUNGIN BUNGIN', NULL, NULL),
(7933, 599, 'BUNPENANG', NULL, NULL),
(7934, 599, 'TAMANSARE', NULL, NULL),
(7935, 599, 'CANDI', NULL, NULL),
(7936, 599, 'BANCAMARA', NULL, NULL),
(7937, 599, 'BANRAAS', NULL, NULL),
(7938, 600, 'SOKARAME PASESER', NULL, NULL),
(7939, 600, 'SOKARAME TIMUR', NULL, NULL),
(7940, 600, 'TANAHMERAH', NULL, NULL),
(7941, 600, 'SOMBER', NULL, NULL),
(7942, 600, 'SONOK', NULL, NULL),
(7943, 600, 'NONGGUNONG', NULL, NULL),
(7944, 600, 'ROSONG', NULL, NULL),
(7945, 600, 'TALAGA', NULL, NULL),
(7946, 601, 'GAYAM', NULL, NULL),
(7947, 601, 'JAMBUIR', NULL, NULL),
(7948, 601, 'PANCOR', NULL, NULL),
(7949, 601, 'PRAMBANAN', NULL, NULL),
(7950, 601, 'GENDANG TIMUR', NULL, NULL),
(7951, 601, 'KARANGTENGAH', NULL, NULL),
(7952, 601, 'NYAMPLONG', NULL, NULL),
(7953, 601, 'GENDANG BARAT', NULL, NULL),
(7954, 601, 'KALOWANG', NULL, NULL),
(7955, 601, 'TAREBUNG', NULL, NULL),
(7956, 602, 'KETUPAT', NULL, NULL),
(7957, 602, 'JUNGKAT', NULL, NULL),
(7958, 602, 'KAROPOH', NULL, NULL),
(7959, 602, 'KARANGNANGKA', NULL, NULL),
(7960, 602, 'ALASMALANG', NULL, NULL),
(7961, 602, 'POTERAN', NULL, NULL),
(7962, 602, 'BRAKAS', NULL, NULL),
(7963, 602, 'TONDUK', NULL, NULL),
(7964, 602, 'GUWA GUWA', NULL, NULL),
(7965, 603, 'SABUNTAN', NULL, NULL),
(7966, 603, 'PALIAT', NULL, NULL),
(7967, 603, 'SAPEKEN', NULL, NULL),
(7968, 603, 'SASIIL', NULL, NULL),
(7969, 603, 'SEPANJANG', NULL, NULL),
(7970, 603, 'TANJUNGKIAOK', NULL, NULL),
(7971, 603, 'PAGERUNGAN KECIL', NULL, NULL),
(7972, 603, 'PAGERUNGAN BESAR', NULL, NULL),
(7973, 603, 'SAKALA', NULL, NULL),
(7974, 603, 'SADULANG', NULL, NULL),
(7975, 603, 'SAUR SAEBUS', NULL, NULL),
(7976, 604, 'BUDDI', NULL, NULL),
(7977, 604, 'GELAMAN', NULL, NULL),
(7978, 604, 'PAJANANGGER', NULL, NULL),
(7979, 604, 'SAWAHSUMUR', NULL, NULL),
(7980, 604, 'PASERAMAN', NULL, NULL),
(7981, 604, 'KALINGANYAR', NULL, NULL),
(7982, 604, 'ARJASA', NULL, NULL),
(7983, 604, 'DUKO', NULL, NULL),
(7984, 604, 'KOLO KOLO', NULL, NULL),
(7985, 604, 'ANGKATAN', NULL, NULL),
(7986, 604, 'KALISANGKA', NULL, NULL),
(7987, 604, 'LAOK JANGJANG', NULL, NULL),
(7988, 604, 'BILIS BILIS', NULL, NULL),
(7989, 604, 'SUMBERNANGKA', NULL, NULL),
(7990, 604, 'KALIKATAK', NULL, NULL),
(7991, 604, 'ANGON ANGON', NULL, NULL),
(7992, 604, 'SAMBAKATI', NULL, NULL),
(7993, 604, 'PANDEMAN', NULL, NULL),
(7994, 604, 'PABIAN', NULL, NULL),
(7995, 605, 'SAOBI', NULL, NULL),
(7996, 605, 'KANGAYAN', NULL, NULL),
(7997, 605, 'TOERJEK', NULL, NULL),
(7998, 605, 'CANGKRAMAAN', NULL, NULL),
(7999, 605, 'TEMBAYANGAN', NULL, NULL),
(8000, 605, 'BATUPUTIH', NULL, NULL),
(8001, 605, 'DAANDUNG', NULL, NULL),
(8002, 605, 'TIMUR JANJANG', NULL, NULL),
(8003, 605, 'JUKONG JUKONG', NULL, NULL),
(8004, 606, 'MASSALIMA', NULL, NULL),
(8005, 606, 'SUKAJERUK', NULL, NULL),
(8006, 606, 'KARAMIAN', NULL, NULL),
(8007, 606, 'MASAKAMBING', NULL, NULL),
(8008, 607, 'POJOK', NULL, NULL),
(8009, 607, 'CAMPUREJO', NULL, NULL),
(8010, 607, 'TAMANAN', NULL, NULL),
(8011, 607, 'BANJARMLATI', NULL, NULL),
(8012, 607, 'BANDAR KIDUL', NULL, NULL),
(8013, 607, 'LIRBOYO', NULL, NULL),
(8014, 607, 'BANDAR LOR', NULL, NULL),
(8015, 607, 'MOJOROTO', NULL, NULL),
(8016, 607, 'SUKORAME', NULL, NULL),
(8017, 607, 'BUJEL', NULL, NULL),
(8018, 607, 'NGAMPEL', NULL, NULL),
(8019, 607, 'GAYAM', NULL, NULL),
(8020, 607, 'MRICAN', NULL, NULL),
(8021, 607, 'DERMO', NULL, NULL),
(8022, 608, 'MANISRENGGO', NULL, NULL),
(8023, 608, 'REJOMULYO', NULL, NULL),
(8024, 608, 'NGRONGGO', NULL, NULL),
(8025, 608, 'KALIOMBO', NULL, NULL),
(8026, 608, 'KAMPUNG DALEM', NULL, NULL),
(8027, 608, 'SETONO PANDE', NULL, NULL),
(8028, 608, 'RINGIN ANOM', NULL, NULL),
(8029, 608, 'PAKELAN', NULL, NULL),
(8030, 608, 'SETONO GEDONG', NULL, NULL),
(8031, 608, 'KEMASAN', NULL, NULL),
(8032, 608, 'JAGALAN', NULL, NULL),
(8033, 608, 'BANJARAN', NULL, NULL),
(8034, 608, 'NGADIREJO', NULL, NULL),
(8035, 608, 'DANDANGAN', NULL, NULL),
(8036, 608, 'BALOWERTI', NULL, NULL),
(8037, 608, 'POCANAN', NULL, NULL),
(8038, 608, 'SEMAMPIR', NULL, NULL),
(8039, 609, 'BLABAK', NULL, NULL),
(8040, 609, 'BAWANG', NULL, NULL),
(8041, 609, 'BETET', NULL, NULL),
(8042, 609, 'TOSAREN', NULL, NULL),
(8043, 609, 'BANARAN', NULL, NULL),
(8044, 609, 'NGLETIH', NULL, NULL),
(8045, 609, 'TEMPUREJO', NULL, NULL),
(8046, 609, 'KETAMI', NULL, NULL),
(8047, 609, 'PESANTREN', NULL, NULL),
(8048, 609, 'BANGSAL', NULL, NULL),
(8049, 609, 'BURENGAN', NULL, NULL),
(8050, 609, 'TINALAN', NULL, NULL),
(8051, 609, 'PAKUNDEN', NULL, NULL),
(8052, 609, 'SINGONEGARAN', NULL, NULL),
(8053, 609, 'JAMSAREN', NULL, NULL),
(8054, 613, 'ARJOWINANGUN', NULL, NULL),
(8055, 613, 'TLOGOWARU', NULL, NULL),
(8056, 613, 'WONOKOYO', NULL, NULL),
(8057, 613, 'BUMIAYU', NULL, NULL),
(8058, 613, 'BURING', NULL, NULL),
(8059, 613, 'MERGOSONO', NULL, NULL),
(8060, 613, 'KOTALAMA', NULL, NULL),
(8061, 613, 'KEDUNGKANDANG', NULL, NULL),
(8062, 613, 'SAWOJAJAR', NULL, NULL),
(8063, 613, 'MADYOPURO', NULL, NULL),
(8064, 613, 'LESANPURO', NULL, NULL),
(8065, 613, 'CEMOROKANDANG', NULL, NULL),
(8066, 614, 'KEBONSARI', NULL, NULL),
(8067, 614, 'GADANG', NULL, NULL),
(8068, 614, 'CIPTOMULYO', NULL, NULL),
(8069, 614, 'SUKUN', NULL, NULL),
(8070, 614, 'BANDUNGREJOSARI', NULL, NULL),
(8071, 614, 'BAKALAN KRAJAN', NULL, NULL),
(8072, 614, 'MULYOREJO', NULL, NULL),
(8073, 614, 'BANDULAN', NULL, NULL),
(8074, 614, 'TANJUNGREJO', NULL, NULL),
(8075, 614, 'PISANG CANDI', NULL, NULL),
(8076, 614, 'KARANG BESUKI', NULL, NULL),
(8077, 615, 'KASIN', NULL, NULL),
(8078, 615, 'SUKOHARJO', NULL, NULL),
(8079, 615, 'KIDUL DALEM', NULL, NULL),
(8080, 615, 'KAUMAN', NULL, NULL),
(8081, 615, 'BARENG', NULL, NULL),
(8082, 615, 'GADINGKASRI', NULL, NULL),
(8083, 615, 'ORO ORO DOWO', NULL, NULL),
(8084, 615, 'KLOJEN', NULL, NULL),
(8085, 615, 'RAMPAL CELAKET', NULL, NULL),
(8086, 615, 'SAMAAN', NULL, NULL),
(8087, 615, 'PENANGGUNGAN', NULL, NULL),
(8088, 616, 'JODIPAN', NULL, NULL),
(8089, 616, 'POLEHAN', NULL, NULL),
(8090, 616, 'KESATRIAN', NULL, NULL),
(8091, 616, 'BUNULREJO', NULL, NULL),
(8092, 616, 'PURWANTORO', NULL, NULL),
(8093, 616, 'PANDANWANGI', NULL, NULL),
(8094, 616, 'BLIMBING', NULL, NULL),
(8095, 616, 'PURWODADI', NULL, NULL),
(8096, 616, 'POLOWIJEN', NULL, NULL),
(8097, 616, 'ARJOSARI', NULL, NULL),
(8098, 616, 'BALEARJOSARI', NULL, NULL),
(8099, 617, 'MERJOSARI', NULL, NULL),
(8100, 617, 'DINOYO', NULL, NULL),
(8101, 617, 'SUMBERSARI', NULL, NULL),
(8102, 617, 'KETAWANGGEDE', NULL, NULL),
(8103, 617, 'JATIMULYO', NULL, NULL),
(8104, 617, 'LOWOKWARU', NULL, NULL),
(8105, 617, 'TULUSREJO', NULL, NULL),
(8106, 617, 'MOJOLANGU', NULL, NULL),
(8107, 617, 'TUNJUNGSEKAR', NULL, NULL),
(8108, 617, 'TASIKMADU', NULL, NULL),
(8109, 617, 'TUNGGULWULUNG', NULL, NULL),
(8110, 617, 'TLOGOMAS', NULL, NULL),
(8111, 618, 'TRIWUNG KIDUL', NULL, NULL),
(8112, 618, 'KADEMANGAN', NULL, NULL),
(8113, 618, 'POHSANGIT KIDUL', NULL, NULL),
(8114, 618, 'PILANG', NULL, NULL),
(8115, 618, 'TRIWUNG LOR', NULL, NULL),
(8116, 618, 'KETAPANG', NULL, NULL),
(8117, 619, 'SUMBER WETAN', NULL, NULL),
(8118, 619, 'KARENG LOR', NULL, NULL),
(8119, 619, 'KEDOPOK', NULL, NULL),
(8120, 619, 'JREBENG KULON', NULL, NULL),
(8121, 619, 'JREBENG WETAN', NULL, NULL),
(8122, 619, 'JREBENG LOR', NULL, NULL),
(8123, 620, 'WONOASIH', NULL, NULL),
(8124, 620, 'JREBENG KIDUL', NULL, NULL),
(8125, 620, 'PAKISTAJI', NULL, NULL),
(8126, 620, 'KEDUNGGALENG', NULL, NULL),
(8127, 620, 'KEDUNGASEM', NULL, NULL),
(8128, 620, 'SUMBERTAMAN', NULL, NULL),
(8129, 621, 'WIROBORANG', NULL, NULL),
(8130, 621, 'JATI', NULL, NULL),
(8131, 621, 'SUKABUMI', NULL, NULL),
(8132, 621, 'MANGUNHARJO', NULL, NULL),
(8133, 621, 'MAYANGAN', NULL, NULL),
(8134, 622, 'CURAHGRINTING', NULL, NULL),
(8135, 622, 'KANIGARAN', NULL, NULL),
(8136, 622, 'KEBONSARI WETAN', NULL, NULL),
(8137, 622, 'SUKOHARJO', NULL, NULL),
(8138, 622, 'KEBONSARI KULON', NULL, NULL),
(8139, 622, 'TISNONEGARAN', NULL, NULL),
(8140, 623, 'KRAPYAKREJO', NULL, NULL),
(8141, 623, 'BUKIR', NULL, NULL),
(8142, 623, 'SEBANI', NULL, NULL),
(8143, 623, 'GENTONG', NULL, NULL),
(8144, 623, 'GADINGREJO', NULL, NULL),
(8145, 623, 'PETAHUNAN', NULL, NULL),
(8146, 623, 'RANDUSARI', NULL, NULL),
(8147, 623, 'KARANGKETUG', NULL, NULL),
(8148, 624, 'POHJENTREK', NULL, NULL),
(8149, 624, 'WIROGUNAN', NULL, NULL),
(8150, 624, 'TEMBOKREJO', NULL, NULL),
(8151, 624, 'PURUTREJO', NULL, NULL),
(8152, 624, 'KEBONAGUNG', NULL, NULL),
(8153, 624, 'PURWOREJO', NULL, NULL),
(8154, 624, 'SEKARGADUNG', NULL, NULL),
(8155, 625, 'BAKALAN', NULL, NULL),
(8156, 625, 'KRAMPYANGAN', NULL, NULL),
(8157, 625, 'BLANDONGAN', NULL, NULL),
(8158, 625, 'KEPEL', NULL, NULL),
(8159, 625, 'BUGULKIDUL', NULL, NULL),
(8160, 625, 'TAPAAN', NULL, NULL),
(8161, 626, 'PETAMANAN', NULL, NULL),
(8162, 626, 'PEKUNCEN', NULL, NULL),
(8163, 626, 'BUGULLOR', NULL, NULL),
(8164, 626, 'KANDANGSAPI', NULL, NULL),
(8165, 626, 'BANGILAN', NULL, NULL),
(8166, 626, 'KEBONSARI', NULL, NULL),
(8167, 626, 'KARANGANYAR', NULL, NULL),
(8168, 626, 'TRAJENG', NULL, NULL),
(8169, 626, 'MAYANGAN', NULL, NULL),
(8170, 626, 'MANDARANREJO', NULL, NULL),
(8171, 626, 'PANGGUNGREJO', NULL, NULL),
(8172, 626, 'NGEMPLAKREJO', NULL, NULL),
(8173, 626, 'TAMBAAN', NULL, NULL),
(8174, 627, 'SURODINAWAN', NULL, NULL),
(8175, 627, 'PRAJURIT KULON', NULL, NULL),
(8176, 627, 'BLOOTO', NULL, NULL),
(8177, 627, 'MENTIKAN', NULL, NULL),
(8178, 627, 'KAUMAN', NULL, NULL),
(8179, 627, 'PULOREJO', NULL, NULL),
(8180, 628, 'GUNUNG GEDANGAN', NULL, NULL),
(8181, 628, 'KEDUNDUNG', NULL, NULL),
(8182, 628, 'BALONGSARI', NULL, NULL),
(8183, 628, 'GEDONGAN', NULL, NULL),
(8184, 628, 'MAGERSARI', NULL, NULL),
(8185, 628, 'WATES', NULL, NULL),
(8186, 629, 'KRANGGAN', NULL, NULL),
(8187, 629, 'MERI', NULL, NULL),
(8188, 629, 'JAGALAN', NULL, NULL),
(8189, 629, 'MIJI', NULL, NULL),
(8190, 629, 'SENTANAN', NULL, NULL),
(8191, 629, 'PURWOTENGAH', NULL, NULL),
(8192, 630, 'NAMBANGAN KIDUL', NULL, NULL),
(8193, 630, 'NAMBANGAN LOR', NULL, NULL),
(8194, 630, 'MANGUHARJO', NULL, NULL),
(8195, 630, 'PANGONGANGAN', NULL, NULL),
(8196, 630, 'WINONGO', NULL, NULL),
(8197, 630, 'MADIUN LOR', NULL, NULL),
(8198, 630, 'PATIHAN', NULL, NULL),
(8199, 630, 'NGEGONG', NULL, NULL),
(8200, 630, 'SOGATEN', NULL, NULL),
(8201, 631, 'JOSENAN', NULL, NULL),
(8202, 631, 'KUNCEN', NULL, NULL),
(8203, 631, 'DEMANGAN', NULL, NULL),
(8204, 631, 'BANJAREJO', NULL, NULL),
(8205, 631, 'PANDEAN', NULL, NULL),
(8206, 631, 'KEJURON', NULL, NULL),
(8207, 631, 'TAMAN', NULL, NULL),
(8208, 631, 'MOJOREJO', NULL, NULL),
(8209, 631, 'MANISREJO', NULL, NULL),
(8210, 632, 'KARTOHARJO', NULL, NULL),
(8211, 632, 'ORO ORO OMBO', NULL, NULL),
(8212, 632, 'KLEGEN', NULL, NULL),
(8213, 632, 'KANIGORO', NULL, NULL),
(8214, 632, 'PILANGBANGO', NULL, NULL),
(8215, 632, 'REJOMULYO', NULL, NULL),
(8216, 632, 'SUKOSARI', NULL, NULL),
(8217, 632, 'TAWANGREJO', NULL, NULL),
(8218, 632, 'KELUN', NULL, NULL),
(8219, 633, 'WARUGUNUNG', NULL, NULL),
(8220, 633, 'KARANG PILANG', NULL, NULL),
(8221, 633, 'KEBRAON', NULL, NULL),
(8222, 633, 'KEDURUS', NULL, NULL),
(8223, 634, 'PAGESANGAN', NULL, NULL),
(8224, 634, 'KEBONSARI', NULL, NULL),
(8225, 634, 'JAMBANGAN', NULL, NULL),
(8226, 634, 'KARAH', NULL, NULL),
(8227, 635, 'DUKUH MENANGGAL', NULL, NULL),
(8228, 635, 'MENANGGAL', NULL, NULL),
(8229, 635, 'GAYUNGAN', NULL, NULL),
(8230, 635, 'KETINTANG', NULL, NULL),
(8231, 636, 'SIWALANKERTO', NULL, NULL),
(8232, 636, 'JEMUR WONOSARI', NULL, NULL),
(8233, 636, 'MARGOREJO', NULL, NULL),
(8234, 636, 'BENDUL MERISI', NULL, NULL),
(8235, 636, 'SIDOSERMO', NULL, NULL),
(8236, 637, 'KUTISARI', NULL, NULL),
(8237, 637, 'KENDANGSARI', NULL, NULL),
(8238, 637, 'TENGGILIS MEJOYO', NULL, NULL),
(8239, 637, 'PANJANG JIWO', NULL, NULL),
(8240, 638, 'RUNGKUT MENANGGAL', NULL, NULL),
(8241, 638, 'RUNGKUT TENGAH', NULL, NULL),
(8242, 638, 'GUNUNG ANYAR', NULL, NULL),
(8243, 638, 'GUNUNG ANYAR TAMBAK', NULL, NULL),
(8244, 639, 'RUNGKUT KIDUL', NULL, NULL),
(8245, 639, 'MEDOKAN AYU', NULL, NULL),
(8246, 639, 'WONOREJO', NULL, NULL),
(8247, 639, 'PENJARINGAN SARI', NULL, NULL),
(8248, 639, 'KEDUNG BARUK', NULL, NULL),
(8249, 639, 'KALI RUNGKUT', NULL, NULL),
(8250, 640, 'NGIDEN JANGKUNGAN', NULL, NULL),
(8251, 640, 'SEMOLOWARU', NULL, NULL),
(8252, 640, 'MEDOKAN SEMAMPIR', NULL, NULL),
(8253, 640, 'KEPUTIH', NULL, NULL),
(8254, 640, 'GEBANG PUTIH', NULL, NULL),
(8255, 640, 'KLAMPIS NGASEM', NULL, NULL),
(8256, 640, 'MENUR PUMPUNGAN', NULL, NULL),
(8257, 641, 'MANYAR SABRANGAN', NULL, NULL),
(8258, 641, 'MULYOREJO', NULL, NULL),
(8259, 641, 'KEJAWEN PUTIH TAMBAK', NULL, NULL),
(8260, 641, 'KALISARI', NULL, NULL),
(8261, 641, 'DUKUH SUTOREJO', NULL, NULL),
(8262, 641, 'KALIJUDAN', NULL, NULL),
(8263, 642, 'BARATAJAYA', NULL, NULL),
(8264, 642, 'PUCANG SEWU', NULL, NULL),
(8265, 642, 'KERTAJAYA', NULL, NULL),
(8266, 642, 'GUBENG', NULL, NULL),
(8267, 642, 'AIRLANGGA', NULL, NULL),
(8268, 642, 'MOJO', NULL, NULL),
(8269, 643, 'SAWUNGGALING', NULL, NULL),
(8270, 643, 'WONOKROMO', NULL, NULL),
(8271, 643, 'JAGIR', NULL, NULL),
(8272, 643, 'NGAGELREJO', NULL, NULL),
(8273, 643, 'NGAGEL', NULL, NULL),
(8274, 643, 'DARMO', NULL, NULL),
(8275, 644, 'GUNUNGSARI', NULL, NULL),
(8276, 644, 'DUKUH PAKIS', NULL, NULL),
(8277, 644, 'PRADAHKALI KENDAL', NULL, NULL),
(8278, 644, 'DUKUH KUPANG', NULL, NULL),
(8279, 645, 'BALAS KLUMPRIK', NULL, NULL),
(8280, 645, 'BABATAN', NULL, NULL),
(8281, 645, 'WIYUNG', NULL, NULL),
(8282, 645, 'JAJAR TUNGGAL', NULL, NULL),
(8283, 646, 'BANGKINGAN', NULL, NULL),
(8284, 646, 'SUMUR WELUT', NULL, NULL),
(8285, 646, 'LIDAH WETAN', NULL, NULL),
(8286, 646, 'LIDAH KULON', NULL, NULL),
(8287, 646, 'JERUK', NULL, NULL),
(8288, 646, 'LAKARSANTRI', NULL, NULL),
(8289, 647, 'MADE', NULL, NULL),
(8290, 647, 'BRINGIN', NULL, NULL),
(8291, 647, 'SAMBIKEREP', NULL, NULL),
(8292, 647, 'LONTAR', NULL, NULL),
(8293, 648, 'KARANGPOH', NULL, NULL),
(8294, 648, 'BALONGSARI', NULL, NULL),
(8295, 648, 'MANUKAN WETAN', NULL, NULL),
(8296, 648, 'MANUKAN KULON', NULL, NULL),
(8297, 648, 'BANJAR SUGIHAN', NULL, NULL),
(8298, 648, 'TANDES', NULL, NULL),
(8299, 649, 'PUTAT GEDE', NULL, NULL),
(8300, 649, 'SONO KWIJENAN', NULL, NULL),
(8301, 649, 'SIMOMULYO', NULL, NULL),
(8302, 649, 'SUKO MANUNGGAL', NULL, NULL),
(8303, 649, 'TANJUNGSARI', NULL, NULL),
(8304, 649, 'SIMOMULYO BARU', NULL, NULL),
(8305, 650, 'PAKIS', NULL, NULL),
(8306, 650, 'PUTAT JAYA', NULL, NULL),
(8307, 650, 'BANYU URIP', NULL, NULL),
(8308, 650, 'KUPANG KRAJAN', NULL, NULL),
(8309, 650, 'PETEMON', NULL, NULL),
(8310, 650, 'SAWAHAN', NULL, NULL),
(8311, 651, 'KEPUTRAN', NULL, NULL),
(8312, 651, 'DR. SUTOMO', NULL, NULL),
(8313, 651, 'TEGALSARI', NULL, NULL),
(8314, 651, 'WONOREJO', NULL, NULL),
(8315, 651, 'KEDUNGDORO', NULL, NULL),
(8316, 652, 'EMBONG KALIASIN', NULL, NULL),
(8317, 652, 'KETABANG', NULL, NULL),
(8318, 652, 'GENTENG', NULL, NULL),
(8319, 652, 'PENELEH', NULL, NULL),
(8320, 652, 'KAPASARI', NULL, NULL),
(8321, 653, 'PACAR KELING', NULL, NULL),
(8322, 653, 'PACAR KEMBANG', NULL, NULL),
(8323, 653, 'PLOSO', NULL, NULL),
(8324, 653, 'TAMBAKSARI', NULL, NULL),
(8325, 653, 'RANGKAH', NULL, NULL),
(8326, 653, 'GADING', NULL, NULL),
(8327, 653, 'KAPASMADYA BARU', NULL, NULL),
(8328, 653, 'DUKUH SETRO', NULL, NULL),
(8329, 654, 'TANAH KALI KEDINDING', NULL, NULL),
(8330, 654, 'SIDOTOPO WETAN', NULL, NULL),
(8331, 654, 'BULAK BANTENG', NULL, NULL),
(8332, 654, 'TAMBAK WEDI', NULL, NULL),
(8333, 655, 'KENJERAN', NULL, NULL),
(8334, 655, 'BULAK', NULL, NULL),
(8335, 655, 'KEDUNG COWEK', NULL, NULL),
(8336, 655, 'SUKOLILO BARU', NULL, NULL),
(8337, 656, 'KAPASAN', NULL, NULL),
(8338, 656, 'TAMBAKREJO', NULL, NULL),
(8339, 656, 'SIMOKERTO', NULL, NULL),
(8340, 656, 'SIDODADI', NULL, NULL),
(8341, 656, 'SIMOLAWANG', NULL, NULL),
(8342, 657, 'AMPEL', NULL, NULL),
(8343, 657, 'SIDOTOPO', NULL, NULL),
(8344, 657, 'PEGIRIAN', NULL, NULL),
(8345, 657, 'WONOKUSUMO', NULL, NULL),
(8346, 657, 'UJUNG', NULL, NULL),
(8347, 658, 'BONGKARAN', NULL, NULL),
(8348, 658, 'NYAMPLUNGAN', NULL, NULL),
(8349, 658, 'KREMBANGAN UTARA', NULL, NULL),
(8350, 658, 'PERAK TIMUR', NULL, NULL),
(8351, 658, 'PERAK UTARA', NULL, NULL),
(8352, 659, 'TEMBOK DUKUH', NULL, NULL),
(8353, 659, 'BUBUTAN', NULL, NULL),
(8354, 659, 'ALON-ALON CONTONG', NULL, NULL),
(8355, 659, 'GUNDIH', NULL, NULL),
(8356, 659, 'JEPARA', NULL, NULL),
(8357, 660, 'DUPAK', NULL, NULL),
(8358, 660, 'MOROKREMBANGAN', NULL, NULL),
(8359, 660, 'PERAK BARAT', NULL, NULL),
(8360, 660, 'KEMAYORAN', NULL, NULL),
(8361, 660, 'KREMBANGAN SELATAN', NULL, NULL),
(8362, 661, 'ASEMROWO', NULL, NULL),
(8363, 661, 'GENTING KALIANAK', NULL, NULL),
(8364, 661, 'TAMBAK SARIOSO', NULL, NULL),
(8365, 662, 'SEMEMI', NULL, NULL),
(8366, 662, 'KANDANGAN', NULL, NULL),
(8367, 662, 'TAMBAK OSO WILANGON', NULL, NULL),
(8368, 662, 'ROMOKALISARI', NULL, NULL),
(8369, 663, 'BABAT JERAWAT', NULL, NULL),
(8370, 663, 'PAKAL', NULL, NULL),
(8371, 663, 'BENOWO', NULL, NULL),
(8372, 663, 'SUMBERREJO', NULL, NULL),
(8373, 664, 'ORO-ORO OMBO', NULL, NULL),
(8374, 664, 'TEMAS', NULL, NULL),
(8375, 664, 'SISIR', NULL, NULL),
(8376, 664, 'NGAGLIK', NULL, NULL),
(8377, 664, 'PESANGGRAHAN', NULL, NULL),
(8378, 664, 'SONGGOKERTO', NULL, NULL),
(8379, 664, 'SUMBEREJO', NULL, NULL),
(8380, 664, 'SIDOMULYO', NULL, NULL),
(8381, 665, 'TLEKUNG', NULL, NULL),
(8382, 665, 'JUNREJO', NULL, NULL),
(8383, 665, 'MOJOREJO', NULL, NULL),
(8384, 665, 'TORONGREJO', NULL, NULL),
(8385, 665, 'BEJI', NULL, NULL),
(8386, 665, 'PENDEM', NULL, NULL),
(8387, 665, 'DADAPREJO', NULL, NULL),
(8388, 666, 'PANDANREJO', NULL, NULL),
(8389, 666, 'BUMIAJI', NULL, NULL),
(8390, 666, 'BULUKERTO', NULL, NULL),
(8391, 666, 'GUNUNGSARI', NULL, NULL),
(8392, 666, 'PUNTEN', NULL, NULL),
(8393, 666, 'TULUNGREJO', NULL, NULL),
(8394, 666, 'SUMBERGONDO', NULL, NULL),
(8395, 666, 'GIRIPURNO', NULL, NULL),
(8396, 666, 'SUMBER BRANTAS', NULL, NULL);

-- --------------------------------------------------------

--
-- Table structure for table `tbl_diagnosa_icd10`
--

CREATE TABLE `tbl_diagnosa_icd10` (
  `id_diagnosa` int(4) NOT NULL,
  `code` varchar(25) NOT NULL,
  `diagnosa` varchar(255) NOT NULL
) ENGINE=InnoDB DEFAULT CHARSET=utf8mb4;

--
-- Dumping data for table `tbl_diagnosa_icd10`
--

INSERT INTO `tbl_diagnosa_icd10` (`id_diagnosa`, `code`, `diagnosa`) VALUES
(1, 'R10.4', 'Abdominal pain'),
(2, 'H 33', 'Ablasi dan kerusakan retina'),
(3, 'H33.2', 'Ablasio Retina / Cornea'),
(4, 'O20.0', 'Abortus iminens'),
(5, 'O08.0', 'Abortus infeksius'),
(6, 'O06.9', 'Abortus inkomplit'),
(7, 'O02.1', 'Abortus insiplens'),
(8, 'O 05', 'Abortus lainnya'),
(9, 'O 04', 'Abortus medik'),
(10, 'O 03', 'Abortus spontan'),
(11, 'L02.9', 'Abses(LUKA)'),
(12, 'K65.0', 'Abses abdominal'),
(13, 'L02.4', 'Abses Akilla'),
(14, 'K 35.1', 'Abses apendicular/apendikes'),
(15, 'K35.1', 'Abses app'),
(16, 'N75.1', 'Abses bartolin'),
(17, 'J34.0', 'Abses beplum'),
(18, 'N73.5', 'Abses CD'),
(19, 'Q06.0', 'Abses cerebri'),
(20, 'L02.1', 'Abses colli'),
(21, 'H16.3', 'Abses cornea'),
(22, 'Q76.4', 'Abses coxal'),
(23, 'J86.9', 'Abses dada'),
(24, 'K05.2', 'Abses gingival'),
(25, 'N15.1', 'Abses ginjal'),
(26, 'A 06.4', 'Abses hati amuba'),
(27, 'K75.0', 'Abses hati/liver/hepar'),
(28, 'L02.2', 'Abses ingunialis'),
(29, 'L02.8', 'Abses kepala/ragio'),
(30, 'L02.4', 'Abses lutut kiri/axilla/femur/femoral'),
(31, 'N61', 'Abses mama'),
(32, 'K10.0', 'Abses mandibula'),
(33, 'G06.6', 'Abses otak'),
(34, 'J86.9', 'Abses pada dada'),
(35, 'N76.0', 'Abses pagina'),
(36, 'K12.2', 'ABSES PALATUM'),
(37, 'H00.0', 'Abses palpebra'),
(38, 'K85', 'Abses pancereas'),
(39, 'L02.3', 'Abses pantat/buttock/glutea'),
(40, 'J39.0', 'Abses paraparingeal'),
(41, 'K61.0', 'Abses parienal'),
(42, 'J 85.1, .2', 'Abses paru'),
(43, 'J85.1', 'Abses paru/lung'),
(44, 'J36', 'Abses peritonsilair'),
(45, 'K05.2', 'Abses perodental'),
(46, 'K65.0', 'Abses perut'),
(47, 'L02.2', 'Abses pinggang kiri'),
(48, 'L02.0', 'Abses pipi'),
(49, 'T81.4', 'Abses post op/luka oprasi'),
(50, 'N15.1', 'Abses renal'),
(51, 'K65.0', 'Abses Retro pritonial'),
(52, 'K12.2', 'Abses sub mandibula'),
(53, 'J86.9', 'Abses torax'),
(54, 'N70.9', 'Abses turbo ovarial (ATO)'),
(55, 'L02.2', 'Abses umbilicia/dinding (Abdomen punggung)'),
(56, 'K22.0', 'Achalasia cardia / esopagus'),
(57, 'Q39.5', 'Achelasia congenital'),
(58, 'Q40.0', 'Achelasia pylorus'),
(59, 'R10.0', 'Acut abdomen'),
(60, 'J20.9', 'Acut laringo tracea broncitis'),
(61, 'C92.0', 'Acut myelocitic leukemia (AML)'),
(62, 'J80', 'Acut respiratory distress syndrom'),
(63, 'K72.0', 'Acute hepatic failure'),
(64, 'D16.5', 'Adamantinoma'),
(65, 'C11.1', 'Adeno ca'),
(66, 'C16.9', 'Adeno ca. gaster'),
(67, 'C18.9', 'Adeno Ca.Colon'),
(68, 'C34.9', 'Adeno Ca.paru'),
(69, 'J35.2', 'Adeno tonsilitis cronis'),
(70, 'N80.0', 'Adenomycosio'),
(71, 'N70.9', 'Adnexitis'),
(72, 'O64.1', 'After Coming head'),
(73, 'D 70', 'Agranulositosus'),
(74, 'T 15, T 17 - T19', 'Akibat dari kemasukan benda asing melaluilubang tubuh'),
(75, 'T78.4', 'Alergi'),
(76, 'J 30.3', 'Alergi rhinitis akibat kerja'),
(77, 'C95.7', 'Aleukimia leukimia'),
(78, 'C91.0', 'ALL'),
(79, 'A06.9', 'Amebiasis'),
(80, 'A 06.0-.3 .5-.9', 'Amebiasis lainnya'),
(81, 'N 91.0, .1, .2', 'Amenore'),
(82, 'N91.2', 'Amenorrhea'),
(83, 'I21.9', 'AMI ( infark miokard akut)'),
(84, 'S98.1', 'Amputasi jari kaki satu'),
(85, 'D64.8', 'Anemia (gravio)'),
(86, 'D 61', 'Anemia aplastik lainnya'),
(87, 'D 50', 'Anemia defisiensi zat besi'),
(88, 'D58.9', 'Anemia hemolitik'),
(89, 'D 59', 'Anemia Hemolitik'),
(90, 'D 51  D 58,D 60, D 62 ', 'Anemia lainnya'),
(91, 'D50.0', 'Anemia pasca pendarahan'),
(92, 'Q00.0', 'Anencepalus bayi'),
(93, 'Q35.0', 'anencepalus ibu'),
(94, 'I71.4', 'Aneorisme Aorta Abdominal'),
(95, 'I71.9', 'Aneuryama aorta'),
(96, 'I20.9', 'Angina pictoris'),
(97, 'I20.0', 'angina pictoris unsiable/fasca infark'),
(98, 'D10.6', 'Angio fibroma nasofaring'),
(99, 'T78.3', 'Angioauritic Alergi'),
(100, 'Q89.9', 'Anomali intra cranial'),
(101, 'O99.0', 'Anomia post partum'),
(102, 'Q11.1', 'Anoptalmia'),
(103, 'R63.0', 'Anorexia'),
(104, 'A 22', 'Anthraks'),
(105, 'O62.2', 'Antonea Uteri'),
(106, 'F41.9', 'Anxietas'),
(107, 'I35.1', 'Aorta insufisianis'),
(108, 'Q25.3', 'Aorta stenosis'),
(109, 'R47.0', 'Apasia'),
(110, 'O48.9', 'APB'),
(111, 'H27.0', 'Apekia'),
(112, 'K37', 'Apendicitis'),
(113, 'K35.9', 'Apendicitis acut'),
(114, 'K36', 'Apendicitis kronis'),
(115, 'K35.0', 'Apendicitis perforasi'),
(116, 'K38.1', 'Apendicular'),
(117, 'K38.1', 'Apendix infilltrat'),
(118, 'R06.8', 'Apnea'),
(119, 'P28.4', 'Apnea bayi'),
(120, 'R06.8', 'Apneic spell'),
(121, 'A06.9', 'AR'),
(122, 'I49.0', 'Aritmia'),
(123, 'M25.5', 'Artialgia'),
(124, 'M13.9', 'Artretis'),
(125, 'M 08 - M 09', 'Artritis belia'),
(126, 'M 00 - M 01', 'Artritis piogenik dan artritis pada penyakit infeksi dan parasit YDK di tempat lain'),
(127, 'M 05 - M 06', 'Artritis reumatoid'),
(128, 'M 12 - M 14', 'Artropati dan artritis'),
(129, 'M 02 - M 03', 'Artropati reaktif'),
(130, 'M 15 - M 19', 'Artrosis'),
(131, 'B77.9', 'Ascariasis'),
(132, 'R18', 'Ascites'),
(133, 'Q21.1', 'ASD ( Atreal septa depta )'),
(134, 'Z31.2', 'Aseptor implant'),
(135, 'E87.2', 'Asidosis metabdik'),
(136, 'J 45', 'Asma akibat kerja'),
(137, 'J45.9', 'Asma bronciale (AB)'),
(138, 'R09.0', 'Asphixia'),
(139, 'P21.0', 'Asphixia berat'),
(140, 'P21.1', 'asphixia ringan'),
(141, 'T17.1', 'Aspirasi hidung'),
(142, 'P24.0', 'Aspirasi mecodum'),
(143, 'T17.9', 'Aspirasi minyak T /Bd.Asing/Food'),
(144, 'J69', 'Aspirasi pnemunea dewasa'),
(145, 'P24.1', 'Aspirasi pnemunia bayi'),
(146, 'R53', 'Astenea'),
(147, 'J98.1', 'Atelactasis'),
(148, 'I 70', 'Aterosklerosis'),
(149, 'I70.9', 'Atoroma'),
(150, 'Q42.3', 'Atresia ani'),
(151, 'Q 41.0', 'Atresia duodeni'),
(152, 'Q41.0', 'Atresia Ileum'),
(153, 'Q42.1', 'Atresia rectum'),
(154, 'I48', 'Atrial fibrilasi (AF)'),
(155, 'M08.0', 'Atritis Rematik'),
(156, 'I44.3', 'AV block'),
(157, 'T14.7', 'Avulsion'),
(158, 'R79.8', 'Azotermia'),
(159, 'N48.1', 'Balanitis'),
(160, 'N48.1', 'balanitis'),
(161, 'C44.1', 'Basalioma Canthus lateralis'),
(162, 'C44.3', 'Basalioma hidung/pipi/mata'),
(163, 'C44.2', 'Basalioma telinga'),
(164, 'N20.0', 'Batu btaghorn'),
(165, 'K80.8', 'Batu empedu'),
(166, 'N20.0', 'Batu ginjal'),
(167, 'N21.1', 'Batu uretra /BBB'),
(168, 'A37.9', 'batuk rejan ( pertusis)'),
(169, 'Z33', 'bayi belum lahir ( infartu)'),
(170, 'P08.0', 'Bayi besar'),
(171, 'P92.2', 'bayi kurang minum'),
(172, 'Z 38', ''),
(173, 'P95', 'bayi mati'),
(174, 'O36.4', 'bayi meninggal ibu hidup (KJDR)'),
(175, 'Z38.0', 'bayi normal'),
(176, 'P03.4', 'Bayi sectio'),
(177, 'P03.3', 'Bayi vakum'),
(178, 'F05.0', 'BBLR'),
(179, 'T 16', 'Benda asing pada telinga'),
(180, 'Y04', 'berkelahi'),
(181, 'Q 35 - Q 37', 'Bibir celah dan langit-langit celah'),
(182, 'Q36.9', 'Bibir sumbing'),
(183, 'O02.0', 'Bilgted ovum'),
(184, 'K80.5', 'Biliary kolik'),
(185, 'J 66.0', 'Bisinosis'),
(186, 'N93.0', 'Bleeding post coitus'),
(187, 'B50.8', 'Block Water Fever'),
(188, 'K92.1', 'Bloody diare'),
(189, 'R00.1', 'Bmdicardia'),
(190, 'N75.8', 'bortolintitis'),
(191, 'N10', 'BPH ( prostat)'),
(192, 'P14.3', 'Bracial Palsy'),
(193, 'J47', 'Bronciektasis'),
(194, 'J21.9', 'Bronciolitis /Acut'),
(195, 'J40', 'Broncitis'),
(196, 'J20.9', 'Broncitis acut'),
(197, 'J42', 'Broncitis kronik'),
(198, 'J18.0', 'Bronco pnemunia'),
(199, 'J 47', 'Bronkiektasis'),
(200, 'J 20 - J 21', 'Bronkitis akut dan bronkiolitis akut'),
(201, 'J 40 - J 44', 'Bronkitis, emfisema dan penyakit paru obstruktif kronik lainnya'),
(202, 'A 23', 'Bruselosis'),
(203, 'Z47.0', 'Buka pen'),
(204, 'Z30.5', 'Buka spiral'),
(205, 'X76.0', 'bunuh diri dengan membakar diri'),
(206, 'X70', 'bunuh diri dengan menusuk badan'),
(207, 'E78.3', 'Burger O'),
(208, 'T21', 'Burt abdomen'),
(209, 'H 54', 'Buta dan rabun'),
(210, 'C54.1', 'CA ewametrium'),
(211, 'C67.9', 'Ca. Blader'),
(212, 'C68.0', 'Ca. Buli-buli'),
(213, 'C18.0', 'Ca. Caecum'),
(214, 'C53.9', 'Ca. Cerviks'),
(215, 'C76.0', 'ca. Coll'),
(216, 'C18.9', 'Ca. Colon'),
(217, 'C54.9', 'ca. Corpus'),
(218, 'C44', 'Ca. Epidermoid'),
(219, 'C15.9', 'Ca. Esopagus'),
(220, 'C40.2', 'Ca. Femur'),
(221, 'C16.9', 'Ca. Gaster/lambung'),
(222, 'C77.9', 'ca. Gland (kelenjar)'),
(223, 'C32.9', 'Ca. Laring'),
(224, 'C02.9', 'Ca. Lidah'),
(225, 'C50.9', 'Ca. Mama'),
(226, 'C41.1', 'Ca. Mandibula'),
(227, 'C11.9', 'Ca. Nesofaring'),
(228, 'C56', 'Ca. Ovari'),
(229, 'C05.9', 'Ca. Palata'),
(230, 'C25.9', 'Ca. Pancereas'),
(231, 'C76.3', 'Ca. Pantat'),
(232, 'L 07', 'Ca. Parotis ( pinggang)'),
(233, 'C34.1', 'Ca. Paru'),
(234, 'C60.9', 'ca. Penis'),
(235, 'C55', 'Ca. Rahim/uterus'),
(236, 'C20', 'Ca. Recti'),
(237, 'C18.7', 'Ca. Sigmoid'),
(238, 'C76.0', 'ca. Squo mous cell'),
(239, 'C51.9', 'Ca. Tibia'),
(240, 'C52', 'Ca. Vagina'),
(241, 'C22.1', 'Ca.chalangio'),
(242, 'C58', 'ca.corio'),
(243, 'C61', 'Ca.prostat'),
(244, 'C73', 'Ca.teroid'),
(245, 'Q03.0', 'cacat bawaan'),
(246, 'I25.1', 'CAD/CHD (PJK)'),
(247, 'B 05', 'Campak'),
(248, 'B05.9', 'campak/measles'),
(249, 'B37.9', 'candidiasis'),
(250, 'P12.8', 'Capul succedonum'),
(251, 'K76.1', 'cardioac cirosis'),
(252, 'K76.1', 'cardioac cirosis'),
(253, 'R57.0', 'cardiogenic syok'),
(254, 'I42.9', 'cardiomeapaty'),
(255, 'I51.7', 'cardiomegali'),
(256, 'C44.2', 'carsinoma telinga'),
(257, 'C55', 'carsinoma utery'),
(258, 'Q12.0', 'catarac'),
(259, 'H26.2', 'Catarac compilated'),
(260, 'H26.0', 'catarac muda ( juvenil)'),
(261, 'H26.4', 'catarac scondary'),
(262, 'H26.1', 'Catarac traumatik'),
(263, 'H25.2', 'Catarac tua(mature)'),
(264, 'S 26 - S 27', 'Cedera alat dalam lainnya'),
(265, 'S 06', 'Cedera intrakranial'),
(266, 'P 10 - P 15', 'Cedera lahir'),
(267, 'S 05', 'Cedera mata dan orbita'),
(268, 'S 36 - S 37 S 97-98, T04-', 'Cedera remuk dan trauma amputasi YDT dan daerah badan multipel'),
(269, 'S00-S01, S04, S09-S11,', 'Cedera YDT lainnya, YTT dan daerah badan multipel'),
(270, 'L03.9', 'celuitis'),
(271, 'H05.0', 'celulitis orbita'),
(272, 'R51', 'cepalgia'),
(273, 'P12.0', 'cepalhematoma bayi'),
(274, 'S08.8', 'cepalhematoma bayi traumatik'),
(275, 'P12.0', 'cepalhomatoma bayi'),
(276, 'G93.9', 'cerebral'),
(277, 'G80.9', 'cerebral palsy (CP)'),
(278, 'H61.2', 'cerumen'),
(279, 'M53.1', 'cervisal syndrome'),
(280, 'K74.6', 'CH (cirosis hati)'),
(281, 'H00.1', 'chalazion'),
(282, 'R07.4', 'chest pain'),
(283, 'I50.0', 'CHF (gagal jantung kongestif)'),
(284, 'A 92.0', 'Chikungunya'),
(285, 'K80.5', 'choledocholitiasis'),
(286, 'K80.2', 'cholelitiasis'),
(287, 'K83.1', 'cholestasis'),
(288, 'K83.1', 'cholestasis'),
(289, 'K81.9', 'cholicystitis'),
(290, 'K81.0', 'cholicystitis acut'),
(291, 'M98.8', 'chondroitis'),
(292, 'N48.9', 'chordea'),
(293, 'G25.5', 'Chorea'),
(294, 'C58', 'chorio cersininoma'),
(295, 'E24.9', 'chusing syndrome'),
(296, 'L90.5', 'cicatrix'),
(297, 'D06.9', 'CIN ( carsinoma insitu cerviks)'),
(298, 'K76.1', 'ciroses cardiac'),
(299, 'T17.1', 'cirosis alineum cav.nasi'),
(300, 'N03.9', 'CKD (cronic kidny disease)'),
(301, 'K76.0', 'CLD'),
(302, 'K76.9', 'CLD'),
(303, 'C91.1/M9823/3', 'CLL'),
(304, 'C92.1/M98/G31.3', 'CMI'),
(305, 'A00.9', 'colera'),
(306, 'R10.4', 'colic abdomen'),
(307, 'R10.4', 'colic abdomen'),
(308, 'N23', 'colic ureter'),
(309, 'N23', 'colit renal ginjal'),
(310, 'A09', 'Colitis (acut)'),
(311, 'A06.0', 'colitis amooba'),
(312, 'K51.9', 'colitis ulceritiva'),
(313, 'K51.9', 'colitis ulkiraliv'),
(314, 'A16.2', 'Coll abses'),
(315, 'Q80.2', 'colodian baby'),
(316, 'K92.1', 'colon post radiasi'),
(317, 'K91.4', 'colostomi prolaps'),
(318, 'K91.4', 'colostomy'),
(319, 'R40.2', 'coma'),
(320, 'P91.5', 'coma bayi'),
(321, 'E14.0', 'coma diabetic'),
(322, 'K72.9', 'coma hepaticum'),
(323, 'E14.0', 'coma hiperglikemik'),
(324, 'E15', 'coma hipoglikemik'),
(325, 'E14.0', 'coma honk ( hiper osmolarilas non ketosis)'),
(326, 'N19', 'coma uremikum'),
(327, 'N19', 'coma urine'),
(328, 'T31.1', 'combustio grade 10-19%'),
(329, 'T31.3', 'combustio grade 30-39%'),
(330, 'T31.6', 'combustio grade 60-69%'),
(331, 'T31.7', 'combustio grade 70-79%'),
(332, 'T22.1', 'combustio lengan'),
(333, 'L70.0', 'comedo'),
(334, 'R41.0', 'comfusi'),
(335, 'D13.5', 'comon bill duct (CBD)'),
(336, 'J00', 'comon colid'),
(337, 'T14.2', 'compresion'),
(338, 'G93.5', 'compressisi medula spinalis'),
(339, 'A63.0', 'condiloma acuminatum'),
(340, '', 'Congenital centralis /PSC'),
(341, 'H13.1', 'conjungtivitas neunatal gonocokal'),
(342, 'H10.9', 'conjungtivitis'),
(343, 'M62.9', 'conraktur otot /leher'),
(344, 'K59.0', 'contifation'),
(345, 'M79.9', 'contractur akilla'),
(346, 'M24.4', 'contraktur alku kanan/elbow'),
(347, 'M20.0', 'contraktur jari kaki kiri'),
(348, 'M62.4', 'contraktur musole'),
(349, 'S06.2', 'contusio cerebri /CKB'),
(350, 'S06.0', 'contusio cerebril/CKS/CKR'),
(351, 'S05.8', 'contusio mata'),
(352, 'S34.3', 'contusio modula spinalis'),
(353, 'T14.6', 'contusio muscolorum'),
(354, 'T14.6', 'contusio otot leher'),
(355, 'S30.2', 'contusio penis'),
(356, 'S37.0', 'contusio renis'),
(357, 'S20.2', 'contusio torax'),
(358, 'R56.8', 'convulsi ( kejang)'),
(359, 'J44.9', 'COPD/PPOM'),
(360, 'I27.9', 'cor pulmunale cronic ( CPC)'),
(361, 'T17.2', 'corpus alienum hipoparing'),
(362, 'T17.5', 'Corpus Alineum Broncus'),
(363, 'S21.0', 'corpus alineum peluru'),
(364, 'S29.9', 'corpus alineumthoacal (punggung)'),
(365, 'M13.1', 'coxitis'),
(366, 'J81', 'CPA ( odema perut akut)'),
(367, 'Q33.9', 'CPD'),
(368, 'H34.2', 'CRAO'),
(369, 'N18.9', 'CRF/GGK'),
(370, 'K76.9', 'cronic liver disease'),
(371, 'J98.4', 'cronic lung disiase'),
(372, 'J05.0', 'Croup'),
(373, 'M53.1', 'CRS'),
(374, 'S97.8', 'crush foot'),
(375, 'S95.9', 'crush injuri cruris'),
(376, 'Q66.0', 'CTEV'),
(377, 'N94.1', 'Cuitus'),
(378, 'L02.4', 'curetage skin'),
(379, 'I 64', 'CVA'),
(380, 'I61.9', 'CVA bleeding/hemorage/HS'),
(381, 'I63.9', 'CVA infak'),
(382, 'I67.9', 'CVD'),
(383, 'I66.9', 'CVD trombosit'),
(384, 'R23.0', 'cyanosis'),
(385, 'N30.9', 'cyatitis'),
(386, 'Q24.9', 'cynotic CHD'),
(387, 'N75.0', 'cysta bartolini'),
(388, 'L72.1', 'cysta cebaceaus'),
(389, 'G93.0', 'cysta cerebrl'),
(390, 'N80.1', 'cysta coklat'),
(391, 'H11.4', 'cysta conjunctiva'),
(392, 'H04.8', 'cysta ductus laclimaris'),
(393, 'N85.8', 'cysta endometrium'),
(394, 'I72.0', 'cysta epidermoid'),
(395, 'H02.8', 'Cysta eyelld (kelopak mata)'),
(396, 'K09.0', 'cysta folikuler'),
(397, 'I51.9', 'cysta hati'),
(398, 'N60.0', 'cysta mama'),
(399, 'K09.2', 'cysta maxijja'),
(400, 'J34.1', 'cysta nasal(binus)'),
(401, 'N83.2', 'Cysta overy'),
(402, 'K86.2', 'cysta pancereas'),
(403, 'Q18.1', 'cysta preauriculer'),
(404, 'K04.8', 'cysta radioculer'),
(405, 'Q18.1', 'cysta retro kurikuler'),
(406, 'D46.6', 'cysta sarcoma'),
(407, 'K11.6', 'cysta sub mandibula'),
(408, 'Q89.2', 'cysta thyrogiasus'),
(409, 'E04.1', 'cysta tiroid'),
(410, 'N81.1', 'cystocele (female)'),
(411, 'N32.8', 'cystocele (male)'),
(412, 'N81.4', 'cystocele (prolaps uteri)'),
(415, 'O02.1', 'dead conseptus'),
(416, 'I51.9', 'Decom cordis'),
(417, 'L89', 'decubitus(ulcer)'),
(418, 'E 50', 'Defisiensi vitamin A'),
(419, 'E 51 - E 56', 'Defisiensi vitamin lainnya'),
(420, 'Q 66', 'Deformasi kongenital kaki'),
(421, 'Q 65', 'Deformasi kongenital sendi panggul'),
(422, 'K06.8', 'deformiti gum'),
(423, 'E06', 'dehidrasi'),
(424, 'R62.8', 'deloyed depelopment'),
(425, 'F80.9', 'deloyed movement'),
(426, 'L02.9', 'demam abses'),
(427, 'A 91', 'Demam berdarah dengue'),
(428, 'A 68', 'Demam bolak balik'),
(429, 'A 90', 'Demam dengue'),
(430, 'A 95', 'Demam kuning'),
(431, 'I00', 'demam rematik'),
(432, 'I 00 - I 02', 'Demam reumatik akut'),
(433, 'A 01', 'Demam tifoid dan paratifoid'),
(434, 'A 75', 'Demam tifus'),
(435, 'A01.0', 'demam tipoid'),
(436, 'A 93 - A 94 A 96 - A 99', 'Demam virus dan demam berdarah virus tular serangga lainnya'),
(437, 'A 92.1 - A 92', 'Demam virus tular nyamuk'),
(438, 'R 50', 'Demam yang sebabnya tidak diketahui'),
(439, 'F 00 - F 03', 'Demensia'),
(440, 'F03', 'dementia senlititis'),
(441, 'A90', 'dengue'),
(442, 'A90', 'Dengue fever'),
(443, 'E 86', 'Deplesi volume (dehidrasi)'),
(444, 'F32.9', 'depresi'),
(445, 'M 20 - M 21', 'Derformitas tungkai didapat'),
(446, 'L30.8', 'Dermatitis'),
(447, 'L 23 - L 24', 'Dermatosis akibat kerja'),
(448, 'N94.6', 'Desmenorrhea'),
(449, 'K30', 'Despepsia'),
(450, 'J34.2', 'deviasi septuri'),
(451, 'G36.0', 'devic\'s desease'),
(452, 'Q24.0', 'dextrocordia'),
(453, 'A91', 'DHF/DSS'),
(454, 'E 10', 'Diabetes melitus bergantung insulin'),
(455, 'E 12', 'Diabetes melitus berhubungan malnutrisi'),
(456, 'O 24', 'Diabetes melitus dalam kehamilan'),
(457, 'E 11', 'Diabetes melitus tidak bergantung insulin'),
(458, 'E 13', 'Diabetes melitus YDT lainnya'),
(459, 'E 14', 'Diabetes melitus YTT'),
(460, 'A 09', 'Diare & gastroenteritis oleh penyebab infeksi tertentu (kolitis infeksi)'),
(461, 'P78.3', 'diare bayi baru lahir'),
(462, 'A09', 'diare yang ada hasil lab'),
(463, 'K52.9', 'diare yang tidak ada leb'),
(464, 'D69.9', 'diathesis hemorrhage'),
(465, 'W45.0', 'dibacok/ditebas/ditusuk maling'),
(466, 'X 85 - Y 09', 'Dicederai'),
(467, 'N86', 'dicubitus ( cerviks)'),
(468, 'T14.4', 'diffuse axonal injury'),
(469, 'A 36', 'Difteria'),
(470, 'W54.0', 'digigit anjing ( dogbite)'),
(471, 'Y04.0', 'dikeroyok'),
(472, 'I51.7', 'Dilated cardio myopanti (DCM)'),
(473, 'Y04', 'dipikul'),
(474, 'H53.2', 'diplopia'),
(475, 'A36.9', 'Dipteria'),
(476, 'A06.0', 'disentri amoeba'),
(477, 'A03.9', 'disentri basiler'),
(478, 'W64.9', 'diseruduk kerbau'),
(479, 'R13', 'Disfagia'),
(480, 'G93.9', 'disfungsi batang otak'),
(481, 'T14.3', 'Dislokasi'),
(482, 'S93.0', 'Dislokasi Ankle'),
(483, 'S43.0', 'Dislokasi bahu/humerus'),
(484, 'S53.1', 'dislokasi elbow/siku'),
(485, 'S73.0', 'Dislokasi HIP'),
(486, 'H27.1', 'Dislokasi lensa'),
(487, 'S83.1', 'dislokasi lutut'),
(488, 'S03.0', 'Dislokasi mandibula'),
(489, 'S33.2', 'Dislokasi panggul kiri'),
(490, 'S03.0', 'dislokasi TMJ'),
(491, 'S 03, 13, 23, 33, 43, 53 ', 'Dislokasi, terkilir, teregang YDT dan daerah badan multipel'),
(492, 'K 30', 'Dispepsia'),
(493, 'R14', 'distension abdomen'),
(494, 'O66.9', 'Distocia'),
(495, 'P22.9', 'Distress pernapasan bal'),
(496, 'J98.4', 'distroyed lung'),
(497, 'V03.1', 'ditabrak mobil dari belakang sedang jalan'),
(498, 'W34.0', 'ditembak'),
(499, 'Q43.0', 'diverticula meckel\'s'),
(500, 'E14.9', 'DM'),
(501, 'E14.5', 'DM gangren'),
(502, 'E10', 'DM Juvenil'),
(503, 'E14.2', 'DM nepropaty'),
(504, 'G81.9', 'doble hemiparese'),
(505, 'M 40 - M 44, M 54.6, .8, ', 'Dorsopati lainnya'),
(506, 'Q90.9', 'down syndrom'),
(507, 'B 72', 'Drakunkuliasis'),
(508, 'P03.6', 'drip normal bayi'),
(509, 'I62.1', 'Drip normal ibu'),
(510, 'T75.1', 'Drowning'),
(511, 'L27.0', 'drug eruption'),
(512, 'T43.3', 'drug induce halopridal'),
(513, 'F19.0', 'drug intoxication'),
(514, 'T88.7', 'drugindiced hepatitis'),
(515, 'N93.8', 'DUB'),
(516, 'K29.8', 'Duodenitis'),
(517, 'I82.9', 'DVT'),
(518, 'R49.0', 'dysphonia'),
(519, 'I49.9', 'dysrhytmia'),
(522, 'R60.1', 'edema anasorhe'),
(523, 'G93.6', 'edema cerebral'),
(524, 'H02.8', 'edema eyelid mata'),
(525, 'H47.1', 'edema papil'),
(526, 'J81', 'edema paru akut'),
(527, 'N90.8', 'edema vulva'),
(528, 'O 10 - O 13, O 16', 'Edema, proteinuria dan gangguan hipertensi dalam kehamilan, persalinan dan masa nifas'),
(529, 'S06.4', 'EDH ( epidural hematoma)'),
(530, 'H 83.3', 'Efek kebisingan telinga bagian dalam'),
(531, 'T 67', 'Efek panas dan pencahayaan'),
(532, 'T 66', 'Efek radiasi YTT'),
(533, 'Y 40 - Y 59', 'Efek samping pengguna obat, bahan obat dan bahan biologik'),
(534, 'T 33 - T 35, T 68 - T69', 'Efek sebab luar lainnya dan YTT pembedahan dan perawatan YTK di tempat lain'),
(535, 'T 70', 'Efek tekanan udara dan tekanan air'),
(536, 'T 51, T 53 -T 55 , T 57 -', 'Efek toksik bahan non medisinal lainnya'),
(537, 'J90', 'efusi pleura'),
(538, 'J 90 - J 91', 'Efusi pleura (empiema)'),
(539, 'B 67', 'Ekinokokosis'),
(540, 'O15.9', 'eklampsia'),
(541, 'O 15', 'Eklampsia'),
(542, 'Q24.8', 'Ektopic cordis'),
(543, 'T75.4', 'elektrik shook'),
(544, 'I 74', 'Emboli dan trombosis arteri'),
(545, 'I 26', 'Emboli paru'),
(546, 'R11', 'emesis'),
(547, 'J43.9', 'empisema paru'),
(548, 'J86.9', 'empyema'),
(549, 'G93.4', 'encepalopati'),
(550, 'J38', 'endocarditia'),
(551, 'N80.9', 'endometnosis'),
(552, 'N 80', 'Endometriosis'),
(553, 'N71.9', 'endometritis'),
(554, 'H44.0', 'endoptalmitis'),
(555, 'G04.9', 'ensefalitis'),
(556, 'A 83 - 86', 'Ensefalitis virus'),
(557, 'K72.9', 'ensepalopati hepatikum'),
(558, 'A09', 'enteritis'),
(559, 'K63.2', 'entrocular fistula'),
(560, 'Q64.1', 'entropia bulu-buli'),
(561, 'H02.1', 'entropien mata citaticial'),
(562, 'N45.9', 'epididmitis'),
(563, 'S06.4', 'epidoral hematoma'),
(564, 'R10', 'epigastro pain'),
(565, 'J05.1', 'epigglotitis'),
(566, 'G40.9', 'epilepsi'),
(567, 'G 40 - G 41', 'Epilepsi'),
(568, 'F 32 - F 39', 'Episoda depresif, gangguan depresifberulang, gangguan suasana perasaan (mood afektif) menetap, lainnya atau YTT'),
(569, 'F 30,F 31', 'Episode manik dan gangguan afektif bipolar'),
(570, 'R04.0', 'epitaxis'),
(571, 'K06.0', 'epulis'),
(572, 'A46', 'erisipelas'),
(573, 'L53.9', 'eritodemi'),
(574, 'L53.0', 'erythema toxica'),
(575, 'K20', 'esopagitis'),
(576, 'H50.0', 'esotrapia'),
(577, 'B05.2', 'exanthema subitum'),
(578, 'T14.0', 'excoriasis'),
(579, 'M89.9', 'exostosis'),
(580, 'Q75.6', 'exostusis multiple'),
(581, 'G25.9', 'exstra piramidal syndrom'),
(584, 'S02.2', 'faktur hidung/nasi'),
(585, 'J 02', 'Faringitis akut'),
(586, 'O 85', 'febris pueperalis'),
(587, 'P 20,1', 'fetal bayi'),
(588, 'O 33,9', 'fetal distress'),
(589, 'D 24', 'fibro adenoma mama (FAM)'),
(590, 'M 79,0', 'fibro myostis'),
(591, 'D 21,9', 'fibro sarcoma'),
(592, 'D 36,7', 'fibroma'),
(593, 'D 21,3', 'fibroma axilla'),
(594, 'D 16,2', 'fibroma femur'),
(595, 'D 36,7', 'fibroma jari/pipi'),
(596, 'D 21,0', 'fibroma kepala'),
(597, 'D 26,0', 'fibroma osteo'),
(598, 'M 79,0', 'fibromyalgia'),
(599, 'N 48,6', 'fibrosis corpora cavernosa'),
(600, 'B 74', 'Filariasis'),
(601, 'K 60,3', 'fistal perianal'),
(602, 'N 38,0', 'fistal perineum'),
(603, 'T 81,8', 'fistal post op'),
(604, 'K 63,2', 'fistel enterocutaneous'),
(605, 'Q 35,9', 'fistel palatum'),
(606, 'Q 18,1', 'fistel preauriculer'),
(607, 'K 63,2', 'fistula abdomen'),
(608, 'Q 42,2', 'fistula afresia ani'),
(609, 'J86.0', 'fistula dada'),
(610, 'Q 18,8', 'fistula medula'),
(611, 'Q 43,6', 'fistula rectum/kelainan'),
(612, 'N 36,0', 'fistula uretra'),
(613, 'L 98,4', 'fistula vesico cutanens'),
(614, 'H 61.8', 'Fistula/Kista preaurikel'),
(615, 'R 14', 'flatulence'),
(616, 'I 80 - I 82', 'Flebitis, tromboflebitis, emboli dan trombosis vena'),
(617, 'M 23,4', 'floating kuee'),
(618, 'N89.8', 'flour albus( keputihan)'),
(619, 'J 11,1', 'flu'),
(620, 'O 33,9', 'FPD'),
(621, 'S 32,4', 'fr acetabulus'),
(622, 'S 92,3', 'fr fedis'),
(623, 'S 32,5', 'fr remus inferlor/superlor, pubis'),
(624, 'S 02,4', 'fr zygoma'),
(625, 'S 32,2', 'Fr. Oxygeus'),
(626, 'S02.8', 'fraktur alveolis'),
(627, 'S 82,8', 'fraktur ankie'),
(628, 'S02.1', 'fraktur basis cranil/okipitalis'),
(629, 'S82.8', 'fraktur bimaleolar'),
(630, 'S92.0', 'fraktur calcaneus'),
(631, 'S12.9', 'fraktur cervical'),
(632, 'S42.0', 'fraktur clavicula'),
(633, 'S42.0.0', 'fraktur clavicula close'),
(634, 'S52.5', 'fraktur colles'),
(635, 'T14.2', 'fraktur comperesion'),
(636, 'S32.2', 'fraktur cosial/coxle'),
(637, 'S32.2.1', 'fraktur costal/coxle open'),
(638, 'S82.3', 'fraktur cruris distal'),
(639, 'S 52,0', 'fraktur elbow'),
(640, 'S72.9', 'fraktur femur'),
(641, 'S82.4', 'fraktur fibula'),
(642, 'S02.0', 'fraktur frontalis/pariental'),
(643, 'S42.3', 'fraktur humarius'),
(644, 'S42.3.1', 'fraktur humarius open'),
(645, 'S 12, S 22, S 32, T 08', 'Fraktur leher, toraks atau panggul'),
(646, 'S32.0', 'fraktur lumbar/l2'),
(647, 'S82.8', 'fraktur maleolus'),
(648, 'M84.0', 'fraktur maluncin'),
(649, 'S02.6', 'fraktur mandibula'),
(650, 'S 62,3', 'fraktur matacarpai'),
(651, 'S02.4', 'fraktur maxilla'),
(652, 'T 02', 'Fraktur meliputi daerah badan multipel'),
(653, 'S92.5', 'fraktur metatarual'),
(654, 'S52.0', 'fraktur montigia'),
(655, 'T02.9', 'fraktur multiple'),
(656, 'S52.0', 'fraktur okanon'),
(657, 'S32.5', 'fraktur os pubis'),
(658, 'S 72', 'Fraktur paha'),
(659, 'S82.0', 'fraktur patella /genu'),
(660, 'S32.8', 'fraktur pelvis'),
(661, 'S92.5', 'fraktur phalink'),
(662, 'S52.0', 'fraktur radius antebrichis'),
(663, 'S22.3', 'fraktur rib lga'),
(664, 'S42.1', 'fraktur scapula'),
(665, 'S52.5', 'fraktur sinithis'),
(666, 'S91.1', 'fraktur talus'),
(667, 'S02.1', 'fraktur temporal'),
(668, 'S 02', 'Fraktur tengkorak dan tulang muka'),
(669, 'S82.2', 'fraktur tibia'),
(670, 'S72.1', 'fraktur trocanta'),
(671, 'S 42, S 52, S 62, S 82S', 'Fraktur tulang anggota gerak lainnya'),
(672, 'S52.2', 'fraktur ulna'),
(673, 'Y 08', 'fraktur vetebrata'),
(674, 'S92.1', 'fraktur weber'),
(675, 'S62.8', 'fraktur wist'),
(676, 'R 50,9', 'fuo'),
(677, 'H 60,0', 'furunkel telinga'),
(680, 'N 17.8', 'Gagal ginjal akut akibat asam jengkol'),
(681, 'N 17.0-.2,.9-N19', 'Gagal ginjal lainnya'),
(682, 'I50.0', 'gagal jantung'),
(683, 'I 50', 'Gagal jantung'),
(684, 'J96.9', 'gagal napas'),
(685, 'R 09.2', 'Gagal napas'),
(686, 'N64.8', 'galactocele'),
(687, 'F 40, F 41', 'Gangguan anxietas fobik, gangguan anxietas lainnya'),
(688, 'H 43 - H 45', 'Gangguan badan kaca dan bola mata'),
(689, 'R48.0', 'gangguan belajar'),
(690, 'N 83', 'Gangguan bukan radang pada indung telur, saluran telur dan ligamentum latum'),
(691, 'N 95', 'Gangguan dalam masa menopause dan perime nopause lainnya'),
(692, 'H 90 - H 91', 'Gangguan daya dengar'),
(693, 'H 53', 'Gangguan daya lihat'),
(694, 'M 50 - M 51', 'Gangguan diskus servikal dan intervertebral lainnya'),
(695, 'F 44', 'Gangguan disosiatif [konversi]'),
(696, 'E15-35, E 58, E 63, E 65,', 'Gangguan endokrin, nutrisi dan metabolik lainnya'),
(697, 'X 50', 'Gangguan gerakanberulang-ulang dengan kekuatan berlebih'),
(698, 'N 91.3 - .5, N 92.2 - .6', 'Gangguan haid Lainnya'),
(699, 'I 44 - I 49', 'Gangguan hantaran dan aritmia jantung'),
(700, 'F 05 - F 06, F 90 - F 98', 'Gangguan hiperkinetik, perilaku, emosional atau fungsi sosial khas, gangguan \"tic\", dan gangguan mental dan emosional lainnya'),
(701, 'M 30 - M 31,M 33 - M 36', 'Gangguan jaringan ikat sistemik lainnya'),
(702, 'M 70', 'Gangguan jaringan lunak akibat yang berhubungandengan penggunaan tekanan berlebihan'),
(703, 'M 71 - M 79', 'Gangguan jaringan lunak lainnya'),
(704, 'F 99', 'Gangguan jiwa YTT'),
(705, 'E 07', 'Gangguan kelenjar tiroid lainnya'),
(706, 'F 60 - F 69', 'Gangguan kepribadian, gangguan kebiasaan dan impuls, gangguan identitas, gangguan prevensi seksual'),
(707, 'Y 96', 'Gangguan kesehatan yang berhubungan dengan'),
(708, 'H 30 - H 32', 'Gangguan koroid dan korioretina'),
(709, 'H 51', 'Gangguan lain gerakan mata binokular'),
(710, 'H 02 - H 03', 'Gangguan lain kelopak mata'),
(711, 'H 35 - H 36', 'Gangguan lain retina'),
(712, 'F 10', 'Gangguan mental dan perilaku akibat penggunaan Alkohol'),
(713, 'F 16', 'Gangguan mental dan perilaku akibat penggunaan Halosinogenika'),
(714, 'F 12', 'Gangguan mental dan perilaku akibat penggunaan Kanabinoida'),
(715, 'F 14', 'Gangguan mental dan perilaku akibat penggunaan Kokain'),
(716, 'F 11', 'Gangguan mental dan perilaku akibat penggunaan Opioida'),
(717, 'F 13', 'Gangguan mental dan perilaku akibat penggunaan Sedativa atau Hipnotika'),
(718, 'F 15', 'Gangguan mental dan perilaku akibat penggunaan Stimulansia'),
(719, 'F 17', 'Gangguan mental dan perilaku akibat penggunaan Tembakau'),
(720, 'F 18, F 19', 'Gangguan mental dan perilaku akibat zat pelarut yang mudah menguap atau zat multipel dan zat psikoaktif lainnya'),
(721, 'F 42', 'Gangguan obsesif - kompulsif'),
(722, 'N 60 - N 64', 'Gangguan pada payudara'),
(723, 'K 00  K 01', 'Gangguan perkembangan dan erupsi gigi termasuk impaksi'),
(724, 'F 80 - F 89', 'Gangguan perkembangan psikologis'),
(725, 'J 68', 'Gangguan pernapasan akibat menghirup zat kimia, gas, asap dan uap'),
(726, 'N 41 - N 42', 'Gangguan prostat lainnya'),
(727, 'F 28 - F 29', 'Gangguan psikotik nonorganik lainnya atau YTT'),
(728, 'H 52', 'Gangguan refraksi dan akomodasi'),
(729, 'P 22 - P 28', 'Gangguan saluran napas lainnya yang ber-hubungan dengan masa perinatal'),
(730, 'H 46 - H 48', 'Gangguan saraf optik dan saraf penglihatan'),
(731, 'G 50 - G 55, G 56.1, .4, ', 'Gangguan saraf, radiks dan pleksus saraf'),
(732, 'G 45', 'Gangguan serangan peredaran otak sepintas dan sindrom yang terkait'),
(733, 'N 82, N 84 - N 90, N 93- ', 'Gangguan sistem kemih kelamin lainnya'),
(734, 'H 04 - H 06', 'Gangguan sistem lakrimal dan orbita'),
(735, 'F 25', 'Gangguan skizoafektif'),
(736, 'F 43.1', 'Gangguan stress pasca trauma'),
(737, 'M 80 - M 85', 'Gangguan struktur dan densitas tulang'),
(738, 'E 00 - E 02', 'Gangguan tiroid berhubungan dengan defisiensiiodium'),
(739, 'F 22, F 24', 'Gangguan waham menetap dan induksi'),
(740, 'M07.4', 'ganglion'),
(741, 'K04.1', 'gangren pulpa( GP)'),
(742, 'R02', 'gangren radix (GR)'),
(743, 'R02', 'gangrene'),
(744, 'K31.9', 'gaster porforasi'),
(745, 'K25.9', 'gastri ulcer'),
(746, 'K29.7', 'gastritis'),
(747, 'K29.1', 'gastritis acut'),
(748, 'K29.2', 'gastritis alcoholik'),
(749, 'K29.6', 'gastritis alergi'),
(750, 'K29.4', 'gastritis chronik'),
(751, 'K 29', 'Gastritis dan duodenitis'),
(752, 'K29.9', 'gastro duodenitis'),
(753, 'Q79.3', 'gastro schizis'),
(754, 'O68.9', 'gawat janin'),
(755, 'G61.0', 'GBS'),
(756, 'A09', 'GE'),
(757, 'R 00 - R 01', 'Gejala pada jantung'),
(758, 'T 90 - T 98', 'Gejala sisa cedera, keracunan dan akibat lanjut sebab luar'),
(759, 'E 64', 'Gejala sisa malnutrisi dan defisiensi gizi lainnya'),
(760, 'R 02 - R 09.0, .1, .3, .8', 'Gejala, tanda dan penemuan klinik dan laboratorium tidak normal lainnya, YTK di tempat lain'),
(761, 'O30.0', 'gemeli'),
(762, 'N17.9', 'GGA'),
(763, 'N18.9', 'GGK/GNC'),
(764, 'K05.1', 'ginggivitis'),
(765, 'R10.1', 'gipastrik pain'),
(766, 'K06.8', 'glant cell femur'),
(767, 'Q15.0', 'glaucoma congenital'),
(768, 'H40.1', 'glaucoma kronik'),
(769, 'H40.5', 'glaucoma sekunder'),
(770, 'H 40 - H 42', 'Glaukoma'),
(771, 'H40.2', 'glaukoma acut'),
(772, 'N03.9', 'glomerulo nepritis kronis'),
(773, 'N00.9', 'GNA( gromeruloneprritis acut)'),
(774, 'N00', 'GNAPS ( glomerulonepritis acut post streptococos)'),
(775, 'B 26', 'Gondong'),
(776, 'M00.0', 'gonitis'),
(777, 'A54.9', 'gonorrhea'),
(778, 'M10.9', 'gout ( urat)'),
(779, 'M10.0', 'gout artritis'),
(780, 'Z35.4', 'grande multipara'),
(781, 'L92.9', 'granuloma'),
(782, 'J32.9', 'granuloma hidung'),
(783, 'H01.8', 'granuloma mata'),
(784, 'H71', 'granuloma telinga'),
(785, 'L92.3', 'granuloma umbilicus'),
(786, 'E05', 'grave\"s desease'),
(787, 'K06.0', 'gusi berdarah'),
(788, 'N62', 'gynecomastia'),
(789, 'Z01.4', 'gyneko ekologi'),
(792, 'M20.1', 'hallux valgus'),
(793, 'Q66.3', 'hallux valgus congenital'),
(794, 'O16', 'hamil + hipertensi'),
(795, 'O00.9', 'hamil ectopic'),
(796, 'O47.0', 'hamil kurang dari 37 mg'),
(797, 'O26.9', 'hamil muda'),
(798, 'O80.9', 'hamil normal'),
(799, 'O99.0', 'hamil+ anemia'),
(800, 'R 75', 'Hasil laboratorium positif HIV'),
(801, 'R51', 'headache'),
(802, 'T67.0', 'heat struke'),
(803, 'B 68 - 71, B 75, B 77 - B', 'Helmintiasis lain'),
(804, 'K43.9', 'hema insisionalis'),
(805, 'D18.0', 'hemangioma'),
(806, 'C49.3', 'hemangioma sarcoma'),
(807, 'R04.2', 'hemaptoe'),
(808, 'K92.0', 'hematemasis'),
(809, 'O21.1', 'hematematis graviderum'),
(810, 'P54.8', 'hemato bayi'),
(811, 'S27.1', 'hemato pnemo thorax'),
(812, 'S27.1', 'hemato traumatik'),
(813, 'B65.0', 'hematocyluria'),
(814, 'T14.0', 'hematoma'),
(815, 'S09.9', 'hematoma dahi kiri'),
(816, 'N90.8', 'hematoma labia'),
(817, 'S06.5', 'hematoma subdural'),
(818, 'N50.1', 'hematoma testis'),
(819, 'N89.8', 'hematoma vagina'),
(820, 'O71.7', 'hematoma vulva'),
(821, 'R16.0', 'hematomegali'),
(822, 'N35.7', 'hematometra'),
(823, 'R31', 'hematuria'),
(824, 'G81.9', 'hemiparesis'),
(825, 'D18.0/M9131/0', 'hemongioma capilary'),
(826, 'D66', 'hemopili'),
(827, 'H44.3', 'hemorage intra ocular'),
(828, 'P21.8', 'hemorage intra of newbron'),
(829, 'R58', 'HEMORHAGE'),
(830, 'H11.3', 'hemorhage conjupctiva'),
(831, 'I84.9', 'hemoroid'),
(832, 'I84.5', 'hemoroid external'),
(833, 'I34.2', 'hemoroid interna'),
(834, 'I 84', 'Hemoroid/Wasir'),
(835, 'N94.8', 'henmatocal'),
(836, 'D69.0', 'henoch schonlein purpura (HSP)'),
(837, 'K72.9', 'hepatik fallure'),
(838, 'K75.9', 'hepatitis'),
(839, 'B15.9', 'hepatitis A'),
(840, 'B 15', 'Hepatitis A akut'),
(841, 'K72.0', 'hepatitis acut'),
(842, 'B16.9', 'hepatitis B akut'),
(843, 'B 16', 'Hepatitis B akut'),
(844, 'B 17.1', 'Hepatitis C akut'),
(845, 'B17.1', 'hepatitis C cronis'),
(846, 'B 17.2', 'Hepatitis E akut'),
(847, 'B19.9', 'hepatitis fulminaat'),
(848, 'K73.9', 'hepatitis kronik'),
(849, 'K 73', 'Hepatitis kronik'),
(850, 'P59.2', 'hepatitis neunatal'),
(851, 'B19.9', 'hepatitis virus akut'),
(852, 'B16.9', 'hepatitis virus B'),
(853, 'B 17.0.8,B18 - B19', 'Hepatitis virus lainnya'),
(854, 'K76.7', 'hepato renal syndrom'),
(855, 'C22.0', 'hepatoma'),
(856, 'R16.2', 'hepatos plenomegali'),
(857, 'E79.0', 'heperurisemia'),
(858, 'I95.9', 'hepotensi'),
(859, 'Q66.0', 'hermoprodite'),
(860, 'K46.9', 'hernia'),
(861, 'K44.9', 'hernia eoigastric/ventral'),
(862, 'K43.9', 'hernia femoral'),
(863, 'K 40', 'Hernia inguinal'),
(864, 'K41.9', 'hernia insisional'),
(865, 'K 41 - K 46', 'Hernia lainnya'),
(866, 'K45.8', 'hernia medialis'),
(867, 'K42.9', 'hernia umbicollis'),
(868, 'B00.1', 'herpes facialis'),
(869, 'B00.9', 'herpes simpleks'),
(870, 'B02,9', 'herpes zooster'),
(871, 'K43.9', 'HHD'),
(872, 'R06.6', 'hiccup'),
(873, 'O 40', 'Hidramnion'),
(874, 'N43.3', 'hidrocelle'),
(875, 'N50.9', 'hidrocelle testis dextra'),
(876, 'G91.9', 'hidrocepalus'),
(877, 'Q03.0', 'hidrocepalus bayi'),
(878, 'N 43', 'Hidrokel dan spermatokel'),
(879, 'P01.3', 'hidrom neos bayi'),
(880, 'O40', 'hidromnios'),
(881, 'N13.3', 'hidroneorosis'),
(882, 'K60.9', 'hidrops'),
(883, 'Q 03', 'Hidrosefalus kongenital'),
(884, 'G93.4', 'HIE ( hipoxic ischemic ensialopaty)'),
(885, 'T66', 'hifopermia'),
(886, 'D18.1', 'higroma ( colli d Cystioa)'),
(887, 'K40.9', 'HIL /scrotalis/inguinalis'),
(888, 'P70.4', 'hipaglikemia bayi'),
(889, 'E88.0', 'hipalbumenimia'),
(890, 'H21.0', 'hipema'),
(891, 'S05.1', 'hipema traumatic'),
(892, 'P59.9', 'hiper billirubimania'),
(893, 'E78.0', 'hiper cholestrol'),
(894, 'I51.3', 'hiperactive exercise'),
(895, 'E78.0', 'hipercolestrolemia'),
(896, 'K04.0', 'hiperemia pulpa HP'),
(897, 'R73.9', 'hipergilikemia'),
(898, 'R50.9', 'hiperpirakia'),
(899, 'N 40', 'Hiperplasia prostat'),
(900, 'I67.4', 'hipertensi ensepalopaty'),
(901, 'I 10', 'Hipertensi esensial (primer)'),
(902, 'O 14', 'Hipertensi gestasional (akibat kehamilan)dengan proteinuria yang nyata/preeklamsia'),
(903, 'K 76.6', 'Hipertensi portal'),
(904, 'E05.9', 'hipertiroid'),
(905, 'L91.0', 'hipertrapi scar'),
(906, 'N40', 'hipertropiprostat'),
(907, 'K31.1', 'hipertropi pilory stenosis'),
(908, 'E16.2', 'hipoglikemia'),
(909, 'P 20 - P 21', 'Hipoksia intrauterus dan asfiksia lahir'),
(910, 'Q54.9', 'hipospadia'),
(911, 'Q54.4', 'hipospadia penoscrotal'),
(912, 'E03.9', 'hipotiroid'),
(913, 'E 03', 'Hipotiroidisme lain'),
(914, 'T79.4', 'hipovolamik syok'),
(915, 'P21.9', 'hipoxia bayi'),
(916, 'Q43.1', 'hischpruag'),
(917, 'F44.9', 'histeria'),
(918, 'B24', 'HIV'),
(919, 'I42.1', 'HOCM hipertensi oostruktif cardiomyopati'),
(920, 'C81.0', 'hodkin disease'),
(921, 'B08.4', 'hona,foot dan mouth disease ( HFMD)'),
(922, 'E14.0', 'HONK'),
(923, 'H00.0', 'hordeolum'),
(924, 'O72.1', 'HPP'),
(925, 'N92.0', 'hyper menorea'),
(926, 'E05.9', 'hyperthiroid'),
(929, 'S06.2', 'ICH multiple'),
(930, 'R17', 'icterus'),
(931, 'P59.9', 'icterus neonatorum'),
(932, 'I25.9', 'IHD'),
(933, 'K56.7', 'ileus'),
(934, 'K56.0', 'ileus paralitik'),
(935, 'K 56', 'Ileus paralitik dan obstruksi usus tanpa Hernia'),
(936, 'K56.6', 'ilius obstruktif'),
(937, 'I21.9', 'imark miokard'),
(938, 'Q52.3', 'Imperforata hymen (blum pernah hamil)'),
(939, 'L00', 'impetigo bulose'),
(940, 'F52.2', 'impotensi dini'),
(941, 'X25.0', 'impressi fr.os frontal'),
(942, 'Z 23. 2', 'Imunisasi BCG'),
(943, 'Z 24. 4', 'Imunisasi campak'),
(944, 'Z 23.0, .1, .3 - .4, .6 -', 'Imunisasi dan kemoterapi pencegahan lainnya'),
(945, 'Z 27. 1', 'Imunisasi gabungan DPT (Difteri, Pertusis, Tetanus)'),
(946, 'Z 24. 6', 'Imunisasi hepatitis virus'),
(947, 'Z 24. 0', 'Imunisasi poliomielitis'),
(948, 'Z 24. 2', 'Imunisasi rabies'),
(949, 'Z 23. 5', 'Imunisasi tetanus'),
(950, 'G 80', 'Infantil cerebral palsy'),
(951, 'I 21 - I 22', 'Infark miokard akut'),
(952, 'I 63', 'Infark serebral'),
(953, 'J40', 'infeksi bronohitis'),
(954, 'K04.7', 'infeksi gigi'),
(955, 'K01.1', 'infeksi gigi'),
(956, 'S54.9', 'infeksi gonocolle'),
(957, 'A 54', 'Infeksi gonokok'),
(958, 'B 00', 'Infeksi herpesvirus (Herpes simpleks)'),
(959, 'P 38 - P 39', 'Infeksi khusus lainnya pada masa perinatal'),
(960, 'A 70', 'Infeksi Klamedia'),
(961, 'L 00 - L 08', 'Infeksi kulit dan jaringan subkutan'),
(962, 'A 57 - A 64', 'Infeksi lainnya yang terutama ditularkan melalui hubungan seksual'),
(963, 'T81.4', 'infeksi luka oprasi (ILO)'),
(964, 'A 39', 'Infeksi meningokok'),
(965, 'A39.9', 'infeksi meninokok'),
(966, 'P39.9', 'infeksi neunatal'),
(967, 'P39.9', 'infeksi neunatrium'),
(968, 'O86.4', 'infeksi puerferalis'),
(969, 'N11.9', 'infeksi renal chronis'),
(970, 'J 00 - J 01 J 05 - J 06', 'Infeksi saluran napas bagian atas akut lainnya'),
(971, 'B 66', 'Infeksi trematoda lainnya'),
(972, 'R38', 'infeksi umbilicus'),
(973, 'N97.9', 'infertality'),
(974, 'N 97', 'Infertilitas perempuan'),
(975, 'K11.9', 'infiltrat parotis'),
(976, 'J 10 - J 11', 'Influensa'),
(977, 'T14.9', 'injury'),
(978, 'R19.8/Z33', 'inpartu'),
(979, 'T14.0', 'insect bite'),
(980, 'T63.4', 'insect bite'),
(981, 'G47.0', 'insomnia'),
(982, 'N18.9', 'insufisiensi renal GGK'),
(983, 'G93.9', 'inta cerebral bleding'),
(984, 'A05.9', 'intake makanan'),
(985, 'J84.9', 'interstitial lung oedema'),
(986, 'K08.9', 'interusi gigi'),
(987, 'T39.1', 'intocikasi bodrex'),
(988, 'K90.4', 'intolorance food'),
(989, 'T60.9/X48.0', 'intosikasi racun serangga'),
(990, 'T14.7/X44.0', 'intosikasi susu'),
(991, 'T88.7', 'intosikesi'),
(992, 'F15.0', 'intoxcisasi CTM'),
(993, 'T62.0/X49.0', 'intoxcisasi jamur'),
(994, 'T60.9/X68.9', 'intoxicasi bayigon'),
(995, 'T52.0/X66.0', 'intoxicasi bensin'),
(996, 'T55/X69.0', 'intoxicasi deterjen'),
(997, 'T52.0/X46.0', 'intoxicasi kerosin'),
(998, 'F10.0', 'intoxicasi obat'),
(999, 'T60.4', 'intoxicasi racun tikus'),
(1000, 'D75.9', 'intra cranial bleeding'),
(1001, 'I62.2', 'intra cranial bleeding non traumatik'),
(1002, 'S06.3', 'intra cranial bleeding traumatik'),
(1003, 'K56.1', 'invaginasi'),
(1004, 'N85.5', 'inversio uteri'),
(1005, 'O71.2', 'inversio uteri post fartum'),
(1006, 'C76.0', 'inverte papiloma cav.nasi'),
(1007, 'L01.0', 'invertigo'),
(1008, 'H 20 - H 22', 'Iridosiklitis dan gangguan lain iris dan badan silier'),
(1009, 'K04.9', 'iritasi pulpa'),
(1010, 'I99', 'ischemik'),
(1011, 'M54.3', 'ischialgia'),
(1012, 'N39.0', 'ISK'),
(1013, 'J06.9', 'ISPA'),
(1014, 'D69.3', 'ITP'),
(1015, 'Z30.5', 'IUD'),
(1016, 'O36.4', 'IUFD ( KJDR)'),
(1017, 'P95', 'IUFD ( KJDR)bayi'),
(1018, 'KODE', 'J'),
(1019, 'V03.4', 'jalan kaki ditabrak mobil'),
(1020, 'V01.9', 'jalan kaki ditabrak motor'),
(1021, 'P 00 - P 04', 'Janin dan bayi baru lahir yang dipengaruhi oleh faktor dan penyulit kehamilan persalinan dan kelahiran'),
(1022, 'I25.9', 'jantung kroner'),
(1023, 'I09.0', 'jantung rematik'),
(1024, 'W19.0', 'jatuh'),
(1025, 'W 00 - W 19', 'Jatuh'),
(1026, 'V38.1', 'jatuh dari cidomo'),
(1027, 'W18.0', 'jatuh dari kamar mandi'),
(1028, 'W07.0', 'jatuh dari korsi'),
(1029, 'V48.6', 'jatuh dari mobil di jalan raya'),
(1030, 'V28.9', 'jatuh dari motor'),
(1031, 'W14.0', 'jatuh dari pohon'),
(1032, 'W13.0', 'jatuh dari rumah /bangunan'),
(1033, 'V18.9', 'jatuh dari sepeda'),
(1034, 'W11.0', 'jatuh dari tangga'),
(1035, 'W06.0', 'jatuh dari tempat tidur'),
(1036, 'V58.0', 'jatuh dari truck'),
(1037, 'W01.0', 'jatuh dibawah'),
(1038, 'W51.2', 'jatuh disekolah sox ditabrak teman'),
(1039, 'W17.0', 'jatuh kesumur'),
(1040, 'V48.6', 'jatuh terguling dari mobil'),
(1041, 'E14,0', 'KAD (koma asidosis diabetic)'),
(1042, 'V38,1', 'kaki masuk jeruji motor'),
(1043, 'O63,0', 'kala I'),
(1044, 'O63,1', 'Kala II'),
(1045, 'I 42 - I 43', 'Kardiomiopati'),
(1046, 'K 02', 'Karies gigi'),
(1047, 'K02,9', 'karies propunda'),
(1048, 'D 04', 'Karsinoma in situ kulit'),
(1049, 'D 00 - D 03 D 07 - D 09', 'Karsinoma in situ lainnya'),
(1050, 'D 05', 'Karsinoma in situ payudara'),
(1051, 'D 06', 'Karsinoma in situ serviks uterus'),
(1052, 'H 25 - H 28', 'Katarak dan gangguan lain lensa'),
(1053, 'Z30,9', 'KB suntik'),
(1054, 'E41', 'KCCL'),
(1055, 'Z 21', 'Keadaan infeksi HIV asimtomatik'),
(1056, 'X09,0', 'kebekeran rumah'),
(1057, 'V 90 - V 94', 'Kecelakaan angkutan air'),
(1058, 'V 01 - V 89', 'Kecelakaan angkutan darat'),
(1059, 'V 98 -V 99', 'Kecelakaan angkutan lain'),
(1060, 'V 95 - V 97', 'Kecelakaan angkutan udara dan ruang angkasa'),
(1061, 'X 40 - X 44', 'Kecelakaan keracunan dan terdedah oleh bahan beracun lainnya'),
(1062, 'W 65 - W 74', 'Kecelakaan tenggelam dan terbenam'),
(1063, 'K83,0', 'kedangnitis'),
(1064, 'O00,0', 'kehamilan abdominal'),
(1065, 'O 00', 'Kehamilan ektopik'),
(1066, 'O 02, O 06 - O 08', 'Kehamilan lain yang berakhir dengan abortus'),
(1067, 'O48', 'kehamilan lewat waktu'),
(1068, 'O 48', 'Kehamilan lewat waktu'),
(1069, 'O 30', 'Kehamilan multipel'),
(1070, 'R56,8', 'kejang'),
(1071, 'R56,0', 'kejang demam'),
(1072, 'R 56', 'Kejang YTT'),
(1073, 'W20', 'kejatuhan benda'),
(1074, 'K 07  K 08', 'Kelainan dentofasial termasuk maloklusi'),
(1075, 'Q 91 - Q 99', 'Kelainan kromosom YTK ditempat lain'),
(1076, 'M 22 - M 25', 'Kelainan sendi lainnya'),
(1077, 'L91,0', 'keloid'),
(1078, 'W44,0', 'kemasukan biji di telingga'),
(1079, 'O84', 'Kembar siam'),
(1080, 'R14', 'kembung'),
(1081, 'X11,0', 'kena air panas'),
(1082, 'E25,0', 'kena gelas/kaca'),
(1083, 'W 27', 'kena jarum'),
(1084, 'W27', 'kena kapak'),
(1085, 'W22,0', 'kena kawat/besi'),
(1086, 'W21', 'kena kayu'),
(1087, 'W20,0', 'kena lempar buku'),
(1088, 'W31', 'kena mesin giling'),
(1089, 'X10', 'kena minyak panas'),
(1090, 'W22,0', 'kena paku'),
(1091, 'W20,8', 'kena pancing'),
(1092, 'W29,0', 'kena peluru nyasar'),
(1093, 'W26,0', 'kena pisau/pedang'),
(1094, 'X58', 'kena ranting pohon'),
(1095, 'W 34,0', 'kena tembak'),
(1096, 'E46', 'KEP'),
(1097, 'X 45', 'Keracunan akibat pemaparan alkohol'),
(1098, 'X 49', 'Keracunan akibat pemaparan bahan beracun berbahaya lainnya'),
(1099, 'X 47', 'Keracunan akibat pemaparan gas-gas & uap-uap lainnya'),
(1100, 'X 46', 'Keracunan akibat pemaparan pelarut organik & hidrokarbon serta uapnya'),
(1101, 'X 48', 'Keracunan akibat pemaparan pestisida'),
(1102, 'T 59', 'Keracunan gas, asap dan uap lain'),
(1103, 'T 56', 'Keracunan logam'),
(1104, 'T 36 - T 50', 'Keracunan obat dan preparat biologik'),
(1105, 'T 52', 'Keracunan pelarut organik'),
(1106, 'T 60', 'Keracunan pestisida'),
(1107, 'H16,9', 'Keratitis'),
(1108, 'H 15 - H 19', 'Keratitis dan gangguan lain sklera dan kornea'),
(1109, 'H20,9', 'kerato uvcitis'),
(1110, 'P57,9', 'kern icterus'),
(1111, 'Y 60 - Y 84', 'Kesalahan pada pasien selama perawatan medis non bedah'),
(1112, 'W87,0', 'kestrum'),
(1113, 'O00,1', 'KET'),
(1114, 'O 42', 'Ketuban pecah dini'),
(1115, 'Z 41.2', 'Khitanan menurut agama dan adat kebiasaan'),
(1116, 'T88,1', 'KIPI (komplikasi ikutan pasca imuisasi)'),
(1117, 'Q89,8', 'kista cengenital'),
(1118, 'N 75.0.1', 'Kista dan abses kelenjar Bartholin'),
(1119, 'K66,8', 'kista mesenterial'),
(1120, 'H05,8', 'kista orbit'),
(1121, 'N83,2', 'kista ovarli (beraslin)'),
(1122, 'Q50,5', 'kista parovarium'),
(1123, 'K04,8', 'kista radicular'),
(1124, 'K 09  K 10', 'Kista rongga mulut dan penyakit pada rahang'),
(1125, 'C44,5', 'kista umbilicoli'),
(1126, 'D27', 'kistoma ovaril'),
(1127, 'V29,9', 'KLL'),
(1128, 'K 80', 'Kolelitiasis'),
(1129, 'A60,9', 'kolera'),
(1130, 'A 00', 'Kolera'),
(1131, 'K 81', 'Kolesistitis'),
(1132, 'K 72', 'Koma hepatikum dan hepatitis fulminan'),
(1133, 'X02,0', 'kompor meledak /kena api kompor'),
(1134, 'G93,5', 'kompressi medulla'),
(1135, 'D 65  D 69, D 71 - D 73,', 'Kondisi hemoragik dan penyakit darah dan organ pembuat darah lainnya'),
(1136, 'P 08, P 29, P 50 - P 54 P', 'Kondisi lain yang bermula pada masa Perinatal'),
(1137, 'H 10 - H 13', 'Konjungtivitis dan gangguan lain konjungtiva'),
(1138, 'J24,8', 'konka hipertrofi'),
(1139, 'X 10 - X 19', 'Kontak dengan bahan panas'),
(1140, 'X 20 - X 29', 'Kontak dengan binatang & tumbuhan beracun'),
(1141, 'M20,0', 'kontraktur jari'),
(1142, 'A16,9', 'KP'),
(1143, 'A16,2', 'KP lama'),
(1144, 'O42,9', 'KPD'),
(1145, 'E40', 'kwarsiakor'),
(1146, 'Q36.9', 'labio genato suzies'),
(1147, 'Q51.0', 'labio mayora'),
(1148, 'Q35.9', 'labio palato baizies'),
(1149, 'S31.8', 'lacerasi anus'),
(1150, 'S05.2', 'lacerasi eye/cornea tampaprolapsa'),
(1151, 'S31.4', 'lacerasi vulva'),
(1152, 'T14.1', 'laceratum'),
(1153, 'H02.2', 'lagophitalmoes'),
(1154, 'P 95', 'Lahir mati'),
(1155, 'Q31.0', 'laringeal web'),
(1156, 'J04.0', 'laringitis akut'),
(1157, 'J37.0', 'laringitis cronik'),
(1158, 'J 04', 'Laringitis dan trakeitis akut'),
(1159, 'J38.0', 'laringo malacea/plagin'),
(1160, 'J36.0', 'laringo paringitis acut'),
(1161, 'S05.3', 'lecerasi cerebri'),
(1162, 'W36.0', 'ledakan tabung gas'),
(1163, 'S06.2', 'left heard failure LHF'),
(1164, 'D 25', 'Leiomioma uterus'),
(1165, 'A 30', 'Lepra/Kusta'),
(1166, 'G 56.3', 'Lesi saraf radialis'),
(1167, 'G 56.2', 'Lesi saraf ulnaris'),
(1168, 'B 55', 'Lesmaniasis'),
(1169, 'P01.7', 'letak lintang anak'),
(1170, 'O32.2', 'letak lintang ibu'),
(1171, 'P03.1', 'letak lintang kasep anak'),
(1172, 'O64.1', 'letak lintang kasiep ibu'),
(1173, 'O32.3', 'Letak muka'),
(1174, 'O32.1', 'letak sunsang ( ibu)'),
(1175, 'P01.7', 'letak sunsang anak'),
(1176, 'H17.8', 'leucoma cornea'),
(1177, 'C 91 - C 95', 'Leukemia'),
(1178, 'C95.0', 'leukemia acut'),
(1179, 'H18.9', 'leukemia comea'),
(1180, 'AO6.4', 'lever ambic abses'),
(1181, 'A06.1', 'lever amebic abses'),
(1182, 'M35.9', 'leymyosarcoma'),
(1183, 'A 18.2', 'Limfadenitis tuberkulosa'),
(1184, 'C 82 - C 85', 'Limfoma non Hodgkin'),
(1185, 'C85.9', 'limpoma no hodgkins'),
(1186, 'C85.9', 'limpomamalignah'),
(1187, 'I50.1', 'lipoma'),
(1188, 'D17.9', 'lipoma neohal'),
(1189, 'C85.9', 'lipoma retraurculer'),
(1190, 'K76.9', 'liver cronic'),
(1191, 'K76.9', 'liver cronis disease'),
(1192, 'K12.2', 'lodwing angina'),
(1193, 'M23.4', 'loose body patela (knee)'),
(1194, 'T 20 - T 32', 'Luka bakar dan korosi'),
(1195, 'T79.3', 'luka empeksi'),
(1196, 'M54.5', 'lumbago ( LBP) /low back pain'),
(1197, 'M32.9', 'lupa CNS'),
(1198, 'M 32', 'Lupus eritemateus sistemik'),
(1199, 'I51.7', 'LVH cardiomegali'),
(1200, 'I88.9', 'lympadenitis'),
(1201, 'C85.0', 'lympadenopaty'),
(1202, 'R59.1', 'lympadenpaty sup mandibula'),
(1203, 'Q89.2', 'lympadepaty colli'),
(1204, 'D18.1', 'lympengioma'),
(1205, 'D17.9', 'lympo sarcoma'),
(1209, 'Q18.4', 'macrostamia'),
(1210, 'K07.4', 'mal oclussion'),
(1211, 'B 50 - B 54', 'Malaria (Included all malaria)'),
(1212, 'B50.0+', 'malaria cerebral'),
(1213, 'B54', 'malaria cerebral klinis /demam'),
(1214, 'B50.9', 'malaria falciferum/tropical/algida'),
(1215, 'B53.0', 'malaria ovaie'),
(1216, 'B52.9', 'malaria quartana'),
(1217, 'B51.9', 'malaria vivak /tertiana'),
(1218, 'Q 67 - Q 79', 'Malformasi dan deformasi kongenital sistem muskuloskeletal lain'),
(1219, 'Q 54 - Q 56', 'Malformasi kongenital alat kelamin laki'),
(1220, 'Q 50 - Q 52', 'Malformasi kongenital alat kelamin wanita'),
(1221, 'Q 10 - Q 18, Q 30 - Q 34,', 'Malformasi kongenital lainnya'),
(1222, 'Q 38 - Q 40,Q 42 - Q 45', 'Malformasi kongenital sistem cerna lainnya'),
(1223, 'Q 60 - Q 64', 'Malformasi kongenital sistem kemih lainnya'),
(1224, 'Q 20 - Q 28', 'Malformasi kongenital sistem peredaran darah'),
(1225, 'Q 00 - Q 02 Q 04, Q 06, Q', 'Malformasi kongenital susunan saraf lain'),
(1226, 'C76.5', 'malignancy lutut'),
(1227, 'E46', 'malnutrisi'),
(1228, 'E 40 - E 46', 'Malnutrisi'),
(1229, 'Q43.3', 'malrotasi'),
(1230, 'M84.0', 'malunion'),
(1231, 'Q83.8', 'mama alberant'),
(1232, 'E41', 'marasmus'),
(1233, 'E42', 'marasmus kwarsi'),
(1234, 'N60.9', 'marnae diplasia'),
(1235, 'K63.8', 'massa colon'),
(1236, 'N61', 'mastititis abses'),
(1237, 'H70.9', 'mastoiditis'),
(1238, 'N64.9', 'mastopati'),
(1239, 'W57', 'masuk lintah'),
(1240, 'C71.6', 'medulo blastoma'),
(1241, 'K59.3', 'mega colon'),
(1242, 'Q43.1', 'mega colon congenital'),
(1243, 'Q43.1', 'megacolon congenital'),
(1244, 'Q82.0', 'meiges syndrom'),
(1245, 'C 43', 'Melanoma ganas kulit'),
(1246, 'P54.1', 'melena bayi'),
(1247, 'K92.1', 'melena dewasa'),
(1248, 'C43.9', 'melenoma malignen'),
(1249, 'K22.6', 'mellery weis syndrom'),
(1250, 'W22', 'menabrak dinding'),
(1251, 'V47', 'menabrak pohon'),
(1252, 'W44.0', 'menelan uang logam'),
(1253, 'G03.9', 'menengitis'),
(1254, 'A17.0', 'meningitis TBC'),
(1255, 'A 17.0', 'Meningitis tuberkulosa'),
(1256, 'G04.9', 'meningo ensafalitis'),
(1257, 'Q01.9', 'meningo ensefalocelle'),
(1258, 'A17.8+ G05.0*', 'meningo gasepalitis TB'),
(1259, 'Q05.9', 'meningocelle'),
(1260, 'N92.1', 'menometroragia'),
(1261, 'N95.1', 'menopause'),
(1262, 'N92.0', 'menoraghia'),
(1263, 'N 92.0, .1', 'Menoragi atau metroragi'),
(1264, 'N92.6', 'menstruasi'),
(1265, 'F79', 'mental retardation'),
(1266, 'Z39.0', 'menunggu bayi'),
(1267, 'C 45', 'Mesotelioma'),
(1268, 'D 74', 'Metahaemoglobinema'),
(1269, 'C81', 'metastase glutea CA'),
(1270, 'C71.9', 'metastase intra cranial'),
(1271, 'R14', 'meteorismus ( perut kembung)'),
(1272, 'Q55.8', 'micro urethra conginital'),
(1273, 'Q02', 'microcepally'),
(1274, 'G43.9', 'migren'),
(1275, 'G 43 - G 44', 'Migren dan sindrom nyeri kepala lainnya'),
(1276, 'B 35 - B 49', 'Mikosis'),
(1277, 'G00.9', 'miningitis prulent /bacterial'),
(1278, 'M 60  M 64, \'M 66  M 68', 'Miopati dan reumatisme'),
(1279, 'O02.1', 'mised abortion/dead concytens'),
(1280, 'K00.0', 'missing teeth'),
(1281, 'I05.9', 'mitra valve prolapa'),
(1282, 'I34.0', 'mitral insufiensi'),
(1283, 'I05.0', 'mitral stenosis'),
(1284, 'J18.9', 'mnemonia berat'),
(1285, 'O 01', 'Mola hidatidosa'),
(1286, 'O01.9', 'mola hidatodosa'),
(1287, 'B08.1', 'moluscum contagiosum'),
(1288, 'H03.1', 'moluscum contagiosum mata'),
(1289, 'B37.9', 'monoliasis'),
(1290, 'P37.5', 'monoliasis bayi'),
(1291, 'G 56.8', 'Mononeuropati anggota tubuh bagian atas lainnya'),
(1292, 'G83.1', 'monoparase extrimitas'),
(1293, 'B05.9', 'morbili'),
(1294, 'A30.9', 'morbus harsan fieaksi'),
(1295, 'T75.3', 'motion sicknese'),
(1296, 'I34.0', 'MR ( mitral regorgitasi)'),
(1297, 'G57.7', 'mulitple cranial palsy'),
(1298, 'Z64.1', 'multipara'),
(1299, 'G93.9', 'multiple cerebri'),
(1300, 'Q89.9', 'multiple conginital anomaly'),
(1301, 'T06.4', 'multiple contusio muscolorum'),
(1302, 'Q78.6', 'multiple exostosis'),
(1303, 'D21.2', 'multiple fibroma colorsum'),
(1304, 'H00.0', 'multiple hordeulum'),
(1305, 'C97', 'multiple polip senile'),
(1306, 'M79.1', 'myalgia'),
(1307, 'G70.0', 'myastenia gravis'),
(1308, 'P94.0', 'myastenia gravis bayi'),
(1309, 'B49', 'mycosis mycotic'),
(1310, 'N12', 'myelenopritis'),
(1311, 'G04.9', 'myelitis'),
(1312, 'D47.1', 'myelofibrosis'),
(1313, 'I40.0', 'myocardial infection MCI'),
(1314, 'I51.4', 'myocarditis'),
(1315, 'D25.9', 'myoma uteri'),
(1316, 'H52.1', 'myopia'),
(1317, 'C42.9', 'myosercoma betis kiri'),
(1318, 'M60.9', 'myositis'),
(1319, 'KODE', 'N'),
(1320, 'Q82.5', 'naevus pigmentasi'),
(1321, 'T87.5', 'necrasis palax /brachl'),
(1322, 'R02', 'necrosis'),
(1323, 'N 12', 'Nefritis tubulo - interstitial, tidak ditentukan akut atau kronik/pielonefritis'),
(1324, 'N 14.3', 'Nefropati disebabkan oleh logamlogam berat'),
(1325, 'N 02.8', 'Nefropati Imunoglobulin A (Ig A)'),
(1326, 'C 30, C 31, C 37 - C 38.0', 'Neoplasma ganassistem napas dan alatrongga dada lainnya'),
(1327, 'C 51 - C 52, C 57', 'Neoplasma ganas alat kelaminperempuan lainnya'),
(1328, 'C 63', 'Neoplasma ganas alat kelamin pria lainnya'),
(1329, 'C 66, C 68', 'Neoplasma ganas alat kemih lainnya'),
(1330, 'C 70, C 72', 'Neoplasma ganas bagian susunan saraf pusat'),
(1331, 'C 55', 'Neoplasma ganas bagian uterus lainnya dan YTT'),
(1332, 'C 00 - C 10', 'Neoplasma ganas bibir, rongga mulut,kelenjar liur, faring, tonsil'),
(1333, 'C 12 - C 14', 'Neoplasma ganas bibir, rongga mulut, faring, lainnya & YTT'),
(1334, 'C 34', 'Neoplasma ganas bronkus dan paru');
INSERT INTO `tbl_diagnosa_icd10` (`id_diagnosa`, `code`, `diagnosa`) VALUES
(1335, 'C 19 - C 21', 'Neoplasma ganas daerahrektosigmoid, rektum dan anus'),
(1336, 'C 15', 'Neoplasma ganas esofagus'),
(1337, 'C 64 - C 65', 'Neoplasma ganas ginjal, pelvis ginjal'),
(1338, 'C 22', 'Neoplasma ganas hati dan saluran empedu intrahepatik'),
(1339, 'C 46 - C 49', 'Neoplasma ganas jaringan ikat & jaringan lunak'),
(1340, 'C 67', 'Neoplasma ganas kandung kemih (buli-buli)'),
(1341, 'C 74 - C 75', 'Neoplasma ganas kelenjar endokrin lain dan struktur terkait'),
(1342, 'C 73', 'Neoplasma ganas kelenjar tiroid'),
(1343, 'C 18', 'Neoplasma ganas kolon'),
(1344, 'C 54', 'Neoplasma ganas korpus uteri'),
(1345, 'C 44', 'Neoplasma ganas kulit lainnya'),
(1346, 'C 88-C 90, C 96', 'Neoplasma ganas lain dari limfoid, hematopoetik dan jaringan terkait lainnya'),
(1347, 'C 16', 'Neoplasma ganas lambung'),
(1348, 'C 32', 'Neoplasma ganas laring'),
(1349, 'C 69', 'Neoplasma ganas mata danadneksa'),
(1350, 'C 38.1-.8', 'Neoplasma ganas mediastinum'),
(1351, 'C 11', 'Neoplasma ganas nasofaring'),
(1352, 'C 71', 'Neoplasma ganas otak'),
(1353, 'C 56', 'Neoplasma ganas ovarium (indung telur)'),
(1354, 'C 25', 'Neoplasma ganas pankreas'),
(1355, 'C 50', 'Neoplasma ganas payudara'),
(1356, 'C 60', 'Neoplasma ganas penis'),
(1357, 'C 58', 'Neoplasma ganas plasenta (uri)'),
(1358, 'C 97', 'Neoplasma ganas primer tempat multipel'),
(1359, 'C 61', 'Neoplasma ganas prostat'),
(1360, 'C 77 - C 80', 'Neoplasma ganas sekunder dan neoplasma ganas kelenjar getah bening YTT'),
(1361, 'C 53', 'Neoplasma ganas serviks uterus'),
(1362, 'C 76', 'Neoplasma ganas tempat lain dan yang tidak jelas batasannya'),
(1363, 'C 62', 'Neoplasma ganas testis'),
(1364, 'C 33', 'Neoplasma ganas trakea'),
(1365, 'C 40 - C 41', 'Neoplasma ganas tulang dan tulang rawan sendi'),
(1366, 'C 17, C 23 - C 24,C 26', 'Neoplasma ganas usus halus dan alat cerna lainnya'),
(1367, 'D 30', 'Neoplasma jinak alat kemih'),
(1368, 'D 22 - D 23', 'Neoplasma jinak kulit'),
(1369, 'D 10 - D12.0-.5,.7-.9, D1', 'Neoplasma jinak lainnya'),
(1370, 'D 15.2', 'Neoplasma jinak mediastinum'),
(1371, 'D 33', 'Neoplasma jinak otak dan susunan saraf pusat lainnya'),
(1372, 'D 27', 'Neoplasma jinak ovarium (indung telur)'),
(1373, 'D 24', 'Neoplasma jinak payudara'),
(1374, 'D 14.1 - .4', 'Neoplasma jinak sistem napas lainnya'),
(1375, 'D 37 - D 48', 'Neoplasma yang tak menentu perangainya dan yang tak diketahui sifatnya'),
(1376, 'N29.8', 'nephro calcinosis'),
(1377, 'N04.8', 'nepratio sindrom'),
(1378, 'N05', 'nepritis'),
(1379, 'N20.0', 'neprolitiasis'),
(1380, 'E14.2+N08.3*', 'nepropati diabetik'),
(1381, 'M79.2', 'neuralgia'),
(1382, 'F48.0', 'neurastania'),
(1383, 'H46', 'neuritis optic'),
(1384, 'H46', 'neuritis retro bulbar'),
(1385, 'H30.9', 'neuro chorioretiasis'),
(1386, 'Q85.0', 'neuro fibromatosis'),
(1387, 'D70', 'neuro panic'),
(1388, 'G58.9', 'neuropaty'),
(1389, 'K56.7', 'neus post histerectomy'),
(1390, 'L85.9', 'NHL'),
(1391, 'I64', 'NHS ( non hemorage stroke)'),
(1392, 'H 55', 'Nistagmus & pergerakan mata yang tidak teratur lainnya'),
(1393, 'A69.0', 'noma'),
(1394, 'M84.1', 'non union fraktur'),
(1395, 'R07.4', 'nyeri dada'),
(1396, 'R 10', 'Nyeri perut dan panggul'),
(1397, 'M54.5', 'nyeri pinggang'),
(1398, 'M 54.5', 'Nyeri punggung bawah'),
(1399, 'KODE', 'O'),
(1400, 'E 66', 'Obesitas'),
(1401, 'E66.9', 'obesitas /overweleh'),
(1402, 'R50.9', 'OBS febris'),
(1403, 'K59.0', 'obstipasi'),
(1404, 'P03.1', 'obstruksi anus ( akut bawan bayi)'),
(1405, 'J34.8', 'obstruksi nasi'),
(1406, 'K11.8', 'obstruksi parsial'),
(1407, 'N13.1', 'obstruksi uropati'),
(1408, 'P76.9', 'obstruksi usus'),
(1409, 'K87', 'obstruktif sundice'),
(1410, 'H34.1', 'oclosio arteri retina sentral'),
(1411, 'I25.2', 'old myocard infaction ( OMI)'),
(1412, 'O41.0', 'oligohidramnion'),
(1413, 'H66.9', 'OMP'),
(1414, 'P38', 'ompalitis'),
(1415, 'Q79.2', 'ompalocelle'),
(1416, 'B 73', 'Onkosersiasis'),
(1417, 'S 82,2,1', 'open fr cruris'),
(1418, 'S31.8', 'open wound prut'),
(1419, 'S31.1', 'open wourd abdomen wall'),
(1420, 'S81.0', 'open wourd knee'),
(1421, 'S71.1', 'open wourd tigh paha'),
(1422, 'H49.9', 'opthalmopalgia'),
(1423, 'B46', 'oral trush'),
(1424, 'Z 20, Z 22', 'Orang lain dengan risiko gangguan kesehatan yang berkaitan dengan penyakit menular'),
(1425, 'Z 00.2 - Z 13', 'Orang yang mendapatkan pelayanan kesehatan untuk pemeriksaan khusus dan investigasi lainnya'),
(1426, 'Z 40 - Z41.0, .1, .3 - Z ', 'Orang yang mengunjungi pelayanan kesehatan untuk tindakan perawatan khusus lainnya'),
(1427, 'H05.0', 'orbital celluitis'),
(1428, 'N46.9', 'orchitis'),
(1429, 'C40.1', 'osteo sarcoma dari'),
(1430, 'C49.2', 'osteo sarcoma femur'),
(1431, 'C40.2', 'osteo sarcoma lutut'),
(1432, 'M19.9', 'osteoartritis'),
(1433, 'M 86', 'Osteomielitis'),
(1434, 'M86.9', 'osteomyolitis'),
(1435, 'M87.9', 'osteonecrosis'),
(1436, 'H66.9', 'otitis'),
(1437, 'H 65 - H 75', 'Otitis media dan gangguanmastoid dantelinga tengah'),
(1438, 'T50.9', 'over dosis'),
(1443, 'K38.1', 'PAI'),
(1444, 'R10.4', 'pain abdominal'),
(1445, 'O44.0', 'palacenta previa ( jalan keluar bayi tertutup placenta)'),
(1446, 'Q35.9', 'palato sciziz'),
(1447, 'R00.2', 'palpitasi'),
(1448, 'G80.9', 'palsy cerebral'),
(1449, 'K86.8', 'pancereas anular'),
(1450, 'K85', 'pancreatitis acut'),
(1451, 'D61.9', 'pancytopenia'),
(1452, 'F41.0', 'panic diserdes'),
(1453, 'K 85 - K 86', 'Pankreatitis akut dan penyakit pankreas lainnya'),
(1454, 'H44.0', 'panophtalmitis'),
(1455, 'G12.3', 'paraliasi pertodik'),
(1456, 'K56.0', 'paralitik ilius'),
(1457, 'G82.2', 'paraparesis'),
(1458, 'J02.9', 'paringitis'),
(1459, 'G20', 'parkinson'),
(1460, 'G 21', 'Parkinson sekunder'),
(1461, 'K11.2', 'parotitis'),
(1462, 'O47.0', 'partus imaturus'),
(1463, 'O63.0', 'partus kasep'),
(1464, 'O62.3', 'partus kobrojal'),
(1465, 'O63.2', 'partus lama'),
(1466, 'B 90.9.1', 'Paru/lobus luluh akibat TB'),
(1467, 'Z30.1', 'pasang sepiral'),
(1468, 'Z90.7', 'pasca oferictomi'),
(1469, 'F45.9', 'pasiccsomatis'),
(1470, 'I47.1', 'PAT'),
(1471, 'A 66', 'Patek (Frambusia)'),
(1472, 'Z 50', 'Pelayanan yang melibatkan gangguan prosedur prosedur rehabilitasi'),
(1473, 'N73.5', 'pelvic peritonisis'),
(1474, 'W 42', 'Pemaparan bising'),
(1475, 'W 43', 'Pemaparan getaran'),
(1476, 'W 88', 'Pemaparan radiasi pengion'),
(1477, 'W 90', 'Pemaparan radiasi pengion lain'),
(1478, 'W 91', 'Pemaparan radiasi YTT'),
(1479, 'W 89', 'Pemaparan sinar ultra violet dan man-mide visible'),
(1480, 'Z 46.3', 'Pemasangan dan penyesuaian gigi palsu'),
(1481, 'Z 46.0', 'Pemasangan dan penyesuaian kacamata dan lensa kontak'),
(1482, 'Z 00.1', 'Pemeriksaan kesehatan bayi dan anak secara rutin'),
(1483, 'Z 00.0', 'Pemeriksaan kesehatan umum'),
(1484, 'K62.5', 'pendarahan anus'),
(1485, 'K06.8', 'pendarahan gusi'),
(1486, 'D75.9', 'pendarahan infra kranial PIK'),
(1487, 'R58', 'pendarahan intra abdomen'),
(1488, 'D75.9', 'pendarahan intra cranial'),
(1489, 'N95.0', 'pendarahan pasca menopouse'),
(1490, 'O 72', 'Pendarahan pasca persalinan'),
(1491, 'T18.0', 'pendarahan post op'),
(1492, 'P51.9', 'pendarahan tali pusat bayi'),
(1493, 'P51.9', 'pendarahan umbilicoli'),
(1494, 'I61.3', 'pendarahn pons'),
(1495, 'H46', 'penelitis'),
(1496, 'J93.9', 'penemo thorax'),
(1497, 'J93.8', 'penemo torax acut /cronik'),
(1498, 'P25.2', 'penemunia deastinum bayi'),
(1499, 'J98.2', 'penemunia disdtinum'),
(1500, 'Z 35', 'Pengawasan kehamilan dengan risiko tinggi'),
(1501, 'Z 34', 'Pengawasan kehamilan normal'),
(1502, 'Z 30', 'Pengelolaan kontrasepsi'),
(1503, 'Z 31 - Z 33, Z 37,Z 55 - ', 'Penunjang sarana kesehatan untuk alasan Lainnya'),
(1504, 'N 44 - N 46 N 48 - N 51', 'Penyakit alat kelamin laki lainnya'),
(1505, 'G 30', 'Penyakit Alzheimer'),
(1506, 'K 35 - K 38', 'Penyakit apendiks'),
(1507, 'I 71 - I 72, I 77 - I 79', 'Penyakit arteri, arteriol dan kapiler lainnya'),
(1508, 'A 21, A 24-28 A 31-32, A ', 'Penyakit bakteria lainnya'),
(1509, 'K 13 - K 14', 'Penyakit bibir, mukosa mulut lainnya dan lidah'),
(1510, 'B 76', 'Penyakit cacing tambang'),
(1511, 'K 50 - K 51', 'Penyakit Crohn dan tukak kolitis'),
(1512, 'M 65.4', 'Penyakit de Quervain'),
(1513, 'K 57', 'Penyakit Divertikel usus'),
(1514, 'K 20 - K 23, K 28,K 31', 'Penyakit esofagus, lambung dan duodenum lainnya'),
(1515, 'N 02.0 -.7,.9,N03, N 05 -', 'Penyakit glomerulus lainnya'),
(1516, 'E 04', 'Penyakit gondok nontoksik lain'),
(1517, 'K 05  K 06', 'Penyakit gusi, jaringan periodontal dan tulang alveolar'),
(1518, 'K 71', 'Penyakit hati akibat bahan beracun di tempat kerja'),
(1519, 'K 70', 'Penyakit Hati Alkohol'),
(1520, 'K 74.0 - .5, K 75, K 76.1', 'Penyakit hati lainnya'),
(1521, 'P 55', 'Penyakit hemolitik pd janin & bayi baru lahir'),
(1522, 'J 30.0 - J 30.2,J 33,', 'Penyakit hidung dan sinus hidung lainnya'),
(1523, 'I 11 - I 15', 'Penyakit hipertensi lainnya'),
(1524, 'C 81', 'Penyakit Hodgkin'),
(1525, 'P 35 - P 37', 'Penyakit infeksi dan parasit kongenital'),
(1526, 'A 65, A 67, A 69, A 74, B', 'Penyakit infeksi dan parasit lainnya'),
(1527, 'A 02, A 04 - A 05 A 07 - ', 'Penyakit infeksi usus lainnya'),
(1528, 'I 20, I 23 - I 25', 'Penyakit jantung iskemik lainnya'),
(1529, 'I 27 - I 41, I 51- I 52', 'Penyakit jantung lainnya'),
(1530, 'I 05 - I 09', 'Penyakit jantung reumatik kronik'),
(1531, 'K 03', 'Penyakit jaringan keras gigi lainnya'),
(1532, 'K 12', 'Penyakit jaringan lunak mulut (Stomatitis)dan lesi yang berkaitan'),
(1533, 'K 11', 'Penyakit kelenjar liur'),
(1534, 'A 55 - A 56', 'Penyakit klamidia yg ditularkan melalui hubungan seksual'),
(1535, 'L 10 - L 22, L 25 - L 99', 'Penyakit kulit dan jaringan subkutan lainnya'),
(1536, 'H 57 - H 59', 'Penyakit lain mata dan adneksa'),
(1537, 'G 20', 'Penyakit Parkinson'),
(1538, 'I 73.1 - .9', 'Penyakit pembuluh darah perifer lainnya'),
(1539, 'K 04', 'Penyakit pulpa dan periapikal'),
(1540, 'N94.9', 'penyakit radang panggul PRP'),
(1541, 'G 00 - G 09', 'Penyakit radang susunan saraf pusat'),
(1542, 'J 36 - J 39', 'Penyakit saluran napas bagian atas lainnya'),
(1543, 'I 65 - I 69', 'Penyakit serebrovaskular lainnya'),
(1544, 'K 82 - K 83, K 87 - K 93', 'Penyakit sistem cerna lainnya'),
(1545, 'N 25 - N 29, N 31 - N 39', 'Penyakit sistem kemih lainnya'),
(1546, 'M 87 - M 99', 'Penyakit sistem muskuloskeletal dan jaringan ikat'),
(1547, 'J 22, J 66.1 -2, J 66.8, ', 'Penyakit sistem napas lainnya'),
(1548, 'I 86 - I 99', 'Penyakit sistem sirkulasi lainnya'),
(1549, 'G 10 - G 13, G 22 - G 26,', 'Penyakit susunan saraf lainnya'),
(1550, 'H 60 - H 61.0-.3,.9, H 62', 'Penyakit telinga dan prosesus mastoid'),
(1551, 'D 80  D 89', 'Penyakit tertentu yang menyangkut mekanisme imun'),
(1552, 'J 35', 'Penyakit tonsil dan adenoid kronik'),
(1553, 'N 10 - N 11,N 13, N 14.', 'Penyakit tubulo-interstitial ginjal lainnya'),
(1554, 'K 52 - K 55, K 59 - K 67', 'Penyakit usus dan peritoneum lainnya'),
(1555, 'B 20 - B 24', 'Penyakit virus gangguan defisiensi imunpada manusia (HIV)'),
(1556, 'A 81,A 87 - A 89 B 25,', 'Penyakit virus lainnya'),
(1557, 'T 79 - T 88', 'Penyulit awal trauma tertentu dan penyulit pembedahan dan perawatan YTK di tempat lain'),
(1558, 'O 20 - O 23, O 25 - O 29', 'Penyulit kehamilan dan persalinan lainnya'),
(1559, 'O 85 - O 99', 'Penyulit yang lebih banyak berhubungandengan masa nifas dan kondisi obstetriklainnya, YTK ditempat lain'),
(1560, 'Z 39', 'Perawatan dan pemeriksaan pasca persalinan'),
(1561, 'O 31 - O 39 O 41, O 43, O', 'Perawatan ibu yang berkaitan dengan janindan ketuban dan masalah persalinan'),
(1562, 'Z91.5', 'percoban bunuh diri ( gantung diri)'),
(1563, 'O 46', 'Perdarahan antepartum YTK ditempat lain'),
(1564, 'I 60 - I 62', 'Perdarahan intrakranial'),
(1565, 'D46.9', 'pereleukemia'),
(1566, 'G52.2', 'pereplegia'),
(1567, 'K63.1', 'perforasi ileum/usus'),
(1568, 'N92.1', 'peri penopose bleeding'),
(1569, 'K37', 'periapendicitis'),
(1570, 'I31.3', 'pericardial Effusi'),
(1571, 'K05.2', 'periodentitis acut'),
(1572, 'K65.0', 'peritonisis difusi'),
(1573, 'K65.0', 'peritonisis generalized'),
(1574, 'K65.9', 'peritonitis'),
(1575, 'J36', 'peritonsilaer abses'),
(1576, 'K 76.0', 'Perlemakan hati'),
(1577, 'K05.3', 'perodenitis cronic'),
(1578, 'K63.1', 'perporasi jejunum'),
(1579, 'K63.1', 'perporasi kolon sigmoid'),
(1580, 'H66.9', 'perpurasi MAC'),
(1581, 'O 68', 'Persalinan dengan penyulit gawat janin'),
(1582, 'O 64 - O 66', 'Persalinan macet'),
(1583, 'O 84', 'Persalinan multipel'),
(1584, 'O 60', 'Persalinan prematur'),
(1585, 'O 80', 'Persalinan tunggal spontan'),
(1586, 'G81.9', 'persiapan CT scen'),
(1587, 'K00.6', 'persistensi gigi'),
(1588, 'P 05 - P 07', 'Pertumbuhan janin lamban, malnutrisi janin dan gangguan yang berhubungan dengan ke-hamilan pendek dan berat badan lahir rendah'),
(1589, 'A37.9', 'pertusis'),
(1590, 'A 37', 'Pertusis/Batuk rejan'),
(1591, 'N47', 'phymosis'),
(1592, 'J 86', 'Piotoraks [empiema]'),
(1593, 'F09', 'pisikosis organik'),
(1594, 'P02.0', 'placenta pravia bayi'),
(1595, 'J 92', 'Plak pleural'),
(1596, 'O 44', 'Plasenta previa'),
(1597, 'J18.8', 'plaura pnemunia'),
(1598, 'I 80.9', 'plebitis'),
(1599, 'K10.2', 'plegmoa'),
(1600, 'J90', 'pleura efusi'),
(1601, 'N11.8', 'PNC'),
(1602, 'J18.1', 'pnemonia lobaris'),
(1603, 'J86.9', 'pnemu torax'),
(1604, 'J15.7', 'pnemunia antipical'),
(1605, 'J69.0', 'pnemunia sapirasi'),
(1606, 'J 60 - J 65', 'Pneumokoniosis'),
(1607, 'J 12 - J 18', 'Pneumonia'),
(1608, 'J 67', 'Pneumonitis Hipersensitivity akibat abu organik'),
(1609, 'J 93', 'Pneumotoraks'),
(1610, 'D59.5', 'PNH ( parokimal noctumal hemoglobimuria)'),
(1611, 'M13.0', 'poli artritis'),
(1612, 'D45', 'policetimia vera'),
(1613, 'J98.4', 'policystic pam'),
(1614, 'Q69.9', 'polidektili'),
(1615, 'M35.3', 'polimialgia'),
(1616, 'G62.9', 'polineurpati'),
(1617, 'A 80', 'Poliomielitis akut'),
(1618, 'N84.1', 'polip cervikes'),
(1619, 'N84.0', 'polip endumetrium'),
(1620, 'D13.1', 'polip gaster'),
(1621, 'D13.1', 'polip gaster /stomach'),
(1622, 'D 12.6', 'Polip gastrointestinal'),
(1623, 'J33.9', 'polip nasi'),
(1624, 'K62.1', 'polip recti'),
(1625, 'K62.1', 'polip rectum'),
(1626, 'J33.8', 'pollip nasi'),
(1627, 'Q25.6', 'polmunal stenosis'),
(1628, 'J81', 'polmunari congestion'),
(1629, 'K63.1', 'porforasi sigmoid'),
(1630, 'K63.1', 'porforasi usus'),
(1631, 'K63.1', 'porfurasi ileum'),
(1632, 'K31.9', 'porpurasi gaster'),
(1633, 'J36', 'portionisilair infiltrat'),
(1634, 'F07.2', 'post concusison syndrome'),
(1635, 'N93.0', 'post congital bleding'),
(1636, 'Z98.8', 'post op apendictomy'),
(1637, 'Z98.8', 'post op strumectomy'),
(1638, 'Z93.3', 'post sigmoidectomy'),
(1639, 'Z93.3', 'post vcolostomy'),
(1640, 'O34.8', 'post veginal repair'),
(1641, 'J44.9', 'PPOM'),
(1642, 'O14.1', 'pre eklamsia brat'),
(1643, 'O14.9', 'pre eklamusia ringan'),
(1644, 'O60', 'prematur'),
(1645, 'P07.3', 'prematur bayi'),
(1646, 'N 47', 'Prepusium berlebih, fimosis dan parafimosis'),
(1647, 'O42.9', 'PRM'),
(1648, 'K62.8', 'proktitis'),
(1649, 'N81.4', 'prolap uteri'),
(1650, 'N 81', 'Prolaps alat kelamin perempuan'),
(1651, 'K62.9', 'prolaps anus'),
(1652, 'K91.4', 'prolaps colostomy'),
(1653, 'S05.2', 'prolaps iris'),
(1654, 'T85.3', 'prolaps mata'),
(1655, 'O34.5', 'prolaps tali pusat'),
(1656, 'K63.4', 'prolaps usus'),
(1657, 'N81.4', 'prolaps uteri ( tunggal pagiana)'),
(1658, 'O63.9', 'prolongud leten fase'),
(1659, 'H05.2', 'propthosis'),
(1660, 'N41.9', 'protatitis'),
(1661, 'J84.0', 'protenosis alveuler'),
(1662, 'A18.3+ K673*', 'prtonisis TBC'),
(1663, 'I60.9', 'PSA ( pendarahan sub arachnoid'),
(1664, 'M84.1', 'psaudar throsis'),
(1665, 'Z93.1', 'pseudophkia'),
(1666, 'F29', 'psikosis'),
(1667, 'M 07', 'Psoriasis dan artropati enteropati'),
(1668, 'M 10 - M 11', 'Psoriasis dan atropati lainnya'),
(1669, 'L40.1', 'psoriasis pustular'),
(1670, 'L40.0', 'psoriasis vulgenis'),
(1671, 'H11.8', 'psudo pteregium'),
(1672, 'H11.0', 'pteregium'),
(1673, 'O01.9', 'PTG ( penyakit tropobles ganas)'),
(1674, 'H02.4', 'ptisisc bulbi'),
(1675, 'H02.4', 'ptosis'),
(1676, 'N93.8', 'PUD'),
(1677, 'J98.4', 'pulmunal insufiensi'),
(1678, 'I27.9', 'PVC bigemini'),
(1679, 'N20.0', 'pyalolitasi'),
(1680, 'N12', 'pyelonepritis'),
(1681, 'N10', 'pyelonepritis acut'),
(1682, 'N11.9', 'pyolonepritis kronik'),
(1683, 'N13.6', 'pyoneprosus'),
(1686, 'M06.9', 'RA'),
(1687, 'A82.9', 'rabies'),
(1688, 'A 82', 'Rabies'),
(1689, 'N 71, N 74, N 75.8 - N 77', 'Radang alat dalam panggul perempuan lainnya (adneksitis)'),
(1690, 'H 00 - H 01', 'Radang kelopak mata'),
(1691, 'N 73', 'Radang panggul perempuan lainnya'),
(1692, 'N 72', 'Radang serviks'),
(1693, 'K11.6', 'ranala'),
(1694, 'I44.7', 'RBBB'),
(1695, 'P22.0', 'RDS'),
(1696, 'K75.2', 'reactur hepatitis'),
(1697, 'T78.2', 'reaksi anaphilactic'),
(1698, 'F44.9', 'reaksi conversi'),
(1699, 'F44.9', 'reaksi convrsi'),
(1700, 'E16.0', 'reaksi hipoglekimia'),
(1701, 'F43.0', 'reaksi stress acut'),
(1702, 'F 43.0, F 43.2-.9 F 45, F', 'Reaksi terhadap stres berat dan gangguan penyesuaian, gangguan somatoform, gangguan neurotik lainnya'),
(1703, 'C49.1', 'rebtomysarcoma cruris dextra'),
(1704, 'K62.5', 'rectal bleeding'),
(1705, 'P54.2', 'rectal bleeding bayi'),
(1706, 'N82.3', 'recto vagianal fistula'),
(1707, 'K21.9', 'reflex esofagus'),
(1708, 'K21.0', 'reflix esofagus'),
(1709, 'S05.8', 'reftur palpebra'),
(1710, 'S56.1', 'reftur tendon flexon digit'),
(1711, 'K06.8', 'refture alvecler'),
(1712, 'I77.2', 'refture artery'),
(1713, 'N83.8', 'refture tuba'),
(1714, 'S31.4', 'refture vagina'),
(1715, 'N28.8', 'ren mobilis'),
(1716, 'N23', 'renal colix'),
(1717, 'N19', 'renal fail'),
(1718, 'N19', 'renal nsipiensi'),
(1719, 'O70.9', 'reptum perineum (post partum )'),
(1720, 'S36.2', 'reptun pancereas traumatik'),
(1721, 'S05.3', 'reptur bola mata'),
(1722, 'S05.2', 'reptur cornea dengan prolap'),
(1723, 'S05.3', 'reptur cornea tampa prolaps'),
(1724, 'S36.1', 'reptur hepas'),
(1725, 'S86.0', 'reptur injuri tendon aciles'),
(1726, 'T14.6', 'reptur tendon'),
(1727, 'N36.8', 'reptur uretra non traumatik'),
(1728, 'S09.2', 'reptur uretra traumatik'),
(1729, 'O71.1', 'repture uteri'),
(1730, 'Z91.5', 'resiko ifeksi'),
(1731, '', 'respirasi puradokal'),
(1732, 'P22.9', 'respiratory distress bayi'),
(1733, 'J96.9', 'respiratory failure'),
(1734, 'P28.5', 'respiratory failure bayi'),
(1735, 'O72.0', 'rest. Placenta ( sisa placenta)'),
(1736, 'R33', 'retantio urine'),
(1737, 'F79', 'retar dasi mental'),
(1738, 'F 70 - F 79', 'Retardasi mental'),
(1739, 'R 33', 'retensi urin'),
(1740, 'C96.2', 'retino blastoma'),
(1741, 'Q55.2', 'retractile testis'),
(1742, 'H52.0', 'retraksi contas'),
(1743, 'K66,8', 'retropertioneal'),
(1744, 'N22', 'revtur VE'),
(1745, 'I09.9', 'RHD'),
(1746, 'M06.9', 'rhematoid'),
(1747, 'J31.0', 'rhinitis'),
(1748, 'J00', 'rhino paringitis'),
(1749, 'S31.4', 'robekan jalan lahir'),
(1750, 'B 06', 'Rubela'),
(1751, 'T14.6', 'ruftur muscolorum'),
(1752, 'S37.0', 'rufture lenkideney/ gijal'),
(1753, 'N09.0', 'rumah terbakar'),
(1754, 'S05.3', 'ruptur sclera'),
(1758, 'M46.1', 'sacro lleitis'),
(1759, 'I60.9', 'SAH ( sub aranoid hemoragic)'),
(1760, 'O32', 'salah letak'),
(1761, 'N 70', 'Salpingitis dan ooforitis'),
(1762, 'A 20', 'Sampar/Pes'),
(1763, 'I20.9', 'SAP ( stable anggia pastoris)'),
(1764, 'D21.1', 'sarcoma lengan'),
(1765, 'C55', 'sarcoma utery'),
(1766, 'J33.0', 'SBE'),
(1767, 'A49.9', 'SBP ( spontan bacterial peritonitis)'),
(1768, '', 'schizoprenia'),
(1769, 'J98.4', 'schwarte paru'),
(1770, 'S31.8', 'scizur abdomen penetrane'),
(1771, 'O62.1', 'scondery arrest'),
(1772, 'A18.4', 'scrof uloderma'),
(1773, 'W 20 - W 41, W 44 - W 64,', 'Sebab luar lainnya'),
(1774, 'H21.4', 'secclusio'),
(1775, '', 'seclusion pupil'),
(1776, 'O82.9', 'sectio'),
(1777, 'K04.3', 'secundarcan'),
(1778, 'B 92', 'Sekuele (gejala sisa) lepra'),
(1779, 'B 91', 'Sekuele (gejala sisa) poliomielitis'),
(1780, 'B 90.0 - .8', 'Sekuele (gejala sisa) TB lainnya'),
(1781, 'Z 36', 'Seleksi antenatal'),
(1782, 'A02.0', 'selmonikosis'),
(1783, 'C62.9', 'seminoma testis'),
(1784, 'X 60 - X 69', 'Sengaja mencederai diri dengan bahan beracun'),
(1785, 'X 70 - X 84', 'Sengaja mencederai diri lainnya'),
(1786, 'R 54', 'Senilitas'),
(1787, 'P06.9', 'sepsis bayi'),
(1788, 'O85', 'sepsis puerperalis'),
(1789, 'P36.9', 'sepsis seunatrium'),
(1790, 'M00.9', 'septic arteriris'),
(1791, 'A14.9', 'septic syok'),
(1792, 'A41.9', 'septicemia'),
(1793, 'A41.9', 'septikaimia'),
(1794, 'A 40 - A 41', 'Septisemia'),
(1795, 'R06.0', 'sesak'),
(1796, 'I61.9', 'SH ( struke hemorage)'),
(1797, 'A03.9', 'shigeloss'),
(1798, 'T78.2', 'shock anaphylatic'),
(1799, 'R57.1', 'shock hyvopelemic'),
(1800, 'N11.2', 'shymlaeparon'),
(1801, 'A 50', 'Sifilis bawaan'),
(1802, 'A 51', 'Sifilis dini'),
(1803, 'A 52 - A 53', 'Sifilis lainnya'),
(1804, 'A 03', 'Sigelosis'),
(1805, 'N55', 'sincope'),
(1806, 'F 04, F 07, F 09', 'Sindrom amnesik dan gangguan mental organik'),
(1807, 'Q03.1', 'sindrom dendy walcer'),
(1808, 'Q 90', 'Sindrom Down'),
(1809, 'K 76.7', 'Sindrom hepatorenal'),
(1810, 'F 50 - F 59', 'Sindrom makan, gangguan tidur, disfungsi seksual, gangguan perilaku lainnya'),
(1811, 'R 95', 'Sindrom mati mendadak pada bayi'),
(1812, 'N 00 - N 01', 'Sindrom nefritik progresif cepat dan akut'),
(1813, 'N 04', 'Sindrom nefrotik'),
(1814, 'B 90.9.2', 'Sindrom obstruksi pasca TB'),
(1815, 'G 81 - G 83', 'Sindrom paralitik lainnya'),
(1816, 'T 74', 'Sindrom salah perlakuan'),
(1817, 'K 58', 'Sindrom usus ringkih (Irritable bowel syndrome)'),
(1818, 'G 56.0', 'Sindroma carpal tunnel'),
(1819, 'I 73.0', 'Sindroma Raynauds'),
(1820, 'I64', 'sindrome batang otak'),
(1821, 'F07.2', 'sindrome concusion'),
(1822, 'G43.9', 'sindrome migren'),
(1823, 'I87.1', 'sindrome vena cava'),
(1824, 'J32.9', 'sinostis nasi'),
(1825, 'R00.1', 'sinus brodycardia'),
(1826, 'J32.9', 'sinus hati'),
(1827, 'Q18.1', 'sinus preacular'),
(1828, 'J 32', 'Sinusitis kronik'),
(1829, 'Z41.2', 'sircumsisi'),
(1830, 'K 74.6', 'Sirosis hati'),
(1831, 'N 30', 'Sistitis'),
(1832, 'L98.9', 'skin tag'),
(1833, 'B 65', 'Skistosomiasis (Bilharziasis)'),
(1834, 'F 20, F 21, F 23', 'Skizofrenia, gangguan skizotipal, psikotik akut dan sementara'),
(1835, 'G 35', 'Sklerosis multipel'),
(1836, 'L93.0', 'SLE'),
(1837, 'T63.0', 'snake bite'),
(1838, 'I63.9', 'SNH ( struke non hemorage)'),
(1839, '', 'socet dangkal'),
(1840, 'R57.0', 'sock cardiogenic'),
(1841, 'R900', 'SOL'),
(1842, 'M41.9', 'Soliausis'),
(1843, 'O 45', 'Solusio plasenta'),
(1844, 'O43.3', 'solutio placenta'),
(1845, 'R90.0', 'SOP'),
(1846, 'Q05.9', 'spina bepida'),
(1847, 'Q 05', 'Spina bifida'),
(1848, 'M46.9', 'spondilitis'),
(1849, 'M 45 - M 49', 'Spondiloartropati seronegatif'),
(1850, 'M43.1', 'spondilolisthesis'),
(1851, 'M47.9', 'spondilosis'),
(1852, 'C69.9', 'squemus cell ca.orbita'),
(1853, 'I47.1', 'Supraventricular tachycardia'),
(1854, 'N20.0', 'staghum stone ( calculus)'),
(1855, 'J 46', 'Status Asmatikus'),
(1856, 'J46', 'status asmeticus'),
(1857, 'G44.0', 'status convcilisive'),
(1858, 'G41.9', 'status epileptikus'),
(1859, '', 'stenosis jejunum'),
(1860, 'Q64.3', 'stenosis oni'),
(1861, '', 'stenosis pylorus'),
(1862, 'M48.0', 'stenosis spinalis'),
(1863, 'N35.9', 'stenosis ureter'),
(1864, 'K12.1', 'stomatitis'),
(1865, 'H 49 - H 50', 'Strabismus'),
(1866, 'K27.9', 'strees ulcer'),
(1867, 'K27.9', 'stres ulcus'),
(1868, 'K62.4', 'stricture ani/anus'),
(1869, 'N35.9', 'stricture uretra'),
(1870, 'I 64', 'Strok tak menyebut perdarahan atau infark'),
(1871, 'I64', 'stroke'),
(1872, 'E05.2', 'stroma hipertiroid'),
(1873, '', 'stroma hypertyroid'),
(1874, 'E04.9', 'stroma nodusa'),
(1875, 'E05.0', 'struma difuse tocxic'),
(1876, 'E04.2', 'struma multi nodusa'),
(1877, 'E05.2', 'struma nodusa hypertiroid'),
(1878, 'E04.9', 'struma nodusa non toxix'),
(1879, 'E05.1', 'struma nudusa toxix'),
(1880, 'E04.2', 'struma systic'),
(1881, 'E04.1', 'struma uni nadular non toxic'),
(1882, 'D14.3', 'STU parn'),
(1883, '', 'sub dural hematoma non traumatik'),
(1884, '', 'sub dural hematoma SDH'),
(1885, '', 'sub dural hematoma traumatik'),
(1886, 'I51.9', 'sub endo miocard'),
(1887, 'I21.4', 'sub endocaroio infarak'),
(1888, 'R96.0', 'suden death'),
(1889, 'H 34', 'Sumbatan vaskular retina'),
(1890, 'H11.2', 'sumbilofiron'),
(1891, 'I47.1', 'SVT ( supra venticuler tachicandila)'),
(1892, 'Q74.2', 'sympus'),
(1893, 'R55', 'syncope'),
(1894, 'Q70.9', 'syndaktily'),
(1895, 'G45.0', 'syndrom vertevro basiler'),
(1896, 'G61.0', 'syndrome barre guillain SGB'),
(1897, 'G25.9', 'syndrome extra pramidal'),
(1898, '', 'syndrome frontal lobe'),
(1899, 'G43.9', 'syndrome migrain'),
(1900, 'N04.8', 'syndrome nefhrotic'),
(1901, 'F06.9', 'syndrome otak organik'),
(1902, 'G45.0', 'syndrome vertebro basiler'),
(1903, 'H21.5', 'synechia/perlekatan mata'),
(1904, 'N57.9', 'syock'),
(1905, 'A53.9', 'sypilis'),
(1907, 'R00.0', 'tacicandia'),
(1908, 'A71.9', 'tacom'),
(1909, 'D56.9', 'talasemia'),
(1910, 'P02.4', 'tali pusat menimbung'),
(1911, 'L81.8', 'tatto'),
(1912, 'W70.0', 'tenggelam dikali'),
(1913, 'G44.2', 'tension head ache'),
(1914, 'X 00 - X 09', 'Terdedah asap, api dan uap'),
(1915, 'X 30 - X 39', 'Terdedah faktor alam'),
(1916, 'W20.0', 'tertimpa besi'),
(1917, 'Q 53', 'Testis tidak turun'),
(1918, 'A35', 'tetanus ( cephalic)'),
(1919, 'A 34 - A 35', 'Tetanus lainnya'),
(1920, 'A 33', 'Tetanus neonatorum'),
(1921, 'A33', 'tetanus neunatrium'),
(1922, 'Q21.3', 'tetralogi falot'),
(1923, 'M31.4', 'thalogasus'),
(1924, 'A01.0', 'thypoid fefer /abdominalis'),
(1925, 'O89.2', 'thyroglosal persistent'),
(1926, 'G45.9', 'TIA'),
(1927, 'Q 41', 'Tidak ada, atresia dan stenosis usus halus'),
(1928, 'G93.2', 'TIK'),
(1929, 'E 06', 'Tiroiditis'),
(1930, 'E06.3', 'tiroiditis hasimoto'),
(1931, 'E 05', 'Tirotoksikosis (hipertiroidisme)'),
(1932, 'R25.2', 'tismus'),
(1933, 'A33', 'tismus bayi'),
(1934, 'D33.0', 'to eccipital'),
(1935, 'G 92', 'Toksik insefalopati'),
(1936, 'B 58', 'Toksoplasmosis'),
(1937, 'J03.9', 'tonsilitis acut'),
(1938, 'J 03', 'Tonsilitis akut'),
(1939, 'J35.0', 'tonsilitis cronic'),
(1940, 'J06.8', 'tonsilo phanngitis'),
(1941, 'N44', 'torsi tersis D'),
(1942, 'M43.6', 'torticolis'),
(1943, 'J45.9', 'total blok'),
(1944, 'J04.1', 'traceitis acut'),
(1945, 'J39.8', 'traceomalacea'),
(1946, 'A 71', 'Trakoma'),
(1947, 'M67.3', 'transien synoritis'),
(1948, 'G82.5', 'traptorasre/tetraplegia'),
(1949, 'N28.9', 'trauma ginjal'),
(1950, 'S39.0', 'trauma pelvis'),
(1951, 'B 56 - B 57', 'Tripanosomiasis'),
(1952, 'A 15.0', 'Tuberkulosis (TB) paru BTA (+) dengan/ tanpa biakan kuman TB'),
(1953, 'A 16.3 - .9', 'Tuberkulosis alat napas lainnya'),
(1954, 'A18.1, .3 - .8', 'Tuberkulosis lainnya'),
(1955, 'A 19', 'Tuberkulosis milier'),
(1956, 'A 15.1 - A 16.2', 'Tuberkulosis paru lainnya'),
(1957, 'A 17.1 - .9', 'Tuberkulosis susunan saraf pusat lainnya'),
(1958, 'A 18.0', 'Tuberkulosis tulang dan sendi'),
(1959, 'K 25 - K 27', 'Tukak lambung dan duodenum'),
(1960, 'D12.9', 'tumor anus'),
(1961, 'D12.0', 'tumor ceacum'),
(1962, 'D13.1', 'tumor gaster'),
(1963, 'D36.7', 'tumor glutea'),
(1964, 'C76.3', 'tumor glutea malignom'),
(1965, 'D48.0', 'tumor gusi'),
(1966, 'D13.1', 'tumor kantong empedu'),
(1967, 'C51.0', 'tumor labio mayora'),
(1968, 'D14.1', 'tumor laring ( paru)'),
(1969, 'C69', 'tumor mata'),
(1970, 'D16.4', 'tumor maxilla'),
(1971, 'O36.7', 'tumor meilum'),
(1972, 'D31.6', 'tumor orbit'),
(1973, 'O27', 'tumor ovari'),
(1974, 'C05.9', 'tumor palatum'),
(1975, 'D11.0', 'tumor parotis ( preaucular)'),
(1976, 'C49.0', 'tumor soft tissue ( ganas)'),
(1977, 'D11.7', 'tumor sub mandibula'),
(1978, 'D36.7', 'tumor tulang dada IGA'),
(1979, 'E05.9', 'tyrotoxi cosis'),
(1980, 'J 34.8', 'Ulcus mucosa hidung & perforasi septum nasi'),
(1981, 'N 20 - N 23', 'Urolitiasis'),
(1982, 'B 01 - B 02', 'Varisela (cacar air) dan zoster (herpes zoster)'),
(1983, 'I 85', 'Varises esofagus'),
(1984, 'R58', 'Haemorrhage, not elsewhere classified( pendarahan)'),
(1985, 'I 83', 'Varises vena ekstremitas bawah'),
(1986, 'I10', 'HYPERTENSION'),
(1987, 'O00.2', 'Ovarian pregnancy'),
(1988, 'Z30.0', 'KONSELING KB'),
(1989, 'B35', 'Tinea barbae and tinea capitis'),
(1990, 'vulnus appertum', 'vulnus appertum'),
(1991, '', '');

-- --------------------------------------------------------

--
-- Table structure for table `tbl_diskon_trx`
--

CREATE TABLE `tbl_diskon_trx` (
  `id_diskon_trx` int(11) NOT NULL,
  `bulan` varchar(15) NOT NULL,
  `diskon` double NOT NULL,
  `dtm_crt` datetime NOT NULL DEFAULT current_timestamp(),
  `dtm_upd` datetime NOT NULL DEFAULT current_timestamp()
) ENGINE=InnoDB DEFAULT CHARSET=latin1;

-- --------------------------------------------------------

--
-- Table structure for table `tbl_dokter`
--

CREATE TABLE `tbl_dokter` (
  `id_dokter` int(11) NOT NULL,
  `nama_dokter` varchar(100) NOT NULL,
  `jenis_kelamin` enum('L','P') NOT NULL,
  `tempat_lahir` varchar(30) NOT NULL,
  `tanggal_lahir` date NOT NULL,
  `id_agama` int(11) NOT NULL,
  `alamat_tinggal` text NOT NULL,
  `no_hp` varchar(13) NOT NULL,
  `id_status_menikah` int(11) NOT NULL,
  `id_spesialis` int(11) NOT NULL,
  `no_izin_praktek` varchar(20) NOT NULL,
  `golongan_darah` varchar(2) NOT NULL,
  `alumni` varchar(40) NOT NULL,
  `is_jaga` int(1) NOT NULL COMMENT '0:"Lepas" , 1:"Jaga"',
  `no_pendaftaran` varchar(20) DEFAULT NULL COMMENT 'no_pendaftaran pasien yang sedang ditangani',
  `komisi_biaya_pemeriksaan` float NOT NULL,
  `komisi_biaya_tindakan` float NOT NULL,
  `komisi_biaya_obat` float NOT NULL,
  `id_poli` int(11) NOT NULL,
  `dtm_crt` datetime NOT NULL DEFAULT current_timestamp(),
  `dtm_upd` datetime NOT NULL DEFAULT current_timestamp()
) ENGINE=InnoDB DEFAULT CHARSET=latin1;

--
-- Dumping data for table `tbl_dokter`
--

INSERT INTO `tbl_dokter` (`id_dokter`, `nama_dokter`, `jenis_kelamin`, `tempat_lahir`, `tanggal_lahir`, `id_agama`, `alamat_tinggal`, `no_hp`, `id_status_menikah`, `id_spesialis`, `no_izin_praktek`, `golongan_darah`, `alumni`, `is_jaga`, `no_pendaftaran`, `komisi_biaya_pemeriksaan`, `komisi_biaya_tindakan`, `komisi_biaya_obat`, `id_poli`, `dtm_crt`, `dtm_upd`) VALUES
(3, 'dr. NYOMAN WIRA SWASTIKA, Sp.B', 'L', 'Mataram', '1978-07-04', 3, 'Perumahan Genteng Regency A1', '08113130407', 1, 11, '440/151.3/SIP/429.11', 'O', 'UNAIR', 1, '000121', 0, 0, 0, 4, '2021-11-29 04:21:10', '2022-05-09 13:05:52'),
(4, 'drg. INDAH DWI ERNAWATI M. Kes', 'P', 'Banyuwangi', '1973-05-04', 1, 'Dusun Krajan Wetan RT 001 RW 003 Desa Temuguruh Kecamatan Sempu', '0811370398', 1, 6, 'sip09999', 'B', 'Unair', 0, NULL, 10, 10, 10, 2, '2021-11-29 04:23:47', '2022-05-09 12:54:55'),
(5, 'dr. ROBBY ADITYA, S.Ked', 'L', 'Banyuwangi', '1997-02-21', 1, 'SRONO', '000987654321', 2, 4, 'sip09997', 'A', 'Unair', 1, NULL, 15, 15, 15, 1, '2021-11-29 04:25:37', '2022-05-10 09:10:48'),
(6, 'drg.  ANINDITA MAYA PRAMUDINA', 'P', 'BANYUWANGI', '1998-02-09', 1, 'GENTENG BWI', '085856789045', 2, 6, '0989787878', 'A', 'UNAIR', 0, NULL, 15, 15, 15, 2, '2022-05-09 11:21:28', '2022-05-09 15:27:44'),
(7, 'dr. KAMALIA, SpOG', 'P', 'BANYUWANGI', '1980-09-09', 1, 'SRONO', '081245678', 1, 13, '988777877676', 'A', 'UNAIR', 0, NULL, 0, 0, 0, 0, '2022-05-09 11:31:07', '2022-05-09 12:54:39'),
(8, 'dr. NURUL HUDA DIDIEK, Sp.B', 'L', 'BANYUWANGI', '1978-07-10', 1, 'GENTENG', '0882344334434', 2, 11, '897865845', 'A', 'UNAIR', 0, NULL, 0, 0, 0, 4, '2022-05-09 11:32:22', '2022-05-09 12:54:45'),
(9, 'dr. YUSRI CHIZMA NAJWA', 'P', 'BANYUWANGI', '1996-05-07', 1, 'SEMPU', '089076543324', 2, 4, '34666U78', 'A', 'UMM', 0, NULL, 10, 10, 10, 1, '2022-05-09 11:34:03', '2022-05-09 15:27:38');

-- --------------------------------------------------------

--
-- Table structure for table `tbl_dusun`
--

CREATE TABLE `tbl_dusun` (
  `id` int(11) NOT NULL,
  `id_desa` int(10) NOT NULL,
  `nama_dusun` varchar(200) NOT NULL
) ENGINE=InnoDB DEFAULT CHARSET=utf8mb4;

--
-- Dumping data for table `tbl_dusun`
--

INSERT INTO `tbl_dusun` (`id`, `id_desa`, `nama_dusun`) VALUES
(6, 2353, 'SUMBERJAMBE'),
(7, 686, 'KRAJAN'),
(8, 2510, 'KRAJAN'),
(9, 2424, 'KRAJAN'),
(10, 2346, 'SILIRKROMBANG'),
(11, 2421, 'KRAJAN DUA'),
(12, 2419, 'MARON');

-- --------------------------------------------------------

--
-- Table structure for table `tbl_golongan_barang`
--

CREATE TABLE `tbl_golongan_barang` (
  `id_golongan_barang` int(11) NOT NULL,
  `nama_golongan_barang` varchar(50) NOT NULL,
  `keterangan` varchar(200) NOT NULL,
  `dtm_crt` datetime NOT NULL DEFAULT current_timestamp(),
  `dtm_upd` datetime NOT NULL DEFAULT current_timestamp()
) ENGINE=InnoDB DEFAULT CHARSET=latin1;

--
-- Dumping data for table `tbl_golongan_barang`
--

INSERT INTO `tbl_golongan_barang` (`id_golongan_barang`, `nama_golongan_barang`, `keterangan`, `dtm_crt`, `dtm_upd`) VALUES
(2, 'Obat Antibiotik', 'Dibutuhkan resep dokter', '2019-12-07 10:52:24', '2021-10-27 04:12:14'),
(4, 'Suplemen', 'Suplemen makanan dan minuman', '2021-10-27 11:13:15', '2021-10-27 11:13:15'),
(5, 'Multivitamin', 'Suplemen vitamin & mineral', '2021-10-27 11:14:03', '2022-01-10 20:16:19'),
(10, 'BMHP', 'Bahan Medis Habis Pakai', '2021-12-27 11:33:33', '2021-12-27 11:33:33'),
(11, 'Alat Medis', 'Peralatan yang digunakan Pasien', '2022-01-10 20:13:59', '2022-01-10 20:13:59'),
(12, 'Proton Pump Inhibitor', 'Obat-Obat Lambung', '2022-01-10 20:15:01', '2022-01-10 20:15:01'),
(13, 'Obat Analgetik', 'Obat Antinyeri', '2022-01-10 20:15:35', '2022-01-10 20:15:35'),
(14, 'Obat Anaesthesi', 'Obat untuk tindakan Anaesthesi', '2022-01-10 20:17:09', '2022-01-10 20:17:09');

-- --------------------------------------------------------

--
-- Table structure for table `tbl_gudang`
--

CREATE TABLE `tbl_gudang` (
  `kode_gudang` varchar(20) NOT NULL,
  `nama_gudang` varchar(20) NOT NULL,
  `alamat_gudang` varchar(100) NOT NULL,
  `kota` varchar(25) NOT NULL,
  `telp` varchar(15) NOT NULL,
  `dtm_crt` datetime NOT NULL DEFAULT current_timestamp(),
  `dtm_upd` datetime NOT NULL DEFAULT current_timestamp()
) ENGINE=InnoDB DEFAULT CHARSET=latin1;

--
-- Dumping data for table `tbl_gudang`
--

INSERT INTO `tbl_gudang` (`kode_gudang`, `nama_gudang`, `alamat_gudang`, `kota`, `telp`, `dtm_crt`, `dtm_upd`) VALUES
('GUD1573716602', 'Gudang B', 'jl kencana', 'Denpasar', '0809090909', '2019-11-14 14:30:02', '2021-10-04 08:56:56'),
('GUD1574152872', 'Gudang A', 'jl Padonan', 'Badung', '0899898989', '2019-11-19 15:41:12', '2021-10-04 08:56:39');

-- --------------------------------------------------------

--
-- Table structure for table `tbl_hak_akses`
--

CREATE TABLE `tbl_hak_akses` (
  `id` int(11) NOT NULL,
  `id_user_level` int(11) NOT NULL,
  `id_menu` int(11) NOT NULL,
  `dtm_crt` datetime NOT NULL DEFAULT current_timestamp(),
  `dtm_upd` datetime NOT NULL DEFAULT current_timestamp()
) ENGINE=InnoDB DEFAULT CHARSET=latin1;

--
-- Dumping data for table `tbl_hak_akses`
--

INSERT INTO `tbl_hak_akses` (`id`, `id_user_level`, `id_menu`, `dtm_crt`, `dtm_upd`) VALUES
(15, 1, 1, '2018-03-27 10:33:46', '2018-03-27 10:33:46'),
(19, 1, 3, '2018-03-27 10:33:46', '2018-03-27 10:33:46'),
(24, 1, 9, '2018-03-27 10:33:46', '2018-03-27 10:33:46'),
(37, 4, 22, '2018-03-27 10:33:46', '2018-03-27 10:33:46'),
(42, 1, 2, '2018-03-27 10:33:46', '2018-03-27 10:33:46'),
(43, 1, 6, '2018-03-27 10:33:46', '2018-03-27 10:33:46'),
(44, 1, 7, '2018-03-27 10:33:46', '2018-03-27 10:33:46'),
(45, 1, 8, '2018-03-27 10:33:46', '2018-03-27 10:33:46'),
(46, 1, 13, '2018-03-27 10:33:46', '2018-03-27 10:33:46'),
(47, 1, 14, '2018-03-27 10:33:46', '2018-03-27 10:33:46'),
(48, 1, 15, '2018-03-27 10:33:46', '2018-03-27 10:33:46'),
(49, 1, 16, '2018-03-27 10:33:46', '2018-03-27 10:33:46'),
(50, 1, 17, '2018-03-27 10:33:46', '2018-03-27 10:33:46'),
(51, 1, 18, '2018-03-27 10:33:46', '2018-03-27 10:33:46'),
(52, 1, 20, '2018-03-27 10:33:46', '2018-03-27 10:33:46'),
(53, 1, 23, '2018-03-27 10:33:46', '2018-03-27 10:33:46'),
(55, 1, 24, '2018-03-27 10:33:46', '2018-03-27 10:33:46'),
(56, 1, 29, '2018-03-27 10:33:46', '2018-03-27 10:33:46'),
(58, 1, 34, '2018-03-27 10:33:46', '2018-03-27 10:33:46'),
(59, 1, 37, '2018-03-27 10:33:46', '2018-03-27 10:33:46'),
(60, 1, 38, '2018-03-27 10:33:46', '2018-03-27 10:33:46'),
(62, 1, 36, '2018-03-27 10:33:46', '2018-03-27 10:33:46'),
(63, 1, 19, '2018-03-27 10:33:46', '2018-03-27 10:33:46'),
(66, 2, 7, '2018-03-27 10:33:46', '2018-03-27 10:33:46'),
(67, 2, 17, '2018-03-27 10:33:46', '2018-03-27 10:33:46'),
(68, 2, 6, '2018-03-27 10:33:46', '2018-03-27 10:33:46'),
(69, 2, 8, '2018-03-27 10:33:46', '2018-03-27 10:33:46'),
(70, 2, 39, '2018-03-27 10:33:46', '2018-03-27 10:33:46'),
(78, 5, 30, '2018-03-27 10:33:46', '2018-03-27 10:33:46'),
(81, 5, 22, '2018-03-27 10:33:46', '2018-03-27 10:33:46'),
(83, 1, 21, '2018-03-27 10:33:46', '2018-03-27 10:33:46'),
(84, 1, 22, '2018-03-27 10:33:46', '2018-03-27 10:33:46'),
(85, 1, 25, '2018-03-27 10:33:46', '2018-03-27 10:33:46'),
(86, 1, 26, '2018-03-27 10:33:46', '2018-03-27 10:33:46'),
(87, 1, 27, '2018-03-27 10:33:46', '2018-03-27 10:33:46'),
(88, 1, 28, '2018-03-27 10:33:46', '2018-03-27 10:33:46'),
(89, 1, 30, '2018-03-27 10:33:46', '2018-03-27 10:33:46'),
(90, 1, 31, '2018-03-27 10:33:46', '2018-03-27 10:33:46'),
(91, 1, 32, '2018-03-27 10:33:46', '2018-03-27 10:33:46'),
(92, 1, 35, '2018-03-27 10:33:46', '2018-03-27 10:33:46'),
(93, 1, 40, '2018-03-27 10:33:46', '2018-03-27 10:33:46'),
(97, 4, 42, '2018-03-27 10:33:46', '2018-03-27 10:33:46'),
(98, 4, 43, '2018-03-27 10:33:46', '2018-03-27 10:33:46'),
(100, 5, 44, '2018-03-27 10:33:46', '2018-03-27 10:33:46'),
(108, 1, 47, '2018-03-27 10:33:46', '2018-03-27 10:33:46'),
(109, 1, 48, '2018-03-27 10:33:46', '2018-03-27 10:33:46'),
(110, 5, 49, '2018-03-27 10:33:46', '2018-03-27 10:33:46'),
(113, 1, 50, '2018-03-27 10:33:46', '2018-03-27 10:33:46'),
(116, 1, 52, '2018-03-27 10:33:46', '2018-03-27 10:33:46'),
(117, 1, 33, '2018-03-27 10:33:46', '2018-03-27 10:33:46'),
(118, 1, 53, '2018-03-27 10:33:46', '2018-03-27 10:33:46'),
(120, 5, 54, '2018-03-28 09:59:32', '2018-03-28 09:59:32'),
(121, 5, 55, '2018-04-03 11:37:10', '2018-04-03 11:37:10'),
(122, 4, 41, '2018-04-19 10:35:23', '2018-04-19 10:35:23'),
(123, 8, 57, '2018-04-25 16:19:54', '2018-04-25 16:19:54'),
(128, 5, 58, '2018-04-25 23:23:52', '2018-04-25 23:23:52'),
(129, 5, 59, '2018-04-25 23:23:53', '2018-04-25 23:23:53'),
(130, 5, 60, '2018-04-25 23:36:39', '2018-04-25 23:36:39'),
(135, 3, 27, '2018-05-17 09:21:12', '2018-05-17 09:21:12'),
(136, 3, 28, '2018-05-17 09:21:13', '2018-05-17 09:21:13'),
(137, 3, 29, '2018-05-17 09:21:13', '2018-05-17 09:21:13'),
(138, 1, 64, '2018-05-19 14:30:19', '2018-05-19 14:30:19'),
(139, 1, 65, '2019-11-13 09:54:42', '2019-11-13 09:54:42'),
(140, 1, 66, '2019-11-13 10:03:08', '2019-11-13 10:03:08'),
(141, 1, 67, '2019-11-13 10:03:09', '2019-11-13 10:03:09'),
(142, 1, 72, '2019-11-13 10:27:02', '2019-11-13 10:27:02'),
(143, 1, 71, '2019-11-13 10:27:03', '2019-11-13 10:27:03'),
(144, 1, 70, '2019-11-13 10:27:04', '2019-11-13 10:27:04'),
(145, 1, 69, '2019-11-13 10:27:04', '2019-11-13 10:27:04'),
(146, 1, 68, '2019-11-13 10:27:05', '2019-11-13 10:27:05'),
(147, 1, 73, '2019-11-13 10:30:02', '2019-11-13 10:30:02'),
(148, 1, 74, '2019-11-13 10:34:53', '2019-11-13 10:34:53'),
(149, 1, 75, '2019-11-13 10:34:56', '2019-11-13 10:34:56'),
(150, 1, 76, '2019-11-13 10:34:57', '2019-11-13 10:34:57'),
(151, 1, 77, '2019-11-13 10:34:58', '2019-11-13 10:34:58'),
(152, 1, 78, '2019-11-13 10:39:30', '2019-11-13 10:39:30'),
(153, 1, 79, '2019-11-13 12:08:07', '2019-11-13 12:08:07'),
(154, 1, 80, '2019-11-13 13:59:47', '2019-11-13 13:59:47'),
(155, 1, 81, '2019-11-14 12:32:36', '2019-11-14 12:32:36'),
(156, 1, 82, '2019-11-14 13:38:07', '2019-11-14 13:38:07'),
(157, 1, 83, '2019-11-14 14:20:11', '2019-11-14 14:20:11'),
(158, 1, 84, '2019-11-14 15:53:52', '2019-11-14 15:53:52'),
(159, 1, 85, '2019-11-14 16:30:27', '2019-11-14 16:30:27'),
(160, 1, 86, '2019-11-14 20:59:31', '2019-11-14 20:59:31'),
(162, 1, 88, '2019-11-16 08:39:25', '2019-11-16 08:39:25'),
(163, 1, 87, '2019-11-16 08:39:28', '2019-11-16 08:39:28'),
(166, 1, 93, '2019-11-18 08:37:03', '2019-11-18 08:37:03'),
(168, 1, 92, '2019-11-18 08:44:29', '2019-11-18 08:44:29'),
(169, 1, 94, '2019-11-20 09:24:15', '2019-11-20 09:24:15'),
(170, 1, 95, '2019-11-20 09:24:16', '2019-11-20 09:24:16'),
(171, 1, 96, '2019-11-21 14:05:41', '2019-11-21 14:05:41'),
(172, 1, 102, '2019-11-23 11:14:22', '2019-11-23 11:14:22'),
(173, 6, 96, '2019-11-26 09:26:02', '2019-11-26 09:26:02'),
(174, 7, 102, '2019-11-26 09:28:33', '2019-11-26 09:28:33'),
(175, 1, 116, '2019-12-03 10:19:47', '2019-12-03 10:19:47'),
(176, 1, 117, '2019-12-05 11:01:39', '2019-12-05 11:01:39'),
(180, 3, 92, '2019-12-11 21:20:05', '2019-12-11 21:20:05'),
(194, 3, 46, '2019-12-13 09:27:19', '2019-12-13 09:27:19'),
(198, 8, 127, '2019-12-13 09:34:43', '2019-12-13 09:34:43'),
(199, 7, 117, '2019-12-13 09:39:09', '2019-12-13 09:39:09'),
(200, 8, 45, '2019-12-17 11:19:42', '2019-12-17 11:19:42'),
(201, 8, 62, '2019-12-17 11:20:16', '2019-12-17 11:20:16'),
(202, 4, 40, '2018-04-19 10:35:23', '2018-04-19 10:35:23'),
(203, 4, 41, '2018-04-19 10:35:23', '2018-04-19 10:35:23'),
(204, 5, 39, '2021-09-14 20:44:09', '2021-09-14 20:44:09'),
(206, 1, 133, '2021-09-17 10:14:28', '2021-09-17 10:14:28'),
(207, 1, 134, '2021-09-19 13:36:09', '2021-09-19 13:36:09'),
(208, 9, 22, '2018-03-27 10:33:46', '2018-03-27 10:33:46'),
(209, 9, 30, '2018-03-27 10:33:46', '2018-03-27 10:33:46'),
(210, 9, 22, '2018-03-27 10:33:46', '2018-03-27 10:33:46'),
(211, 9, 42, '2018-03-27 10:33:46', '2018-03-27 10:33:46'),
(212, 9, 43, '2018-03-27 10:33:46', '2018-03-27 10:33:46'),
(214, 9, 49, '2018-03-27 10:33:46', '2018-03-27 10:33:46'),
(216, 9, 55, '2018-04-03 11:37:10', '2018-04-03 11:37:10'),
(217, 9, 41, '2018-04-19 10:35:23', '2018-04-19 10:35:23'),
(218, 9, 57, '2018-04-25 16:19:54', '2018-04-25 16:19:54'),
(219, 9, 58, '2018-04-25 23:23:52', '2018-04-25 23:23:52'),
(220, 9, 59, '2018-04-25 23:23:53', '2018-04-25 23:23:53'),
(221, 9, 60, '2018-04-25 23:36:39', '2018-04-25 23:36:39'),
(222, 9, 27, '2018-05-17 09:21:12', '2018-05-17 09:21:12'),
(223, 9, 28, '2018-05-17 09:21:13', '2018-05-17 09:21:13'),
(224, 9, 29, '2018-05-17 09:21:13', '2018-05-17 09:21:13'),
(231, 9, 40, '2018-04-19 10:35:23', '2018-04-19 10:35:23'),
(232, 9, 41, '2018-04-19 10:35:23', '2018-04-19 10:35:23'),
(235, 1, 39, '2021-10-05 08:58:30', '2021-10-05 08:58:30'),
(236, 1, 41, '2021-10-05 08:58:32', '2021-10-05 08:58:32'),
(237, 1, 42, '2021-10-05 08:58:33', '2021-10-05 08:58:33'),
(238, 1, 43, '2021-10-05 08:58:35', '2021-10-05 08:58:35'),
(239, 1, 44, '2021-10-05 08:58:36', '2021-10-05 08:58:36'),
(240, 1, 45, '2021-10-05 08:58:38', '2021-10-05 08:58:38'),
(241, 1, 46, '2021-10-05 08:58:39', '2021-10-05 08:58:39'),
(242, 1, 49, '2021-10-05 08:58:40', '2021-10-05 08:58:40'),
(243, 1, 54, '2021-10-05 08:58:41', '2021-10-05 08:58:41'),
(244, 1, 55, '2021-10-05 08:58:46', '2021-10-05 08:58:46'),
(245, 1, 57, '2021-10-05 08:58:47', '2021-10-05 08:58:47'),
(246, 1, 58, '2021-10-05 08:58:48', '2021-10-05 08:58:48'),
(247, 1, 59, '2021-10-05 08:58:48', '2021-10-05 08:58:48'),
(248, 1, 60, '2021-10-05 08:58:49', '2021-10-05 08:58:49'),
(249, 1, 61, '2021-10-05 08:58:50', '2021-10-05 08:58:50'),
(250, 1, 62, '2021-10-05 08:58:52', '2021-10-05 08:58:52'),
(251, 1, 63, '2021-10-05 08:58:53', '2021-10-05 08:58:53'),
(252, 1, 97, '2021-10-05 08:58:57', '2021-10-05 08:58:57'),
(253, 1, 99, '2021-10-05 08:58:58', '2021-10-05 08:58:58'),
(254, 1, 100, '2021-10-05 08:58:59', '2021-10-05 08:58:59'),
(255, 1, 101, '2021-10-05 08:59:01', '2021-10-05 08:59:01'),
(256, 1, 103, '2021-10-05 08:59:02', '2021-10-05 08:59:02'),
(257, 1, 104, '2021-10-05 08:59:03', '2021-10-05 08:59:03'),
(258, 1, 106, '2021-10-05 08:59:04', '2021-10-05 08:59:04'),
(259, 1, 107, '2021-10-05 08:59:05', '2021-10-05 08:59:05'),
(260, 1, 108, '2021-10-05 08:59:06', '2021-10-05 08:59:06'),
(261, 1, 109, '2021-10-05 08:59:08', '2021-10-05 08:59:08'),
(262, 1, 110, '2021-10-05 08:59:09', '2021-10-05 08:59:09'),
(263, 1, 111, '2021-10-05 08:59:10', '2021-10-05 08:59:10'),
(264, 1, 112, '2021-10-05 08:59:13', '2021-10-05 08:59:13'),
(265, 1, 113, '2021-10-05 08:59:15', '2021-10-05 08:59:15'),
(266, 1, 114, '2021-10-05 08:59:16', '2021-10-05 08:59:16'),
(267, 1, 115, '2021-10-05 08:59:16', '2021-10-05 08:59:16'),
(268, 1, 118, '2021-10-05 08:59:19', '2021-10-05 08:59:19'),
(269, 1, 119, '2021-10-05 08:59:20', '2021-10-05 08:59:20'),
(270, 1, 120, '2021-10-05 08:59:21', '2021-10-05 08:59:21'),
(271, 1, 121, '2021-10-05 08:59:22', '2021-10-05 08:59:22'),
(272, 1, 122, '2021-10-05 08:59:22', '2021-10-05 08:59:22'),
(273, 1, 123, '2021-10-05 08:59:23', '2021-10-05 08:59:23'),
(274, 1, 126, '2021-10-05 08:59:24', '2021-10-05 08:59:24'),
(275, 1, 127, '2021-10-05 08:59:25', '2021-10-05 08:59:25'),
(276, 1, 128, '2021-10-05 08:59:26', '2021-10-05 08:59:26'),
(277, 1, 129, '2021-10-05 08:59:28', '2021-10-05 08:59:28'),
(278, 1, 130, '2021-10-05 08:59:32', '2021-10-05 08:59:32'),
(279, 1, 131, '2021-10-05 08:59:33', '2021-10-05 08:59:33'),
(280, 1, 132, '2021-10-05 08:59:35', '2021-10-05 08:59:35'),
(281, 5, 40, '2021-10-12 10:33:26', '2021-10-12 10:33:26'),
(282, 1, 135, '2021-10-20 09:07:00', '2021-10-20 09:07:00'),
(284, 8, 47, '2021-10-21 13:34:27', '2021-10-21 13:34:27'),
(286, 8, 63, '2021-10-21 13:34:47', '2021-10-21 13:34:47'),
(287, 1, 136, '2021-10-22 09:07:00', '2021-10-20 09:07:00'),
(288, 3, 61, '2021-10-23 09:26:20', '2021-10-23 09:26:20'),
(291, 8, 126, '2021-10-21 13:34:47', '2021-10-21 13:34:47'),
(292, 1, 137, '2021-11-04 10:33:46', '2021-11-04 10:33:46'),
(293, 3, 138, '2021-11-06 10:33:46', '2021-11-06 10:33:46'),
(294, 1, 139, '2021-11-26 15:21:34', '2021-11-26 15:21:34'),
(295, 1, 138, '2021-11-26 15:21:34', '2021-11-26 15:21:34'),
(296, 10, 49, '2021-11-28 12:42:23', '2021-11-28 12:42:23'),
(297, 10, 44, '2021-11-28 12:43:48', '2021-11-28 12:43:48'),
(298, 1, 140, '2021-12-01 21:48:36', '2021-12-01 21:48:36'),
(299, 1, 141, '2021-12-01 21:48:36', '2021-12-01 21:48:36'),
(300, 1, 142, '2021-12-01 21:48:38', '2021-12-01 21:48:38'),
(301, 1, 143, '2021-12-01 21:48:43', '2021-12-01 21:48:43'),
(302, 1, 144, '2021-12-01 21:48:44', '2021-12-01 21:48:44'),
(303, 1, 145, '2021-12-01 21:48:44', '2021-12-01 21:48:44'),
(304, 1, 146, '2021-12-01 21:48:45', '2021-12-01 21:48:45'),
(305, 1, 147, '2021-12-13 09:29:23', '2021-12-13 09:29:23'),
(306, 1, 148, '2021-12-13 09:35:19', '2021-12-13 09:35:19'),
(307, 1, 159, '2022-01-05 14:49:50', '2022-01-05 14:49:50'),
(308, 1, 158, '2022-01-05 14:49:51', '2022-01-05 14:49:51'),
(309, 1, 160, '2022-01-05 14:49:52', '2022-01-05 14:49:52'),
(310, 1, 157, '2022-01-05 14:49:52', '2022-01-05 14:49:52'),
(311, 1, 156, '2022-01-05 14:49:54', '2022-01-05 14:49:54'),
(312, 1, 155, '2022-01-05 14:49:55', '2022-01-05 14:49:55'),
(313, 1, 154, '2022-01-05 14:49:56', '2022-01-05 14:49:56'),
(314, 1, 153, '2022-01-05 14:49:56', '2022-01-05 14:49:56'),
(315, 1, 152, '2022-01-05 14:49:57', '2022-01-05 14:49:57'),
(316, 1, 151, '2022-01-05 14:49:58', '2022-01-05 14:49:58'),
(317, 1, 149, '2022-01-05 14:49:59', '2022-01-05 14:49:59'),
(318, 1, 150, '2022-01-05 14:50:00', '2022-01-05 14:50:00'),
(319, 12, 49, '2022-01-06 08:05:08', '2022-01-06 08:05:08'),
(320, 12, 44, '2022-01-06 08:06:04', '2022-01-06 08:06:04'),
(321, 11, 49, '2022-01-06 08:07:03', '2022-01-06 08:07:03'),
(322, 11, 44, '2022-01-06 08:07:07', '2022-01-06 08:07:07'),
(323, 13, 44, '2022-01-07 13:33:08', '2022-01-07 13:33:08'),
(324, 13, 49, '2022-01-07 13:33:10', '2022-01-07 13:33:10'),
(325, 1, 161, '2022-01-28 08:39:57', '2022-01-28 08:39:57'),
(326, 1, 162, '2022-01-28 08:39:58', '2022-01-28 08:39:58'),
(327, 1, 163, '2022-01-28 08:39:58', '2022-01-28 08:39:58'),
(328, 1, 164, '2022-01-28 08:39:59', '2022-01-28 08:39:59'),
(329, 1, 165, '2022-01-28 08:40:00', '2022-01-28 08:40:00'),
(330, 14, 44, '2022-03-17 13:20:01', '2022-03-17 13:20:01'),
(331, 14, 49, '2022-03-17 13:20:07', '2022-03-17 13:20:07');

-- --------------------------------------------------------

--
-- Table structure for table `tbl_imunisasi`
--

CREATE TABLE `tbl_imunisasi` (
  `no_rekam_medis` varchar(10) NOT NULL,
  `macam_persalinan` enum('1','2') NOT NULL COMMENT '1 = Normal, 2 = SC',
  `pelayanan_persalinan` enum('1','2','3','4','5','6') NOT NULL COMMENT '1 = Dokter, 2 = Bidan, 3 = Tenanga Puskesmas, 4 = Dukun Terlatih, 5 = Dukun, 6 = Sendiri',
  `anak_ke` tinyint(2) NOT NULL,
  `tempat_persalinan` enum('1','2','3','4','5') NOT NULL COMMENT '1 = Rumah, 2 = Rumah Sakit, 3 = Puskesmas, 4 = Rumah Berasalin, 5 = Rumah Bidan',
  `asi` enum('1','2') NOT NULL COMMENT '1 = Asi, 2 = SuFor',
  `hb0` date NOT NULL,
  `bcg` date NOT NULL,
  `polio1` date NOT NULL,
  `pentabio1` date NOT NULL,
  `polio2` date NOT NULL,
  `pentabio2` date NOT NULL,
  `polio3` date NOT NULL,
  `pentabio3` date NOT NULL,
  `polio4` date NOT NULL,
  `campak` date NOT NULL,
  `je` date NOT NULL,
  `pentabio_booster` date NOT NULL,
  `campak_booster` date NOT NULL,
  `vitA1` varchar(100) NOT NULL,
  `vitA2` varchar(100) NOT NULL,
  `vitA3` varchar(100) NOT NULL,
  `vitA4` varchar(100) NOT NULL,
  `vitA5` varchar(100) NOT NULL,
  `vitA6` varchar(100) NOT NULL,
  `vitA7` varchar(100) NOT NULL,
  `vitA8` varchar(100) NOT NULL,
  `vitA9` varchar(100) NOT NULL,
  `vitA10` varchar(100) NOT NULL,
  `obat_cacing1` varchar(100) NOT NULL,
  `obat_cacing2` varchar(100) NOT NULL,
  `obat_cacing3` varchar(100) NOT NULL,
  `obat_cacing4` varchar(100) NOT NULL,
  `obat_cacing5` varchar(100) NOT NULL
) ENGINE=InnoDB DEFAULT CHARSET=utf8mb4;

-- --------------------------------------------------------

--
-- Table structure for table `tbl_inventory`
--

CREATE TABLE `tbl_inventory` (
  `id_inventory` varchar(15) NOT NULL,
  `kode_purchase` varchar(15) DEFAULT NULL,
  `id_periksa_lanjutan` int(11) NOT NULL,
  `inv_type` varchar(25) DEFAULT NULL,
  `id_klinik` int(11) NOT NULL,
  `dtm_crt` datetime NOT NULL DEFAULT current_timestamp(),
  `dtm_upd` datetime NOT NULL DEFAULT current_timestamp()
) ENGINE=InnoDB DEFAULT CHARSET=latin1;

--
-- Dumping data for table `tbl_inventory`
--

INSERT INTO `tbl_inventory` (`id_inventory`, `kode_purchase`, `id_periksa_lanjutan`, `inv_type`, `id_klinik`, `dtm_crt`, `dtm_upd`) VALUES
('RCP1640169349', 'PO1640169206', 0, 'RECEIPT_ORDER', 1, '2021-12-22 10:35:49', '2021-12-22 10:35:49'),
('RCP1640612939', 'PO1640612701', 0, 'RECEIPT_ORDER', 1, '2021-12-27 13:48:59', '2021-12-27 13:48:59'),
('RCP1640612996', 'PO1640612138', 0, 'RECEIPT_ORDER', 1, '2021-12-27 13:49:56', '2021-12-27 13:49:56'),
('RCP1640613056', 'PO1640168962', 0, 'RECEIPT_ORDER', 1, '2021-12-27 13:50:56', '2021-12-27 13:50:56'),
('RCP1642826183', NULL, 56, 'TRX_STUFF', 1, '2022-01-22 11:36:23', '2022-01-22 11:36:23'),
('RCP1642826622', NULL, 56, 'TRX_STUFF', 1, '2022-01-22 11:43:42', '2022-01-22 11:43:42'),
('RCP1642828593', NULL, 53, 'TRX_STUFF', 1, '2022-01-22 12:16:33', '2022-01-22 12:16:33'),
('RCP1642847198', 'PO1642136789', 0, 'RECEIPT_ORDER', 1, '2022-01-22 17:26:38', '2022-01-22 17:26:38'),
('RCP1647056239', NULL, 1, 'TRX_STUFF', 1, '2022-03-12 10:37:19', '2022-03-12 10:37:19'),
('RCP1647056434', NULL, 57, 'TRX_STUFF', 1, '2022-03-12 10:40:34', '2022-03-12 10:40:34'),
('RCP1647057164', NULL, 58, 'TRX_STUFF', 1, '2022-03-12 10:52:44', '2022-03-12 10:52:44'),
('RCP1647062612', NULL, 2, 'TRX_STUFF', 1, '2022-03-12 12:23:32', '2022-03-12 12:23:32'),
('RCP1647062711', NULL, 60, 'TRX_STUFF', 1, '2022-03-12 12:25:11', '2022-03-12 12:25:11'),
('RCP1647063057', NULL, 61, 'TRX_STUFF', 1, '2022-03-12 12:30:57', '2022-03-12 12:30:57'),
('RCP1647501176', NULL, 0, 'TRX_STUFF', 1, '2022-03-17 14:12:56', '2022-03-17 14:12:56'),
('RCP1647501196', NULL, 0, 'TRX_STUFF', 1, '2022-03-17 14:13:16', '2022-03-17 14:13:16'),
('RCP1647501201', NULL, 0, 'TRX_STUFF', 1, '2022-03-17 14:13:21', '2022-03-17 14:13:21'),
('RCP1647501207', NULL, 0, 'TRX_STUFF', 1, '2022-03-17 14:13:27', '2022-03-17 14:13:27'),
('RCP1647501212', NULL, 0, 'TRX_STUFF', 1, '2022-03-17 14:13:32', '2022-03-17 14:13:32'),
('RCP1647501217', NULL, 0, 'TRX_STUFF', 1, '2022-03-17 14:13:37', '2022-03-17 14:13:37'),
('RCP1647501220', NULL, 0, 'TRX_STUFF', 1, '2022-03-17 14:13:40', '2022-03-17 14:13:40'),
('RCP1647501262', NULL, 0, 'TRX_STUFF', 1, '2022-03-17 14:14:22', '2022-03-17 14:14:22'),
('RCP1647501292', NULL, 0, 'TRX_STUFF', 1, '2022-03-17 14:14:52', '2022-03-17 14:14:52'),
('RCP1648728694', 'PO1642136744', 0, 'RECEIPT_ORDER', 1, '2022-03-31 19:11:34', '2022-03-31 19:11:34'),
('RCP1648878042', NULL, 3, 'TRX_STUFF', 1, '2022-04-02 12:40:42', '2022-04-02 12:40:42'),
('RCP1648878228', NULL, 6, 'TRX_STUFF', 1, '2022-04-02 12:43:48', '2022-04-02 12:43:48'),
('RCP1648878743', NULL, 63, 'TRX_STUFF', 1, '2022-04-02 12:52:23', '2022-04-02 12:52:23'),
('RCP1649234446', 'PO1649233372', 0, 'RECEIPT_ORDER', 1, '2022-04-06 15:40:46', '2022-04-06 15:40:46'),
('RCP1649235045', NULL, 4, 'TRX_STUFF', 1, '2022-04-06 15:50:45', '2022-04-06 15:50:45'),
('RCP1649235160', NULL, 65, 'TRX_STUFF', 1, '2022-04-06 15:52:40', '2022-04-06 15:52:40'),
('RCP1649235443', NULL, 66, 'TRX_STUFF', 1, '2022-04-06 15:57:23', '2022-04-06 15:57:23'),
('RCP1649235961', NULL, 8, 'TRX_STUFF', 1, '2022-04-06 16:06:01', '2022-04-06 16:06:01'),
('RCP1649236076', NULL, 64, 'TRX_STUFF', 1, '2022-04-06 16:07:56', '2022-04-06 16:07:56'),
('RCP1649236317', NULL, 67, 'TRX_STUFF', 1, '2022-04-06 16:11:57', '2022-04-06 16:11:57'),
('RCP1649237643', 'PO1649237577', 0, 'RECEIPT_ORDER', 1, '2022-04-06 16:34:03', '2022-04-06 16:34:03');

-- --------------------------------------------------------

--
-- Table structure for table `tbl_inventory_detail`
--

CREATE TABLE `tbl_inventory_detail` (
  `id_inventory_detail` int(11) NOT NULL,
  `id_inventory` varchar(15) NOT NULL,
  `kode_barang` varchar(15) NOT NULL,
  `kode_gudang` varchar(15) NOT NULL,
  `id_lokasi_barang` int(11) NOT NULL,
  `jumlah` double NOT NULL,
  `harga` int(11) NOT NULL,
  `diskon` int(11) NOT NULL,
  `tgl_exp` date NOT NULL,
  `notes` varchar(50) DEFAULT NULL,
  `dtm_crt` datetime NOT NULL DEFAULT current_timestamp(),
  `dtm_upd` datetime NOT NULL DEFAULT current_timestamp()
) ENGINE=InnoDB DEFAULT CHARSET=latin1;

--
-- Dumping data for table `tbl_inventory_detail`
--

INSERT INTO `tbl_inventory_detail` (`id_inventory_detail`, `id_inventory`, `kode_barang`, `kode_gudang`, `id_lokasi_barang`, `jumlah`, `harga`, `diskon`, `tgl_exp`, `notes`, `dtm_crt`, `dtm_upd`) VALUES
(11, 'RCP1640169349', 'BRG1638272332', 'GUD1574152872', 2, 125, 20000, 0, '2022-03-22', NULL, '2021-12-22 10:35:49', '2021-12-22 10:35:49'),
(18, 'RCP1640612939', 'BRG1638090777', 'GUD1574152872', 1, 150, 6000, 0, '2022-12-27', NULL, '2021-12-27 13:48:59', '2021-12-27 13:48:59'),
(19, 'RCP1640612996', 'AKNXA', 'GUD1574152872', 1, 120, 109000, 0, '2022-06-14', NULL, '2021-12-27 13:49:56', '2021-12-27 13:49:56'),
(20, 'RCP1640612996', 'AKMCA', 'GUD1573716602', 2, 25, 140000, 0, '2022-05-23', NULL, '2021-12-27 13:49:56', '2021-12-27 13:49:56'),
(21, 'RCP1640613056', 'AKNXA', 'GUD1574152872', 2, 75, 105000, 0, '2022-06-06', NULL, '2021-12-27 13:50:56', '2021-12-27 13:50:56'),
(22, 'RCP1640613056', 'AKMCA', 'GUD1573716602', 2, 55, 135000, 0, '2022-05-18', NULL, '2021-12-27 13:50:56', '2021-12-27 13:50:56'),
(113, 'RCP1642847198', 'BRG1642135928', 'GUD1574152872', 2, 60, 66000, 0, '0000-00-00', NULL, '2022-01-22 17:26:38', '2022-01-22 17:26:38'),
(114, 'RCP1647056239', 'AKMCA', '', 0, 1, 154000, 0, '0000-00-00', NULL, '2022-03-12 10:37:19', '2022-03-12 10:37:19'),
(115, 'RCP1647056239', 'AKNXA', '', 0, 1, 119000, 0, '0000-00-00', NULL, '2022-03-12 10:37:19', '2022-03-12 10:37:19'),
(116, 'RCP1647056434', 'BRG1638272332', '', 0, 1, 20000, 0, '0000-00-00', NULL, '2022-03-12 10:40:34', '2022-03-12 10:40:34'),
(117, 'RCP1647056434', 'BRG1642135928', '', 0, 1, 66000, 0, '0000-00-00', NULL, '2022-03-12 10:40:34', '2022-03-12 10:40:34'),
(118, 'RCP1647056434', 'AKMCA', '', 0, 1, 154000, 0, '0000-00-00', NULL, '2022-03-12 10:40:34', '2022-03-12 10:40:34'),
(119, 'RCP1647057164', 'AKMCA', '', 0, 1, 154000, 0, '0000-00-00', NULL, '2022-03-12 10:52:44', '2022-03-12 10:52:44'),
(120, 'RCP1647057164', 'BRG1638272332', '', 0, 1, 20000, 0, '0000-00-00', NULL, '2022-03-12 10:52:44', '2022-03-12 10:52:44'),
(121, 'RCP1647057164', 'AKNXA', '', 0, 1, 119000, 0, '0000-00-00', NULL, '2022-03-12 10:52:44', '2022-03-12 10:52:44'),
(122, 'RCP1647062612', 'AKNXA', '', 0, 1, 119000, 0, '0000-00-00', NULL, '2022-03-12 12:23:32', '2022-03-12 12:23:32'),
(123, 'RCP1647062711', 'BRG1638272332', '', 0, 1, 20000, 0, '0000-00-00', NULL, '2022-03-12 12:25:11', '2022-03-12 12:25:11'),
(124, 'RCP1647063057', 'AKNXA', '', 0, 2, 119000, 0, '0000-00-00', NULL, '2022-03-12 12:30:57', '2022-03-12 12:30:57'),
(125, 'RCP1647063057', 'AKNXA', '', 0, 2, 119000, 0, '0000-00-00', NULL, '2022-03-12 12:30:57', '2022-03-12 12:30:57'),
(126, 'RCP1647063057', 'BRG1642135928', '', 0, 2, 66000, 0, '0000-00-00', NULL, '2022-03-12 12:30:57', '2022-03-12 12:30:57'),
(127, 'RCP1647501196', 'AKMCA', '', 0, 1, 154000, 0, '2022-05-23', NULL, '2022-03-17 14:13:16', '2022-03-17 14:13:16'),
(128, 'RCP1647501201', 'AKMCA', '', 0, 1, 154000, 0, '2022-05-23', NULL, '2022-03-17 14:13:21', '2022-03-17 14:13:21'),
(129, 'RCP1647501207', 'AKNXA', '', 0, 1, 119000, 0, '2022-06-14', NULL, '2022-03-17 14:13:27', '2022-03-17 14:13:27'),
(130, 'RCP1647501212', 'BRG1638272332', '', 0, 1, 1500000, 0, '2022-03-22', NULL, '2022-03-17 14:13:32', '2022-03-17 14:13:32'),
(131, 'RCP1647501217', 'BRG1642135928', '', 0, 1, 85800, 0, '0000-00-00', NULL, '2022-03-17 14:13:37', '2022-03-17 14:13:37'),
(132, 'RCP1647501262', 'AKMCA', '', 0, 1, 154000, 0, '2022-05-23', NULL, '2022-03-17 14:14:22', '2022-03-17 14:14:22'),
(133, 'RCP1647501292', 'AKNXA', '', 0, 5, 119000, 0, '2022-06-14', NULL, '2022-03-17 14:14:52', '2022-03-17 14:14:52'),
(134, 'RCP1647501292', 'AKMCA', '', 0, 1, 154000, 0, '2022-05-23', NULL, '2022-03-17 14:14:52', '2022-03-17 14:14:52'),
(135, 'RCP1648728694', 'BRG1642135928', 'GUD1574152872', 2, 60, 66000, 0, '2022-04-28', NULL, '2022-03-31 19:11:34', '2022-03-31 19:11:34'),
(136, 'RCP1648878042', 'BRG1638272332', '', 0, 2, 1500000, 0, '0000-00-00', NULL, '2022-04-02 12:40:42', '2022-04-02 12:40:42'),
(137, 'RCP1648878228', 'AKMCA', '', 0, 1, 154000, 0, '0000-00-00', NULL, '2022-04-02 12:43:48', '2022-04-02 12:43:48'),
(138, 'RCP1648878743', 'AKMCA', '', 0, 4, 154000, 0, '0000-00-00', NULL, '2022-04-02 12:52:23', '2022-04-02 12:52:23'),
(139, 'RCP1648878743', 'AKNXA', '', 0, 7, 119000, 0, '0000-00-00', NULL, '2022-04-02 12:52:23', '2022-04-02 12:52:23'),
(140, 'RCP1648878743', 'BRG1642135928', '', 0, 7, 85800, 0, '0000-00-00', NULL, '2022-04-02 12:52:23', '2022-04-02 12:52:23'),
(141, 'RCP1649234446', 'BRG1638505374', 'GUD1574152872', 1, 100, 8250, 0, '2023-01-06', NULL, '2022-04-06 15:40:46', '2022-04-06 15:40:46'),
(142, 'RCP1649234446', 'BRG1638505376', 'GUD1574152872', 2, 50, 34650, 0, '2022-12-06', NULL, '2022-04-06 15:40:46', '2022-04-06 15:40:46'),
(143, 'RCP1649234446', 'BRG1648725689', 'GUD1574152872', 1, 75, 11781, 0, '2022-12-22', NULL, '2022-04-06 15:40:46', '2022-04-06 15:40:46'),
(144, 'RCP1649234446', 'BRG1638505379', 'GUD1573716602', 1, 7, 173250, 0, '2023-03-16', NULL, '2022-04-06 15:40:46', '2022-04-06 15:40:46'),
(145, 'RCP1649234446', 'BRG1638505381', 'GUD1574152872', 2, 50, 20735, 0, '2023-05-26', NULL, '2022-04-06 15:40:46', '2022-04-06 15:40:46'),
(146, 'RCP1649234446', 'BRG1641821297', 'GUD1573716602', 2, 50, 42250, 0, '2023-08-24', NULL, '2022-04-06 15:40:46', '2022-04-06 15:40:46'),
(147, 'RCP1649234446', 'BRG1638505383', 'GUD1573716602', 2, 100, 9229, 0, '2023-08-10', NULL, '2022-04-06 15:40:46', '2022-04-06 15:40:46'),
(148, 'RCP1649234446', 'BRG1648726186', 'GUD1573716602', 1, 15, 172200, 0, '2022-09-15', NULL, '2022-04-06 15:40:46', '2022-04-06 15:40:46'),
(149, 'RCP1649234446', 'BRG1641821138', 'GUD1574152872', 1, 25, 70600, 0, '2022-07-14', NULL, '2022-04-06 15:40:46', '2022-04-06 15:40:46'),
(150, 'RCP1649234446', 'BRG1648726436', 'GUD1574152872', 2, 25, 164800, 0, '2022-10-07', NULL, '2022-04-06 15:40:46', '2022-04-06 15:40:46'),
(151, 'RCP1649234446', 'BRG1638505390', 'GUD1573716602', 1, 25, 220000, 0, '2022-10-06', NULL, '2022-04-06 15:40:46', '2022-04-06 15:40:46'),
(152, 'RCP1649234446', 'BRG1638505387', 'GUD1574152872', 1, 100, 11990, 0, '2022-11-24', NULL, '2022-04-06 15:40:46', '2022-04-06 15:40:46'),
(153, 'RCP1649235045', 'BRG1638272332', '', 0, 1, 1500000, 0, '0000-00-00', NULL, '2022-04-06 15:50:45', '2022-04-06 15:50:45'),
(154, 'RCP1649235160', 'BRG1638505383', '', 0, 1, 9229, 0, '0000-00-00', NULL, '2022-04-06 15:52:40', '2022-04-06 15:52:40'),
(155, 'RCP1649235443', 'BRG1638505387', '', 0, 1, 11990, 0, '0000-00-00', NULL, '2022-04-06 15:57:23', '2022-04-06 15:57:23'),
(156, 'RCP1649235443', 'BRG1638272332', '', 0, 1, 1500000, 0, '0000-00-00', NULL, '2022-04-06 15:57:23', '2022-04-06 15:57:23'),
(157, 'RCP1649235443', 'BRG1641821297', '', 0, 1, 42250, 0, '0000-00-00', NULL, '2022-04-06 15:57:23', '2022-04-06 15:57:23'),
(158, 'RCP1649235443', 'BRG1638505376', '', 0, 1, 34650, 0, '0000-00-00', NULL, '2022-04-06 15:57:23', '2022-04-06 15:57:23'),
(159, 'RCP1649235961', 'BRG1641821138', '', 0, 1, 91780, 0, '0000-00-00', NULL, '2022-04-06 16:06:01', '2022-04-06 16:06:01'),
(160, 'RCP1649235961', 'BRG1638505374', '', 0, 1, 10725, 0, '0000-00-00', NULL, '2022-04-06 16:06:01', '2022-04-06 16:06:01'),
(161, 'RCP1649236076', 'BRG1638505376', '', 0, 1, 34650, 0, '0000-00-00', NULL, '2022-04-06 16:07:56', '2022-04-06 16:07:56'),
(162, 'RCP1649236076', 'BRG1648726436', '', 0, 1, 164800, 0, '0000-00-00', NULL, '2022-04-06 16:07:56', '2022-04-06 16:07:56'),
(163, 'RCP1649236076', 'BRG1648726186', '', 0, 1, 172200, 0, '0000-00-00', NULL, '2022-04-06 16:07:56', '2022-04-06 16:07:56'),
(164, 'RCP1648878743', 'BRG1641821138', '', 0, 6, 91780, 0, '0000-00-00', NULL, '2022-04-06 16:10:12', '2022-04-06 16:10:12'),
(165, 'RCP1649236317', 'BRG1638272332', '', 0, 1, 1500000, 0, '0000-00-00', NULL, '2022-04-06 16:11:57', '2022-04-06 16:11:57'),
(166, 'RCP1649236317', 'BRG1638505376', '', 0, 1, 34650, 0, '0000-00-00', NULL, '2022-04-06 16:11:57', '2022-04-06 16:11:57'),
(167, 'RCP1649236317', 'BRG1648725689', '', 0, 1, 11781, 0, '0000-00-00', NULL, '2022-04-06 16:11:57', '2022-04-06 16:11:57'),
(168, 'RCP1649236317', 'BRG1648726186', '', 0, 1, 172200, 0, '0000-00-00', NULL, '2022-04-06 16:11:57', '2022-04-06 16:11:57'),
(169, 'RCP1649237643', 'BRG1641826447', 'GUD1574152872', 2, 24, 70000, 0, '2022-07-06', NULL, '2022-04-06 16:34:03', '2022-04-06 16:34:03'),
(170, 'RCP1649237643', 'BRG1641826367', 'GUD1574152872', 2, 25, 68500, 0, '2022-07-06', NULL, '2022-04-06 16:34:03', '2022-04-06 16:34:03'),
(171, 'RCP1649237643', 'BRG1641826797', 'GUD1574152872', 1, 24, 106500, 0, '2022-07-06', NULL, '2022-04-06 16:34:03', '2022-04-06 16:34:03'),
(172, 'RCP1649237643', 'BRG1641826738', 'GUD1574152872', 2, 24, 101000, 0, '2022-08-06', NULL, '2022-04-06 16:34:03', '2022-04-06 16:34:03');

-- --------------------------------------------------------

--
-- Table structure for table `tbl_jabatan`
--

CREATE TABLE `tbl_jabatan` (
  `id_jabatan` int(11) NOT NULL,
  `nama_jabatan` varchar(30) NOT NULL,
  `dtm_crt` datetime DEFAULT current_timestamp(),
  `dtm_upd` datetime NOT NULL DEFAULT current_timestamp()
) ENGINE=InnoDB DEFAULT CHARSET=latin1;

--
-- Dumping data for table `tbl_jabatan`
--

INSERT INTO `tbl_jabatan` (`id_jabatan`, `nama_jabatan`, `dtm_crt`, `dtm_upd`) VALUES
(1, 'Bag. Umum', '2019-12-02 15:49:21', '2021-09-23 04:17:05'),
(2, 'Administrasi', '2019-12-02 15:49:21', '2019-12-02 09:49:26'),
(3, 'penanggung jawab lab', '2019-12-02 15:49:21', '2019-12-02 15:49:21'),
(4, 'Apoteker', '2019-12-02 15:49:21', '2019-12-02 15:49:21'),
(5, 'OB', '2019-12-02 15:49:21', '2019-12-02 15:49:21'),
(6, 'Perawat', '2021-09-23 11:17:32', '2021-09-23 11:17:32'),
(7, 'Bidan', '2021-09-23 11:17:41', '2021-09-23 11:17:41'),
(8, 'Laundry', '2021-09-23 11:17:49', '2021-12-01 03:53:54'),
(9, 'Sopir Ambulance', '2021-09-23 11:27:27', '2021-12-01 03:53:20'),
(10, 'Sekuriti', '2021-12-01 03:54:35', '2021-12-01 03:54:35'),
(11, 'Kebersihan', '2021-12-01 03:55:15', '2021-12-01 03:55:15'),
(12, 'penunjang non medis', '2021-12-01 03:55:41', '2021-12-01 03:55:41'),
(13, 'Gizi', '2021-12-01 03:56:08', '2021-12-01 03:56:08');

-- --------------------------------------------------------

--
-- Table structure for table `tbl_jasa`
--

CREATE TABLE `tbl_jasa` (
  `kode_jasa` varchar(15) NOT NULL,
  `nama_jasa` varchar(50) NOT NULL,
  `id_kategori_barang` int(11) NOT NULL,
  `id_satuan_barang` int(11) NOT NULL,
  `hna` int(11) NOT NULL,
  `harga` int(11) NOT NULL,
  `barcode_jasa` int(11) NOT NULL,
  `foto_jasa` varchar(200) NOT NULL,
  `id_klinik` int(11) NOT NULL,
  `dtm_crt` datetime NOT NULL DEFAULT current_timestamp(),
  `dtm_upd` datetime NOT NULL DEFAULT current_timestamp()
) ENGINE=InnoDB DEFAULT CHARSET=latin1;

--
-- Dumping data for table `tbl_jasa`
--

INSERT INTO `tbl_jasa` (`kode_jasa`, `nama_jasa`, `id_kategori_barang`, `id_satuan_barang`, `hna`, `harga`, `barcode_jasa`, `foto_jasa`, `id_klinik`, `dtm_crt`, `dtm_upd`) VALUES
('JSA1573872070', 'Peracikan Obat', 2, 1, 80999, 90000, 0, 'OBT_1573872462.jpg', 1, '2019-11-16 09:41:11', '2019-11-16 03:47:42'),
('JSA1633058385', 'Rapid Antigen', 3, 1, 70000, 95000, 101, 'OBT_1633058385.jpeg', 1, '2021-10-01 10:19:45', '2021-10-01 10:19:45'),
('JSA1633058440', 'Imunisasi', 3, 1, 75000, 100000, 102, 'OBT_1633058440.doc', 1, '2021-10-01 10:20:40', '2021-10-01 10:20:40'),
('JSA1633338784', 'Fisiotherapy', 3, 11, 95000, 100000, 1250, 'OBT_1634184070.jpg', 1, '2021-10-04 16:13:04', '2021-10-14 04:01:10');

-- --------------------------------------------------------

--
-- Table structure for table `tbl_jenis_operasi`
--

CREATE TABLE `tbl_jenis_operasi` (
  `id_jenis_operasi` int(3) NOT NULL,
  `nama_jenis_operasi` varchar(200) NOT NULL,
  `biaya_ok` int(11) NOT NULL
) ENGINE=InnoDB DEFAULT CHARSET=utf8mb4;

--
-- Dumping data for table `tbl_jenis_operasi`
--

INSERT INTO `tbl_jenis_operasi` (`id_jenis_operasi`, `nama_jenis_operasi`, `biaya_ok`) VALUES
(1, 'Op. Ringan', 0),
(2, 'Op. Sedang', 0),
(3, 'Op. Berat', 0),
(4, 'Op. Khusus', 0);

-- --------------------------------------------------------

--
-- Table structure for table `tbl_jenjang_pendidikan`
--

CREATE TABLE `tbl_jenjang_pendidikan` (
  `id_jenjang_pendidikan` int(11) NOT NULL,
  `jenjang_pendidikan` varchar(20) NOT NULL
) ENGINE=InnoDB DEFAULT CHARSET=latin1;

--
-- Dumping data for table `tbl_jenjang_pendidikan`
--

INSERT INTO `tbl_jenjang_pendidikan` (`id_jenjang_pendidikan`, `jenjang_pendidikan`) VALUES
(1, 'SD'),
(2, 'SMP'),
(3, 'SMA'),
(4, 'D3'),
(5, 'D4'),
(6, 'S1'),
(7, 'S2');

-- --------------------------------------------------------

--
-- Table structure for table `tbl_kabupaten`
--

CREATE TABLE `tbl_kabupaten` (
  `id` int(10) UNSIGNED NOT NULL,
  `id_provinsi` int(3) NOT NULL,
  `kabupaten` varchar(191) COLLATE utf8mb4_unicode_ci NOT NULL,
  `created_at` timestamp NULL DEFAULT NULL,
  `updated_at` timestamp NULL DEFAULT NULL
) ENGINE=InnoDB DEFAULT CHARSET=utf8mb4 COLLATE=utf8mb4_unicode_ci;

--
-- Dumping data for table `tbl_kabupaten`
--

INSERT INTO `tbl_kabupaten` (`id`, `id_provinsi`, `kabupaten`, `created_at`, `updated_at`) VALUES
(1, 1, 'Kab. Pacitan', NULL, NULL),
(2, 1, 'Kab. Ponorogo', NULL, NULL),
(3, 1, 'Kab. Trenggalek', NULL, NULL),
(4, 1, 'Kab. Tulungagung', NULL, NULL),
(5, 1, 'Kab. Blitar', NULL, NULL),
(6, 1, 'Kab. Kediri', NULL, NULL),
(7, 1, 'Kab. Malang', NULL, NULL),
(8, 1, 'Kab. Lumajang', NULL, NULL),
(9, 1, 'Kab. Jember', NULL, NULL),
(10, 1, 'Kab. Banyuwangi', NULL, NULL),
(11, 1, 'Kab. Bondowoso', NULL, NULL),
(12, 1, 'Kab. Situbondo', NULL, NULL),
(13, 1, 'Kab. Probolinggo', NULL, NULL),
(14, 1, 'Kab. Pasuruan', NULL, NULL),
(15, 1, 'Kab. Sidoarjo', NULL, NULL),
(16, 1, 'Kab. Mojokerto', NULL, NULL),
(17, 1, 'Kab. Jombang', NULL, NULL),
(18, 1, 'Kab. Nganjuk', NULL, NULL),
(19, 1, 'Kab. Madiun', NULL, NULL),
(20, 1, 'Kab. Magetan', NULL, NULL),
(21, 1, 'Kab. Ngawi', NULL, NULL),
(22, 1, 'Kab. Bojonegoro', NULL, NULL),
(23, 1, 'Kab. Tuban', NULL, NULL),
(24, 1, 'Kab. Lamongan', NULL, NULL),
(25, 1, 'Kab. Gresik', NULL, NULL),
(26, 1, 'Kab. Bangkalan', NULL, NULL),
(27, 1, 'Kab. Sampang', NULL, NULL),
(28, 1, 'Kab. Pamekasan', NULL, NULL),
(29, 1, 'Kab. Sumenep', NULL, NULL),
(30, 1, 'Kota Kediri', NULL, NULL),
(31, 1, 'Kota Blitar', NULL, NULL),
(32, 1, 'Kota Malang', NULL, NULL),
(33, 1, 'Kota Probolinggo', NULL, NULL),
(34, 1, 'Kota Pasuruan', NULL, NULL),
(35, 1, 'Kota Mojokerto', NULL, NULL),
(36, 1, 'Kota Madiun', NULL, NULL),
(37, 1, 'Kota Surabaya', NULL, NULL),
(38, 1, 'Kota Batu', NULL, NULL);

-- --------------------------------------------------------

--
-- Table structure for table `tbl_kamar`
--

CREATE TABLE `tbl_kamar` (
  `id_kamar` int(5) NOT NULL,
  `id_kategori_kamar` int(2) NOT NULL,
  `no_kamar` varchar(100) NOT NULL,
  `status` enum('0','1') DEFAULT '0' COMMENT '0 = Kosong, 1= Terisi'
) ENGINE=InnoDB DEFAULT CHARSET=utf8mb4;

--
-- Dumping data for table `tbl_kamar`
--

INSERT INTO `tbl_kamar` (`id_kamar`, `id_kategori_kamar`, `no_kamar`, `status`) VALUES
(1, 1, 'MAHOTTAMA 1', '0'),
(6, 1, 'MAHOTTAMA 2', '0'),
(9, 1, 'MAHOTTAMA 3', '0'),
(10, 1, 'MAHOTTAMA 4', '0'),
(11, 1, 'MAHOTTAMA 5', '0'),
(12, 2, 'MAHOTTAMA 6', '1'),
(13, 2, 'MAHOTTAMA 7', '0'),
(14, 2, 'MAHOTTAMA 8', '0'),
(15, 2, 'MAHOTTAMA 9', '0');

-- --------------------------------------------------------

--
-- Table structure for table `tbl_kartu_hutang`
--

CREATE TABLE `tbl_kartu_hutang` (
  `id` int(6) NOT NULL,
  `kode_supplier` varchar(15) NOT NULL,
  `kode_purchase` varchar(15) NOT NULL,
  `nominal` int(11) NOT NULL,
  `tipe` enum('0','1') NOT NULL COMMENT '0 = Hutang, 1 = Bayar',
  `tanggal` datetime NOT NULL
) ENGINE=InnoDB DEFAULT CHARSET=utf8mb4;

--
-- Dumping data for table `tbl_kartu_hutang`
--

INSERT INTO `tbl_kartu_hutang` (`id`, `kode_supplier`, `kode_purchase`, `nominal`, `tipe`, `tanggal`) VALUES
(1, 'SUP1638087407', 'PO1638272515', 18000000, '0', '2021-11-30 11:43:09'),
(2, 'SUP1638869841', 'PO1638959928', 1950000, '0', '2021-12-08 10:41:28'),
(3, 'SUP1638870114', 'PO1640612701', 900000, '0', '2021-12-27 20:48:59'),
(4, 'SUP1638869394', 'PO1640612138', 16580000, '0', '2021-12-27 20:49:56'),
(5, 'SUP1638869394', 'PO1640168962', 15300000, '0', '2021-12-27 20:50:56'),
(6, 'SUP1638087407', 'PO1642136789', 3960000, '0', '2022-01-22 17:26:38'),
(7, 'SUP1638087407', 'PO1642136744', 3960000, '0', '2022-03-31 19:11:34');

-- --------------------------------------------------------

--
-- Table structure for table `tbl_kategori_barang`
--

CREATE TABLE `tbl_kategori_barang` (
  `id_kategori_barang` int(11) NOT NULL,
  `nama_kategori` varchar(100) NOT NULL,
  `dtm_crt` datetime NOT NULL DEFAULT current_timestamp(),
  `dtm_upd` datetime NOT NULL DEFAULT current_timestamp()
) ENGINE=InnoDB DEFAULT CHARSET=latin1;

--
-- Dumping data for table `tbl_kategori_barang`
--

INSERT INTO `tbl_kategori_barang` (`id_kategori_barang`, `nama_kategori`, `dtm_crt`, `dtm_upd`) VALUES
(4, 'TABLET', '2021-10-11 12:33:19', '2021-12-23 17:43:15'),
(5, 'SYRUP', '2021-11-09 10:45:35', '2021-12-23 17:43:03'),
(7, 'ALAT MEDIS', '2021-12-27 13:42:27', '2022-01-10 19:56:58'),
(8, 'INJEKSI', '2021-12-27 13:46:02', '2022-01-10 19:56:25'),
(9, 'CAIRAN', '2022-01-10 19:57:14', '2022-01-10 19:57:14'),
(10, 'KAPSUL', '2022-01-10 19:57:45', '2022-01-10 19:57:45'),
(11, 'SALEP', '2022-01-10 19:58:11', '2022-01-10 19:58:11');

-- --------------------------------------------------------

--
-- Table structure for table `tbl_kategori_biaya`
--

CREATE TABLE `tbl_kategori_biaya` (
  `id_kategori_biaya` int(3) NOT NULL,
  `item` varchar(255) NOT NULL
) ENGINE=InnoDB DEFAULT CHARSET=utf8mb4;

--
-- Dumping data for table `tbl_kategori_biaya`
--

INSERT INTO `tbl_kategori_biaya` (`id_kategori_biaya`, `item`) VALUES
(1, 'Pembelian'),
(4, 'PEMERIKSAAN'),
(5, 'RUJUKAN AMBULANCE DALAM KOTA'),
(6, 'RUJUKAN AMBULANCE LUAR KOTA'),
(7, 'CETAK GELANG'),
(8, 'ASUPAN GIZI'),
(9, 'OPERASI'),
(15, 'ADMINISTRASI'),
(18, 'UGD'),
(19, 'POLI'),
(20, 'RAWAT INAP');

-- --------------------------------------------------------

--
-- Table structure for table `tbl_kategori_kamar`
--

CREATE TABLE `tbl_kategori_kamar` (
  `id_kategori_kamar` int(2) NOT NULL,
  `nama` varchar(50) NOT NULL,
  `harga` int(8) NOT NULL
) ENGINE=InnoDB DEFAULT CHARSET=utf8mb4;

--
-- Dumping data for table `tbl_kategori_kamar`
--

INSERT INTO `tbl_kategori_kamar` (`id_kategori_kamar`, `nama`, `harga`) VALUES
(1, 'KAMAR KELAS 1', 350000),
(2, 'KAMAR KELAS 2', 200000);

-- --------------------------------------------------------

--
-- Table structure for table `tbl_kategori_periksa_lab_radiologi`
--

CREATE TABLE `tbl_kategori_periksa_lab_radiologi` (
  `id_kategori` int(3) NOT NULL,
  `nama_kategori` varchar(200) COLLATE utf8mb4_unicode_ci NOT NULL
) ENGINE=InnoDB DEFAULT CHARSET=utf8mb4 COLLATE=utf8mb4_unicode_ci;

--
-- Dumping data for table `tbl_kategori_periksa_lab_radiologi`
--

INSERT INTO `tbl_kategori_periksa_lab_radiologi` (`id_kategori`, `nama_kategori`) VALUES
(1, 'HEMATOLOGI'),
(2, 'FUNGSI HATI'),
(3, 'IMMUNOSEROLOGI'),
(4, 'ELEKTROLIT'),
(5, 'PREPARAT'),
(6, 'KULTUR & Resistensi'),
(7, 'NARKOBA'),
(8, 'URINALIS'),
(9, 'KEHAMILAN'),
(10, 'FAECES'),
(11, 'LEMAK DARAH'),
(12, 'HEPATITIS'),
(13, 'TORCH & TUMOR MARKER'),
(14, 'PROFIL JANTUNG'),
(15, 'DIABETES MELLITUS'),
(16, 'FUNFSI GINJAL'),
(17, 'USG'),
(18, 'TES HORMON'),
(19, 'ALERGI'),
(20, 'LAIN-LAIN /LAB'),
(21, 'X-RAY DADA & PERUT'),
(22, 'X-RAY KEPALA'),
(23, 'X-RAY EXTRIMITAS ATAS'),
(24, 'X-RAY EXTRIMITAS BAWAH'),
(25, 'X-RAY TULANG BELAKANG'),
(26, 'X-RAY LAIN-LAIN'),
(27, 'PATOLOGI ANATOMI');

-- --------------------------------------------------------

--
-- Table structure for table `tbl_kategori_tindakan`
--

CREATE TABLE `tbl_kategori_tindakan` (
  `id_kategori` int(3) NOT NULL,
  `item` varchar(255) NOT NULL
) ENGINE=InnoDB DEFAULT CHARSET=utf8mb4;

--
-- Dumping data for table `tbl_kategori_tindakan`
--

INSERT INTO `tbl_kategori_tindakan` (`id_kategori`, `item`) VALUES
(1, 'Umum'),
(3, 'Gigi'),
(5, 'Pendaftaran'),
(6, 'UGD'),
(7, 'Poliklinik'),
(8, 'Rawat Inap'),
(9, 'Jasa Operator OK');

-- --------------------------------------------------------

--
-- Table structure for table `tbl_kecamatan`
--

CREATE TABLE `tbl_kecamatan` (
  `id` int(5) NOT NULL,
  `id_kabupaten` int(5) NOT NULL,
  `kecamatan` varchar(200) NOT NULL,
  `dtm_crt` timestamp NOT NULL DEFAULT current_timestamp(),
  `dtm_upd` timestamp NOT NULL DEFAULT current_timestamp()
) ENGINE=InnoDB DEFAULT CHARSET=utf8mb4;

--
-- Dumping data for table `tbl_kecamatan`
--

INSERT INTO `tbl_kecamatan` (`id`, `id_kabupaten`, `kecamatan`, `dtm_crt`, `dtm_upd`) VALUES
(1, 1, 'DONOROJO', '2022-01-26 17:00:00', '2022-01-27 07:53:48'),
(2, 1, 'PUNUNG', '2022-01-26 17:00:00', '2022-01-27 07:53:48'),
(3, 1, 'PRINGKUKU', '2022-01-26 17:00:00', '2022-01-27 07:53:48'),
(4, 1, 'PACITAN', '2022-01-26 17:00:00', '2022-01-27 07:53:48'),
(5, 1, 'KEBONAGUNG', '2022-01-26 17:00:00', '2022-01-27 07:53:48'),
(6, 1, 'ARJOSARI', '2022-01-26 17:00:00', '2022-01-27 07:53:48'),
(7, 1, 'NAWANGAN', '2022-01-26 17:00:00', '2022-01-27 07:53:48'),
(8, 1, 'BANDAR', '2022-01-26 17:00:00', '2022-01-27 07:53:48'),
(9, 1, 'TEGALOMBO', '2022-01-26 17:00:00', '2022-01-27 07:53:48'),
(10, 1, 'TULAKAN', '2022-01-26 17:00:00', '2022-01-27 07:53:48'),
(11, 1, 'NGADIROJO', '2022-01-26 17:00:00', '2022-01-27 07:53:48'),
(12, 1, 'SUDIMORO', '2022-01-26 17:00:00', '2022-01-27 07:53:48'),
(13, 2, 'NGRAYUN', '2022-01-26 17:00:00', '2022-01-27 07:53:48'),
(14, 2, 'SLAHUNG', '2022-01-26 17:00:00', '2022-01-27 07:53:48'),
(15, 2, 'BUNGKAL', '2022-01-26 17:00:00', '2022-01-27 07:53:48'),
(16, 2, 'SAMBIT', '2022-01-26 17:00:00', '2022-01-27 07:53:48'),
(17, 2, 'SAWOO', '2022-01-26 17:00:00', '2022-01-27 07:53:48'),
(18, 2, 'SOOKO', '2022-01-26 17:00:00', '2022-01-27 07:53:48'),
(19, 2, 'PUDAK', '2022-01-26 17:00:00', '2022-01-27 07:53:48'),
(20, 2, 'PULUNG', '2022-01-26 17:00:00', '2022-01-27 07:53:48'),
(21, 2, 'MLARAK', '2022-01-26 17:00:00', '2022-01-27 07:53:48'),
(22, 2, 'SIMAN', '2022-01-26 17:00:00', '2022-01-27 07:53:48'),
(23, 2, 'JETIS', '2022-01-26 17:00:00', '2022-01-27 07:53:48'),
(24, 2, 'BALONG', '2022-01-26 17:00:00', '2022-01-27 07:53:48'),
(25, 2, 'KAUMAN', '2022-01-26 17:00:00', '2022-01-27 07:53:48'),
(26, 2, 'JAMBON', '2022-01-26 17:00:00', '2022-01-27 07:53:48'),
(27, 2, 'BADEGAN', '2022-01-26 17:00:00', '2022-01-27 07:53:48'),
(28, 2, 'SAMPUNG', '2022-01-26 17:00:00', '2022-01-27 07:53:48'),
(29, 2, 'SUKOREJO', '2022-01-26 17:00:00', '2022-01-27 07:53:48'),
(30, 2, 'PONOROGO', '2022-01-26 17:00:00', '2022-01-27 07:53:48'),
(31, 2, 'BABADAN', '2022-01-26 17:00:00', '2022-01-27 07:53:48'),
(32, 2, 'JENANGAN', '2022-01-26 17:00:00', '2022-01-27 07:53:48'),
(33, 2, 'NGEBEL', '2022-01-26 17:00:00', '2022-01-27 07:53:48'),
(34, 3, 'PANGGUL', '2022-01-26 17:00:00', '2022-01-27 07:53:48'),
(35, 3, 'MUNJUNGAN', '2022-01-26 17:00:00', '2022-01-27 07:53:48'),
(36, 3, 'WATULIMO', '2022-01-26 17:00:00', '2022-01-27 07:53:48'),
(37, 3, 'KAMPAK', '2022-01-26 17:00:00', '2022-01-27 07:53:48'),
(38, 3, 'DONGKO', '2022-01-26 17:00:00', '2022-01-27 07:53:48'),
(39, 3, 'PULE', '2022-01-26 17:00:00', '2022-01-27 07:53:48'),
(40, 3, 'KARANGAN', '2022-01-26 17:00:00', '2022-01-27 07:53:48'),
(41, 3, 'SURUH', '2022-01-26 17:00:00', '2022-01-27 07:53:48'),
(42, 3, 'GANDUSARI', '2022-01-26 17:00:00', '2022-01-27 07:53:48'),
(43, 3, 'DURENAN', '2022-01-26 17:00:00', '2022-01-27 07:53:48'),
(44, 3, 'POGALAN', '2022-01-26 17:00:00', '2022-01-27 07:53:48'),
(45, 3, 'TRENGGALEK', '2022-01-26 17:00:00', '2022-01-27 07:53:48'),
(46, 3, 'TUGU', '2022-01-26 17:00:00', '2022-01-27 07:53:48'),
(47, 3, 'BENDUNGAN', '2022-01-26 17:00:00', '2022-01-27 07:53:48'),
(48, 4, 'BESUKI', '2022-01-26 17:00:00', '2022-01-27 07:53:48'),
(49, 4, 'BANDUNG', '2022-01-26 17:00:00', '2022-01-27 07:53:48'),
(50, 4, 'PAKEL', '2022-01-26 17:00:00', '2022-01-27 07:53:48'),
(51, 4, 'CAMPUR DARAT', '2022-01-26 17:00:00', '2022-01-27 07:53:48'),
(52, 4, 'TANGGUNG GUNUNG', '2022-01-26 17:00:00', '2022-01-27 07:53:48'),
(53, 4, 'KALIDAWIR', '2022-01-26 17:00:00', '2022-01-27 07:53:48'),
(54, 4, 'PUCANG LABAN', '2022-01-26 17:00:00', '2022-01-27 07:53:48'),
(55, 4, 'REJOTANGAN', '2022-01-26 17:00:00', '2022-01-27 07:53:48'),
(56, 4, 'NGUNUT', '2022-01-26 17:00:00', '2022-01-27 07:53:48'),
(57, 4, 'SUMBERGEMPOL', '2022-01-26 17:00:00', '2022-01-27 07:53:48'),
(58, 4, 'BOYOLANGU', '2022-01-26 17:00:00', '2022-01-27 07:53:48'),
(59, 4, 'TULUNGAGUNG', '2022-01-26 17:00:00', '2022-01-27 07:53:48'),
(60, 4, 'KEDUNGWARU', '2022-01-26 17:00:00', '2022-01-27 07:53:48'),
(61, 4, 'NGANTRU', '2022-01-26 17:00:00', '2022-01-27 07:53:48'),
(62, 4, 'KARANGREJO', '2022-01-26 17:00:00', '2022-01-27 07:53:48'),
(63, 4, 'KAUMAN', '2022-01-26 17:00:00', '2022-01-27 07:53:48'),
(64, 4, 'GONDANG', '2022-01-26 17:00:00', '2022-01-27 07:53:48'),
(65, 4, 'PAGER WOJO', '2022-01-26 17:00:00', '2022-01-27 07:53:48'),
(66, 4, 'SENDANG', '2022-01-26 17:00:00', '2022-01-27 07:53:48'),
(67, 5, 'BAKUNG', '2022-01-26 17:00:00', '2022-01-27 07:53:48'),
(68, 5, 'WONOTIRTO', '2022-01-26 17:00:00', '2022-01-27 07:53:48'),
(69, 5, 'PANGGUNGREJO', '2022-01-26 17:00:00', '2022-01-27 07:53:48'),
(70, 5, 'WATES', '2022-01-26 17:00:00', '2022-01-27 07:53:48'),
(71, 5, 'BINANGUN', '2022-01-26 17:00:00', '2022-01-27 07:53:48'),
(72, 5, 'SUTOJAYAN', '2022-01-26 17:00:00', '2022-01-27 07:53:48'),
(73, 5, 'KADEMANGAN', '2022-01-26 17:00:00', '2022-01-27 07:53:48'),
(74, 5, 'KANIGORO', '2022-01-26 17:00:00', '2022-01-27 07:53:48'),
(75, 5, 'TALUN', '2022-01-26 17:00:00', '2022-01-27 07:53:48'),
(76, 5, 'SELOPURO', '2022-01-26 17:00:00', '2022-01-27 07:53:48'),
(77, 5, 'KESAMBEN', '2022-01-26 17:00:00', '2022-01-27 07:53:48'),
(78, 5, 'SELOREJO', '2022-01-26 17:00:00', '2022-01-27 07:53:48'),
(79, 5, 'DOKO', '2022-01-26 17:00:00', '2022-01-27 07:53:48'),
(80, 5, 'WLINGI', '2022-01-26 17:00:00', '2022-01-27 07:53:48'),
(81, 5, 'GANDUSARI', '2022-01-26 17:00:00', '2022-01-27 07:53:48'),
(82, 5, 'GARUM', '2022-01-26 17:00:00', '2022-01-27 07:53:48'),
(83, 5, 'NGLEGOK', '2022-01-26 17:00:00', '2022-01-27 07:53:48'),
(84, 5, 'SANANKULON', '2022-01-26 17:00:00', '2022-01-27 07:53:48'),
(85, 5, 'PONGGOK', '2022-01-26 17:00:00', '2022-01-27 07:53:48'),
(86, 5, 'SRENGAT', '2022-01-26 17:00:00', '2022-01-27 07:53:48'),
(87, 5, 'WONODADI', '2022-01-26 17:00:00', '2022-01-27 07:53:48'),
(88, 5, 'UDANAWU', '2022-01-26 17:00:00', '2022-01-27 07:53:48'),
(89, 6, 'MOJO', '2022-01-26 17:00:00', '2022-01-27 07:53:48'),
(90, 6, 'SEMEN', '2022-01-26 17:00:00', '2022-01-27 07:53:48'),
(91, 6, 'NGADILUWIH', '2022-01-26 17:00:00', '2022-01-27 07:53:48'),
(92, 6, 'KRAS', '2022-01-26 17:00:00', '2022-01-27 07:53:48'),
(93, 6, 'RINGINREJO', '2022-01-26 17:00:00', '2022-01-27 07:53:48'),
(94, 6, 'KANDAT', '2022-01-26 17:00:00', '2022-01-27 07:53:48'),
(95, 6, 'WATES', '2022-01-26 17:00:00', '2022-01-27 07:53:48'),
(96, 6, 'NGANCAR', '2022-01-26 17:00:00', '2022-01-27 07:53:48'),
(97, 6, 'PLOSOKLATEN', '2022-01-26 17:00:00', '2022-01-27 07:53:48'),
(98, 6, 'GURAH', '2022-01-26 17:00:00', '2022-01-27 07:53:48'),
(99, 6, 'PUNCU', '2022-01-26 17:00:00', '2022-01-27 07:53:48'),
(100, 6, 'KEPUNG', '2022-01-26 17:00:00', '2022-01-27 07:53:48'),
(101, 6, 'KANDANGAN', '2022-01-26 17:00:00', '2022-01-27 07:53:48'),
(102, 6, 'PARE', '2022-01-26 17:00:00', '2022-01-27 07:53:48'),
(103, 6, 'BADAS', '2022-01-26 17:00:00', '2022-01-27 07:53:48'),
(104, 6, 'KUNJANG', '2022-01-26 17:00:00', '2022-01-27 07:53:48'),
(105, 6, 'PLEMAHAN', '2022-01-26 17:00:00', '2022-01-27 07:53:48'),
(106, 6, 'PURWOASRI', '2022-01-26 17:00:00', '2022-01-27 07:53:48'),
(107, 6, 'PAPAR', '2022-01-26 17:00:00', '2022-01-27 07:53:48'),
(108, 6, 'PAGU', '2022-01-26 17:00:00', '2022-01-27 07:53:48'),
(109, 6, 'KAYEN KIDUL', '2022-01-26 17:00:00', '2022-01-27 07:53:48'),
(110, 6, 'GAMPENGREJO', '2022-01-26 17:00:00', '2022-01-27 07:53:48'),
(111, 6, 'NGASEM', '2022-01-26 17:00:00', '2022-01-27 07:53:48'),
(112, 6, 'BANYAKAN', '2022-01-26 17:00:00', '2022-01-27 07:53:48'),
(113, 6, 'GROGOL', '2022-01-26 17:00:00', '2022-01-27 07:53:48'),
(114, 6, 'TAROKAN', '2022-01-26 17:00:00', '2022-01-27 07:53:48'),
(115, 7, 'DONOMULYO', '2022-01-26 17:00:00', '2022-01-27 07:53:48'),
(116, 7, 'KALIPARE', '2022-01-26 17:00:00', '2022-01-27 07:53:48'),
(117, 7, 'PAGAK', '2022-01-26 17:00:00', '2022-01-27 07:53:48'),
(118, 7, 'BANTUR', '2022-01-26 17:00:00', '2022-01-27 07:53:48'),
(119, 7, 'GEDANGAN', '2022-01-26 17:00:00', '2022-01-27 07:53:48'),
(120, 7, 'SUMBERMANJING', '2022-01-26 17:00:00', '2022-01-27 07:53:48'),
(121, 7, 'DAMPIT', '2022-01-26 17:00:00', '2022-01-27 07:53:48'),
(122, 7, 'TIRTO YUDO', '2022-01-26 17:00:00', '2022-01-27 07:53:48'),
(123, 7, 'AMPELGADING', '2022-01-26 17:00:00', '2022-01-27 07:53:48'),
(124, 7, 'PONCOKUSUMO', '2022-01-26 17:00:00', '2022-01-27 07:53:48'),
(125, 7, 'WAJAK', '2022-01-26 17:00:00', '2022-01-27 07:53:48'),
(126, 7, 'TUREN', '2022-01-26 17:00:00', '2022-01-27 07:53:48'),
(127, 7, 'BULULAWANG', '2022-01-26 17:00:00', '2022-01-27 07:53:48'),
(128, 7, 'GONDANGLEGI', '2022-01-26 17:00:00', '2022-01-27 07:53:48'),
(129, 7, 'PAGELARAN', '2022-01-26 17:00:00', '2022-01-27 07:53:48'),
(130, 7, 'KEPANJEN', '2022-01-26 17:00:00', '2022-01-27 07:53:48'),
(131, 7, 'SUMBER PUCUNG', '2022-01-26 17:00:00', '2022-01-27 07:53:48'),
(132, 7, 'KROMENGAN', '2022-01-26 17:00:00', '2022-01-27 07:53:48'),
(133, 7, 'NGAJUM', '2022-01-26 17:00:00', '2022-01-27 07:53:48'),
(134, 7, 'WONOSARI', '2022-01-26 17:00:00', '2022-01-27 07:53:48'),
(135, 7, 'WAGIR', '2022-01-26 17:00:00', '2022-01-27 07:53:48'),
(136, 7, 'PAKISAJI', '2022-01-26 17:00:00', '2022-01-27 07:53:48'),
(137, 7, 'TAJINAN', '2022-01-26 17:00:00', '2022-01-27 07:53:48'),
(138, 7, 'TUMPANG', '2022-01-26 17:00:00', '2022-01-27 07:53:48'),
(139, 7, 'PAKIS', '2022-01-26 17:00:00', '2022-01-27 07:53:48'),
(140, 7, 'JABUNG', '2022-01-26 17:00:00', '2022-01-27 07:53:48'),
(141, 7, 'LAWANG', '2022-01-26 17:00:00', '2022-01-27 07:53:48'),
(142, 7, 'SINGOSARI', '2022-01-26 17:00:00', '2022-01-27 07:53:48'),
(143, 7, 'KARANGPLOSO', '2022-01-26 17:00:00', '2022-01-27 07:53:48'),
(144, 7, 'DAU', '2022-01-26 17:00:00', '2022-01-27 07:53:48'),
(145, 7, 'PUJON', '2022-01-26 17:00:00', '2022-01-27 07:53:48'),
(146, 7, 'NGANTANG', '2022-01-26 17:00:00', '2022-01-27 07:53:48'),
(147, 7, 'KASEMBON', '2022-01-26 17:00:00', '2022-01-27 07:53:48'),
(148, 8, 'TEMPURSARI', '2022-01-26 17:00:00', '2022-01-27 07:53:48'),
(149, 8, 'PRONOJIWO', '2022-01-26 17:00:00', '2022-01-27 07:53:48'),
(150, 8, 'CANDIPURO', '2022-01-26 17:00:00', '2022-01-27 07:53:48'),
(151, 8, 'PASIRIAN', '2022-01-26 17:00:00', '2022-01-27 07:53:48'),
(152, 8, 'TEMPEH', '2022-01-26 17:00:00', '2022-01-27 07:53:48'),
(153, 8, 'LUMAJANG', '2022-01-26 17:00:00', '2022-01-27 07:53:48'),
(154, 8, 'SUMBERSUKO', '2022-01-26 17:00:00', '2022-01-27 07:53:48'),
(155, 8, 'TEKUNG', '2022-01-26 17:00:00', '2022-01-27 07:53:48'),
(156, 8, 'KUNIR', '2022-01-26 17:00:00', '2022-01-27 07:53:48'),
(157, 8, 'YOSOWILANGUN', '2022-01-26 17:00:00', '2022-01-27 07:53:48'),
(158, 8, 'ROWOKANGKUNG', '2022-01-26 17:00:00', '2022-01-27 07:53:48'),
(159, 8, 'JATIROTO', '2022-01-26 17:00:00', '2022-01-27 07:53:48'),
(160, 8, 'RANDUAGUNG', '2022-01-26 17:00:00', '2022-01-27 07:53:48'),
(161, 8, 'SUKODONO', '2022-01-26 17:00:00', '2022-01-27 07:53:48'),
(162, 8, 'PADANG', '2022-01-26 17:00:00', '2022-01-27 07:53:48'),
(163, 8, 'PASRUJAMBE', '2022-01-26 17:00:00', '2022-01-27 07:53:48'),
(164, 8, 'SENDURO', '2022-01-26 17:00:00', '2022-01-27 07:53:48'),
(165, 8, 'GUCIALIT', '2022-01-26 17:00:00', '2022-01-27 07:53:48'),
(166, 8, 'KEDUNGJAJANG', '2022-01-26 17:00:00', '2022-01-27 07:53:48'),
(167, 8, 'KLAKAH', '2022-01-26 17:00:00', '2022-01-27 07:53:48'),
(168, 8, 'RANUYOSO', '2022-01-26 17:00:00', '2022-01-27 07:53:48'),
(169, 9, 'KENCONG', '2022-01-26 17:00:00', '2022-01-27 07:53:48'),
(170, 9, 'GUMUK MAS', '2022-01-26 17:00:00', '2022-01-27 07:53:48'),
(171, 9, 'PUGER', '2022-01-26 17:00:00', '2022-01-27 07:53:48'),
(172, 9, 'WULUHAN', '2022-01-26 17:00:00', '2022-01-27 07:53:48'),
(173, 9, 'AMBULU', '2022-01-26 17:00:00', '2022-01-27 07:53:48'),
(174, 9, 'TEMPUREJO', '2022-01-26 17:00:00', '2022-01-27 07:53:48'),
(175, 9, 'SILO', '2022-01-26 17:00:00', '2022-01-27 07:53:48'),
(176, 9, 'MAYANG', '2022-01-26 17:00:00', '2022-01-27 07:53:48'),
(177, 9, 'MUMBULSARI', '2022-01-26 17:00:00', '2022-01-27 07:53:48'),
(178, 9, 'JENGGAWAH', '2022-01-26 17:00:00', '2022-01-27 07:53:48'),
(179, 9, 'AJUNG', '2022-01-26 17:00:00', '2022-01-27 07:53:48'),
(180, 9, 'RAMBIPUJI', '2022-01-26 17:00:00', '2022-01-27 07:53:48'),
(181, 9, 'BALUNG', '2022-01-26 17:00:00', '2022-01-27 07:53:48'),
(182, 9, 'UMBULSARI', '2022-01-26 17:00:00', '2022-01-27 07:53:48'),
(183, 9, 'SEMBORO', '2022-01-26 17:00:00', '2022-01-27 07:53:48'),
(184, 9, 'JOMBANG', '2022-01-26 17:00:00', '2022-01-27 07:53:48'),
(185, 9, 'SUMBER BARU', '2022-01-26 17:00:00', '2022-01-27 07:53:48'),
(186, 9, 'TANGGUL', '2022-01-26 17:00:00', '2022-01-27 07:53:48'),
(187, 9, 'BANGSALSARI', '2022-01-26 17:00:00', '2022-01-27 07:53:48'),
(188, 9, 'PANTI', '2022-01-26 17:00:00', '2022-01-27 07:53:48'),
(189, 9, 'SUKORAMBI', '2022-01-26 17:00:00', '2022-01-27 07:53:48'),
(190, 9, 'ARJASA', '2022-01-26 17:00:00', '2022-01-27 07:53:48'),
(191, 9, 'PAKUSARI', '2022-01-26 17:00:00', '2022-01-27 07:53:48'),
(192, 9, 'KALISAT', '2022-01-26 17:00:00', '2022-01-27 07:53:48'),
(193, 9, 'LEDOKOMBO', '2022-01-26 17:00:00', '2022-01-27 07:53:48'),
(194, 9, 'SUMBERJAMBE', '2022-01-26 17:00:00', '2022-01-27 07:53:48'),
(195, 9, 'SUKOWONO', '2022-01-26 17:00:00', '2022-01-27 07:53:48'),
(196, 9, 'JELBUK', '2022-01-26 17:00:00', '2022-01-27 07:53:48'),
(197, 9, 'KALIWATES', '2022-01-26 17:00:00', '2022-01-27 07:53:48'),
(198, 9, 'SUMBERSARI', '2022-01-26 17:00:00', '2022-01-27 07:53:48'),
(199, 9, 'PATRANG', '2022-01-26 17:00:00', '2022-01-27 07:53:48'),
(200, 10, 'PESANGGARAN', '2022-01-26 17:00:00', '2022-01-27 07:53:48'),
(201, 10, 'SILIRAGUNG', '2022-01-26 17:00:00', '2022-01-27 07:53:48'),
(202, 10, 'BANGOREJO', '2022-01-26 17:00:00', '2022-01-27 07:53:48'),
(203, 10, 'PURWOHARJO', '2022-01-26 17:00:00', '2022-01-27 07:53:48'),
(204, 10, 'TEGALDLIMO', '2022-01-26 17:00:00', '2022-01-27 07:53:48'),
(205, 10, 'MUNCAR', '2022-01-26 17:00:00', '2022-01-27 07:53:48'),
(206, 10, 'CLURING', '2022-01-26 17:00:00', '2022-01-27 07:53:48'),
(207, 10, 'GAMBIRAN', '2022-01-26 17:00:00', '2022-01-27 07:53:48'),
(208, 10, 'TEGALSARI', '2022-01-26 17:00:00', '2022-01-27 07:53:48'),
(209, 10, 'GLENMORE', '2022-01-26 17:00:00', '2022-01-27 07:53:48'),
(210, 10, 'KALIBARU', '2022-01-26 17:00:00', '2022-01-27 07:53:48'),
(211, 10, 'GENTENG', '2022-01-26 17:00:00', '2022-01-27 07:53:48'),
(212, 10, 'SRONO', '2022-01-26 17:00:00', '2022-01-27 07:53:48'),
(213, 10, 'ROGOJAMPI', '2022-01-26 17:00:00', '2022-01-27 07:53:48'),
(214, 10, 'BLIMBINGSARI', '2022-01-26 17:00:00', '2022-01-27 07:53:48'),
(215, 10, 'KABAT', '2022-01-26 17:00:00', '2022-01-27 07:53:48'),
(216, 10, 'SINGOJURUH', '2022-01-26 17:00:00', '2022-01-27 07:53:48'),
(217, 10, 'SEMPU', '2022-01-26 17:00:00', '2022-01-27 07:53:48'),
(218, 10, 'SONGGON', '2022-01-26 17:00:00', '2022-01-27 07:53:48'),
(219, 10, 'GLAGAH', '2022-01-26 17:00:00', '2022-01-27 07:53:48'),
(220, 10, 'LICIN', '2022-01-26 17:00:00', '2022-01-27 07:53:48'),
(221, 10, 'BANYUWANGI', '2022-01-26 17:00:00', '2022-01-27 07:53:48'),
(222, 10, 'GIRI', '2022-01-26 17:00:00', '2022-01-27 07:53:48'),
(223, 10, 'KALIPURO', '2022-01-26 17:00:00', '2022-01-27 07:53:48'),
(224, 10, 'WONGSOREJO', '2022-01-26 17:00:00', '2022-01-27 07:53:48'),
(225, 11, 'MAESAN', '2022-01-26 17:00:00', '2022-01-27 07:53:48'),
(226, 11, 'GRUJUGAN', '2022-01-26 17:00:00', '2022-01-27 07:53:48'),
(227, 11, 'TAMANAN', '2022-01-26 17:00:00', '2022-01-27 07:53:48'),
(228, 11, 'JAMBESARI DARUS SHOLAH', '2022-01-26 17:00:00', '2022-01-27 07:53:48'),
(229, 11, 'PUJER', '2022-01-26 17:00:00', '2022-01-27 07:53:48'),
(230, 11, 'TLOGOSARI', '2022-01-26 17:00:00', '2022-01-27 07:53:48'),
(231, 11, 'SUKOSARI', '2022-01-26 17:00:00', '2022-01-27 07:53:48'),
(232, 11, 'SUMBER WRINGIN', '2022-01-26 17:00:00', '2022-01-27 07:53:48'),
(233, 11, 'TAPEN', '2022-01-26 17:00:00', '2022-01-27 07:53:48'),
(234, 11, 'WONOSARI', '2022-01-26 17:00:00', '2022-01-27 07:53:48'),
(235, 11, 'TENGGARANG', '2022-01-26 17:00:00', '2022-01-27 07:53:48'),
(236, 11, 'BONDOWOSO', '2022-01-26 17:00:00', '2022-01-27 07:53:48'),
(237, 11, 'CURAH DAMI', '2022-01-26 17:00:00', '2022-01-27 07:53:48'),
(238, 11, 'BINAKAL', '2022-01-26 17:00:00', '2022-01-27 07:53:48'),
(239, 11, 'PAKEM', '2022-01-26 17:00:00', '2022-01-27 07:53:48'),
(240, 11, 'WRINGIN', '2022-01-26 17:00:00', '2022-01-27 07:53:48'),
(241, 11, 'TEGALAMPEL', '2022-01-26 17:00:00', '2022-01-27 07:53:48'),
(242, 11, 'TAMAN KROCOK', '2022-01-26 17:00:00', '2022-01-27 07:53:48'),
(243, 11, 'KLABANG', '2022-01-26 17:00:00', '2022-01-27 07:53:48'),
(244, 11, 'IJEN', '2022-01-26 17:00:00', '2022-01-27 07:53:48'),
(245, 11, 'BOTOLINGGO', '2022-01-26 17:00:00', '2022-01-27 07:53:48'),
(246, 11, 'PRAJEKAN', '2022-01-26 17:00:00', '2022-01-27 07:53:48'),
(247, 11, 'CERMEE', '2022-01-26 17:00:00', '2022-01-27 07:53:48'),
(248, 12, 'SUMBERMALANG', '2022-01-26 17:00:00', '2022-01-27 07:53:48'),
(249, 12, 'JATIBANTENG', '2022-01-26 17:00:00', '2022-01-27 07:53:48'),
(250, 12, 'BANYUGLUGUR', '2022-01-26 17:00:00', '2022-01-27 07:53:48'),
(251, 12, 'BESUKI', '2022-01-26 17:00:00', '2022-01-27 07:53:48'),
(252, 12, 'SUBOH', '2022-01-26 17:00:00', '2022-01-27 07:53:48'),
(253, 12, 'MLANDINGAN', '2022-01-26 17:00:00', '2022-01-27 07:53:48'),
(254, 12, 'BUNGATAN', '2022-01-26 17:00:00', '2022-01-27 07:53:48'),
(255, 12, 'KENDIT', '2022-01-26 17:00:00', '2022-01-27 07:53:48'),
(256, 12, 'PANARUKAN', '2022-01-26 17:00:00', '2022-01-27 07:53:48'),
(257, 12, 'SITUBONDO', '2022-01-26 17:00:00', '2022-01-27 07:53:48'),
(258, 12, 'MANGARAN', '2022-01-26 17:00:00', '2022-01-27 07:53:48'),
(259, 12, 'PANJI', '2022-01-26 17:00:00', '2022-01-27 07:53:48'),
(260, 12, 'KAPONGAN', '2022-01-26 17:00:00', '2022-01-27 07:53:48'),
(261, 12, 'ARJASA', '2022-01-26 17:00:00', '2022-01-27 07:53:48'),
(262, 12, 'JANGKAR', '2022-01-26 17:00:00', '2022-01-27 07:53:48'),
(263, 12, 'ASEMBAGUS', '2022-01-26 17:00:00', '2022-01-27 07:53:48'),
(264, 12, 'BANYUPUTIH', '2022-01-26 17:00:00', '2022-01-27 07:53:48'),
(265, 13, 'SUKAPURA', '2022-01-26 17:00:00', '2022-01-27 07:53:48'),
(266, 13, 'SUMBER', '2022-01-26 17:00:00', '2022-01-27 07:53:48'),
(267, 13, 'KURIPAN', '2022-01-26 17:00:00', '2022-01-27 07:53:48'),
(268, 13, 'BANTARAN', '2022-01-26 17:00:00', '2022-01-27 07:53:48'),
(269, 13, 'LECES', '2022-01-26 17:00:00', '2022-01-27 07:53:48'),
(270, 13, 'TEGALSIWALAN', '2022-01-26 17:00:00', '2022-01-27 07:53:48'),
(271, 13, 'BANYUANYAR', '2022-01-26 17:00:00', '2022-01-27 07:53:48'),
(272, 13, 'TIRIS', '2022-01-26 17:00:00', '2022-01-27 07:53:48'),
(273, 13, 'KRUCIL', '2022-01-26 17:00:00', '2022-01-27 07:53:48'),
(274, 13, 'GADING', '2022-01-26 17:00:00', '2022-01-27 07:53:48'),
(275, 13, 'PAKUNIRAN', '2022-01-26 17:00:00', '2022-01-27 07:53:48'),
(276, 13, 'KOTAANYAR', '2022-01-26 17:00:00', '2022-01-27 07:53:48'),
(277, 13, 'PAITON', '2022-01-26 17:00:00', '2022-01-27 07:53:48'),
(278, 13, 'BESUK', '2022-01-26 17:00:00', '2022-01-27 07:53:48'),
(279, 13, 'KRAKSAAN', '2022-01-26 17:00:00', '2022-01-27 07:53:48'),
(280, 13, 'KREJENGAN', '2022-01-26 17:00:00', '2022-01-27 07:53:48'),
(281, 13, 'PAJARAKAN', '2022-01-26 17:00:00', '2022-01-27 07:53:48'),
(282, 13, 'MARON', '2022-01-26 17:00:00', '2022-01-27 07:53:48'),
(283, 13, 'GENDING', '2022-01-26 17:00:00', '2022-01-27 07:53:48'),
(284, 13, 'DRINGU', '2022-01-26 17:00:00', '2022-01-27 07:53:48'),
(285, 13, 'WONOMERTO', '2022-01-26 17:00:00', '2022-01-27 07:53:48'),
(286, 13, 'LUMBANG', '2022-01-26 17:00:00', '2022-01-27 07:53:48'),
(287, 13, 'TONGAS', '2022-01-26 17:00:00', '2022-01-27 07:53:48'),
(288, 13, 'SUMBERASIH', '2022-01-26 17:00:00', '2022-01-27 07:53:48'),
(289, 14, 'PURWODADI', '2022-01-26 17:00:00', '2022-01-27 07:53:48'),
(290, 14, 'TUTUR', '2022-01-26 17:00:00', '2022-01-27 07:53:48'),
(291, 14, 'PUSPO', '2022-01-26 17:00:00', '2022-01-27 07:53:48'),
(292, 14, 'TOSARI', '2022-01-26 17:00:00', '2022-01-27 07:53:48'),
(293, 14, 'LUMBANG', '2022-01-26 17:00:00', '2022-01-27 07:53:48'),
(294, 14, 'PASREPAN', '2022-01-26 17:00:00', '2022-01-27 07:53:48'),
(295, 14, 'KEJAYAN', '2022-01-26 17:00:00', '2022-01-27 07:53:48'),
(296, 14, 'WONOREJO', '2022-01-26 17:00:00', '2022-01-27 07:53:48'),
(297, 14, 'PURWOSARI', '2022-01-26 17:00:00', '2022-01-27 07:53:48'),
(298, 14, 'PRIGEN', '2022-01-26 17:00:00', '2022-01-27 07:53:48'),
(299, 14, 'SUKOREJO', '2022-01-26 17:00:00', '2022-01-27 07:53:48'),
(300, 14, 'PANDAAN', '2022-01-26 17:00:00', '2022-01-27 07:53:48'),
(301, 14, 'GEMPOL', '2022-01-26 17:00:00', '2022-01-27 07:53:48'),
(302, 14, 'BEJI', '2022-01-26 17:00:00', '2022-01-27 07:53:48'),
(303, 14, 'BANGIL', '2022-01-26 17:00:00', '2022-01-27 07:53:48'),
(304, 14, 'REMBANG', '2022-01-26 17:00:00', '2022-01-27 07:53:48'),
(305, 14, 'KRATON', '2022-01-26 17:00:00', '2022-01-27 07:53:48'),
(306, 14, 'POHJENTREK', '2022-01-26 17:00:00', '2022-01-27 07:53:48'),
(307, 14, 'GONDANG WETAN', '2022-01-26 17:00:00', '2022-01-27 07:53:48'),
(308, 14, 'REJOSO', '2022-01-26 17:00:00', '2022-01-27 07:53:48'),
(309, 14, 'WINONGAN', '2022-01-26 17:00:00', '2022-01-27 07:53:48'),
(310, 14, 'GRATI', '2022-01-26 17:00:00', '2022-01-27 07:53:48'),
(311, 14, 'LEKOK', '2022-01-26 17:00:00', '2022-01-27 07:53:48'),
(312, 14, 'NGULING', '2022-01-26 17:00:00', '2022-01-27 07:53:48'),
(313, 15, 'TARIK', '2022-01-26 17:00:00', '2022-01-27 07:53:48'),
(314, 15, 'PRAMBON', '2022-01-26 17:00:00', '2022-01-27 07:53:48'),
(315, 15, 'KREMBUNG', '2022-01-26 17:00:00', '2022-01-27 07:53:48'),
(316, 15, 'PORONG', '2022-01-26 17:00:00', '2022-01-27 07:53:48'),
(317, 15, 'JABON', '2022-01-26 17:00:00', '2022-01-27 07:53:48'),
(318, 15, 'TANGGULANGIN', '2022-01-26 17:00:00', '2022-01-27 07:53:48'),
(319, 15, 'CANDI', '2022-01-26 17:00:00', '2022-01-27 07:53:48'),
(320, 15, 'TULANGAN', '2022-01-26 17:00:00', '2022-01-27 07:53:48'),
(321, 15, 'WONOAYU', '2022-01-26 17:00:00', '2022-01-27 07:53:48'),
(322, 15, 'SUKODONO', '2022-01-26 17:00:00', '2022-01-27 07:53:48'),
(323, 15, 'SIDOARJO', '2022-01-26 17:00:00', '2022-01-27 07:53:48'),
(324, 15, 'BUDURAN', '2022-01-26 17:00:00', '2022-01-27 07:53:48'),
(325, 15, 'SEDATI', '2022-01-26 17:00:00', '2022-01-27 07:53:48'),
(326, 15, 'WARU', '2022-01-26 17:00:00', '2022-01-27 07:53:48'),
(327, 15, 'GEDANGAN', '2022-01-26 17:00:00', '2022-01-27 07:53:48'),
(328, 15, 'TAMAN', '2022-01-26 17:00:00', '2022-01-27 07:53:48'),
(329, 15, 'KRIAN', '2022-01-26 17:00:00', '2022-01-27 07:53:48'),
(330, 15, 'BALONG BENDO', '2022-01-26 17:00:00', '2022-01-27 07:53:48'),
(331, 16, 'JATIREJO', '2022-01-26 17:00:00', '2022-01-27 07:53:48'),
(332, 16, 'GONDANG', '2022-01-26 17:00:00', '2022-01-27 07:53:48'),
(333, 16, 'PACET', '2022-01-26 17:00:00', '2022-01-27 07:53:48'),
(334, 16, 'TRAWAS', '2022-01-26 17:00:00', '2022-01-27 07:53:48'),
(335, 16, 'NGORO', '2022-01-26 17:00:00', '2022-01-27 07:53:48'),
(336, 16, 'PUNGGING', '2022-01-26 17:00:00', '2022-01-27 07:53:48'),
(337, 16, 'KUTOREJO', '2022-01-26 17:00:00', '2022-01-27 07:53:48'),
(338, 16, 'MOJOSARI', '2022-01-26 17:00:00', '2022-01-27 07:53:48'),
(339, 16, 'BANGSAL', '2022-01-26 17:00:00', '2022-01-27 07:53:48'),
(340, 16, 'MOJOANYAR', '2022-01-26 17:00:00', '2022-01-27 07:53:48'),
(341, 16, 'DLANGGU', '2022-01-26 17:00:00', '2022-01-27 07:53:48'),
(342, 16, 'PURI', '2022-01-26 17:00:00', '2022-01-27 07:53:48'),
(343, 16, 'TROWULAN', '2022-01-26 17:00:00', '2022-01-27 07:53:48'),
(344, 16, 'SOOKO', '2022-01-26 17:00:00', '2022-01-27 07:53:48'),
(345, 16, 'GEDEK', '2022-01-26 17:00:00', '2022-01-27 07:53:48'),
(346, 16, 'KEMLAGI', '2022-01-26 17:00:00', '2022-01-27 07:53:48'),
(347, 16, 'JETIS', '2022-01-26 17:00:00', '2022-01-27 07:53:48'),
(348, 16, 'DAWAR BLANDONG', '2022-01-26 17:00:00', '2022-01-27 07:53:48'),
(349, 17, 'BANDAR KEDUNG MULYO', '2022-01-26 17:00:00', '2022-01-27 07:53:48'),
(350, 17, 'PERAK', '2022-01-26 17:00:00', '2022-01-27 07:53:48'),
(351, 17, 'GUDO', '2022-01-26 17:00:00', '2022-01-27 07:53:48'),
(352, 17, 'DIWEK', '2022-01-26 17:00:00', '2022-01-27 07:53:48'),
(353, 17, 'NGORO', '2022-01-26 17:00:00', '2022-01-27 07:53:48'),
(354, 17, 'MOJOWARNO', '2022-01-26 17:00:00', '2022-01-27 07:53:48'),
(355, 17, 'BARENG', '2022-01-26 17:00:00', '2022-01-27 07:53:48'),
(356, 17, 'WONOSALAM', '2022-01-26 17:00:00', '2022-01-27 07:53:48'),
(357, 17, 'MOJOAGUNG', '2022-01-26 17:00:00', '2022-01-27 07:53:48'),
(358, 17, 'SUMOBITO', '2022-01-26 17:00:00', '2022-01-27 07:53:48'),
(359, 17, 'JOGO ROTO', '2022-01-26 17:00:00', '2022-01-27 07:53:48'),
(360, 17, 'PETERONGAN', '2022-01-26 17:00:00', '2022-01-27 07:53:48'),
(361, 17, 'JOMBANG', '2022-01-26 17:00:00', '2022-01-27 07:53:48'),
(362, 17, 'MEGALUH', '2022-01-26 17:00:00', '2022-01-27 07:53:48'),
(363, 17, 'TEMBELANG', '2022-01-26 17:00:00', '2022-01-27 07:53:48'),
(364, 17, 'KESAMBEN', '2022-01-26 17:00:00', '2022-01-27 07:53:48'),
(365, 17, 'KUDU', '2022-01-26 17:00:00', '2022-01-27 07:53:48'),
(366, 17, 'NGUSIKAN', '2022-01-26 17:00:00', '2022-01-27 07:53:48'),
(367, 17, 'PLOSO', '2022-01-26 17:00:00', '2022-01-27 07:53:48'),
(368, 17, 'KABUH', '2022-01-26 17:00:00', '2022-01-27 07:53:48'),
(369, 17, 'PLANDAAN', '2022-01-26 17:00:00', '2022-01-27 07:53:48'),
(370, 18, 'SAWAHAN', '2022-01-26 17:00:00', '2022-01-27 07:53:48'),
(371, 18, 'NGETOS', '2022-01-26 17:00:00', '2022-01-27 07:53:48'),
(372, 18, 'BERBEK', '2022-01-26 17:00:00', '2022-01-27 07:53:48'),
(373, 18, 'LOCERET', '2022-01-26 17:00:00', '2022-01-27 07:53:48'),
(374, 18, 'PACE', '2022-01-26 17:00:00', '2022-01-27 07:53:48'),
(375, 18, 'TANJUNGANOM', '2022-01-26 17:00:00', '2022-01-27 07:53:48'),
(376, 18, 'PRAMBON', '2022-01-26 17:00:00', '2022-01-27 07:53:48'),
(377, 18, 'NGRONGGOT', '2022-01-26 17:00:00', '2022-01-27 07:53:48'),
(378, 18, 'KERTOSONO', '2022-01-26 17:00:00', '2022-01-27 07:53:48'),
(379, 18, 'PATIANROWO', '2022-01-26 17:00:00', '2022-01-27 07:53:48'),
(380, 18, 'BARON', '2022-01-26 17:00:00', '2022-01-27 07:53:48'),
(381, 18, 'GONDANG', '2022-01-26 17:00:00', '2022-01-27 07:53:48'),
(382, 18, 'SUKOMORO', '2022-01-26 17:00:00', '2022-01-27 07:53:48'),
(383, 18, 'NGANJUK', '2022-01-26 17:00:00', '2022-01-27 07:53:48'),
(384, 18, 'BAGOR', '2022-01-26 17:00:00', '2022-01-27 07:53:48'),
(385, 18, 'WILANGAN', '2022-01-26 17:00:00', '2022-01-27 07:53:48'),
(386, 18, 'REJOSO', '2022-01-26 17:00:00', '2022-01-27 07:53:48'),
(387, 18, 'NGLUYU', '2022-01-26 17:00:00', '2022-01-27 07:53:48'),
(388, 18, 'LENGKONG', '2022-01-26 17:00:00', '2022-01-27 07:53:48'),
(389, 18, 'JATIKALEN', '2022-01-26 17:00:00', '2022-01-27 07:53:48'),
(390, 19, 'KEBONSARI', '2022-01-26 17:00:00', '2022-01-27 07:53:48'),
(391, 19, 'GEGER', '2022-01-26 17:00:00', '2022-01-27 07:53:48'),
(392, 19, 'DOLOPO', '2022-01-26 17:00:00', '2022-01-27 07:53:48'),
(393, 19, 'DAGANGAN', '2022-01-26 17:00:00', '2022-01-27 07:53:48'),
(394, 19, 'WUNGU', '2022-01-26 17:00:00', '2022-01-27 07:53:48'),
(395, 19, 'KARE', '2022-01-26 17:00:00', '2022-01-27 07:53:48'),
(396, 19, 'GEMARANG', '2022-01-26 17:00:00', '2022-01-27 07:53:48'),
(397, 19, 'SARADAN', '2022-01-26 17:00:00', '2022-01-27 07:53:48'),
(398, 19, 'PILANGKENCENG', '2022-01-26 17:00:00', '2022-01-27 07:53:48'),
(399, 19, 'MEJAYAN', '2022-01-26 17:00:00', '2022-01-27 07:53:48'),
(400, 19, 'WONOASRI', '2022-01-26 17:00:00', '2022-01-27 07:53:48'),
(401, 19, 'BALEREJO', '2022-01-26 17:00:00', '2022-01-27 07:53:48'),
(402, 19, 'MADIUN', '2022-01-26 17:00:00', '2022-01-27 07:53:48'),
(403, 19, 'SAWAHAN', '2022-01-26 17:00:00', '2022-01-27 07:53:48'),
(404, 19, 'JIWAN', '2022-01-26 17:00:00', '2022-01-27 07:53:48'),
(405, 20, 'PONCOL', '2022-01-26 17:00:00', '2022-01-27 07:53:48'),
(406, 20, 'PARANG', '2022-01-26 17:00:00', '2022-01-27 07:53:48'),
(407, 20, 'LEMBEYAN', '2022-01-26 17:00:00', '2022-01-27 07:53:48'),
(408, 20, 'TAKERAN', '2022-01-26 17:00:00', '2022-01-27 07:53:48'),
(409, 20, 'NGUNTORONADI', '2022-01-26 17:00:00', '2022-01-27 07:53:48'),
(410, 20, 'KAWEDANAN', '2022-01-26 17:00:00', '2022-01-27 07:53:48'),
(411, 20, 'MAGETAN', '2022-01-26 17:00:00', '2022-01-27 07:53:48'),
(412, 20, 'NGARIBOYO', '2022-01-26 17:00:00', '2022-01-27 07:53:48'),
(413, 20, 'PLAOSAN', '2022-01-26 17:00:00', '2022-01-27 07:53:48'),
(414, 20, 'SIDOREJO', '2022-01-26 17:00:00', '2022-01-27 07:53:48'),
(415, 20, 'PANEKAN', '2022-01-26 17:00:00', '2022-01-27 07:53:48'),
(416, 20, 'SUKOMORO', '2022-01-26 17:00:00', '2022-01-27 07:53:48'),
(417, 20, 'BENDO', '2022-01-26 17:00:00', '2022-01-27 07:53:48'),
(418, 20, 'MAOSPATI', '2022-01-26 17:00:00', '2022-01-27 07:53:48'),
(419, 20, 'KARANGREJO', '2022-01-26 17:00:00', '2022-01-27 07:53:48'),
(420, 20, 'KARAS', '2022-01-26 17:00:00', '2022-01-27 07:53:48'),
(421, 20, 'BARAT', '2022-01-26 17:00:00', '2022-01-27 07:53:48'),
(422, 20, 'KARTOHARJO', '2022-01-26 17:00:00', '2022-01-27 07:53:48'),
(423, 21, 'SINE', '2022-01-26 17:00:00', '2022-01-27 07:53:48'),
(424, 21, 'NGRAMBE', '2022-01-26 17:00:00', '2022-01-27 07:53:48'),
(425, 21, 'JOGOROGO', '2022-01-26 17:00:00', '2022-01-27 07:53:48'),
(426, 21, 'KENDAL', '2022-01-26 17:00:00', '2022-01-27 07:53:48'),
(427, 21, 'GENENG', '2022-01-26 17:00:00', '2022-01-27 07:53:48'),
(428, 21, 'GERIH', '2022-01-26 17:00:00', '2022-01-27 07:53:48'),
(429, 21, 'KWADUNGAN', '2022-01-26 17:00:00', '2022-01-27 07:53:48'),
(430, 21, 'PANGKUR', '2022-01-26 17:00:00', '2022-01-27 07:53:48'),
(431, 21, 'KARANGJATI', '2022-01-26 17:00:00', '2022-01-27 07:53:48'),
(432, 21, 'BRINGIN', '2022-01-26 17:00:00', '2022-01-27 07:53:48'),
(433, 21, 'PADAS', '2022-01-26 17:00:00', '2022-01-27 07:53:48'),
(434, 21, 'KASREMAN', '2022-01-26 17:00:00', '2022-01-27 07:53:48'),
(435, 21, 'NGAWI', '2022-01-26 17:00:00', '2022-01-27 07:53:48'),
(436, 21, 'PARON', '2022-01-26 17:00:00', '2022-01-27 07:53:48'),
(437, 21, 'KEDUNGGALAR', '2022-01-26 17:00:00', '2022-01-27 07:53:48'),
(438, 21, 'PITU', '2022-01-26 17:00:00', '2022-01-27 07:53:48'),
(439, 21, 'WIDODAREN', '2022-01-26 17:00:00', '2022-01-27 07:53:48'),
(440, 21, 'MANTINGAN', '2022-01-26 17:00:00', '2022-01-27 07:53:48'),
(441, 21, 'KARANGANYAR', '2022-01-26 17:00:00', '2022-01-27 07:53:48'),
(442, 22, 'MARGOMULYO', '2022-01-26 17:00:00', '2022-01-27 07:53:48'),
(443, 22, 'NGRAHO', '2022-01-26 17:00:00', '2022-01-27 07:53:48'),
(444, 22, 'TAMBAKREJO', '2022-01-26 17:00:00', '2022-01-27 07:53:48'),
(445, 22, 'NGAMBON', '2022-01-26 17:00:00', '2022-01-27 07:53:48'),
(446, 22, 'SEKAR', '2022-01-26 17:00:00', '2022-01-27 07:53:48'),
(447, 22, 'BUBULAN', '2022-01-26 17:00:00', '2022-01-27 07:53:48'),
(448, 22, 'GONDANG', '2022-01-26 17:00:00', '2022-01-27 07:53:48'),
(449, 22, 'TEMAYANG', '2022-01-26 17:00:00', '2022-01-27 07:53:48'),
(450, 22, 'SUGIHWARAS', '2022-01-26 17:00:00', '2022-01-27 07:53:48'),
(451, 22, 'KEDUNGADEM', '2022-01-26 17:00:00', '2022-01-27 07:53:48'),
(452, 22, 'KEPOH BARU', '2022-01-26 17:00:00', '2022-01-27 07:53:48'),
(453, 22, 'BAURENO', '2022-01-26 17:00:00', '2022-01-27 07:53:48'),
(454, 22, 'KANOR', '2022-01-26 17:00:00', '2022-01-27 07:53:48'),
(455, 22, 'SUMBEREJO', '2022-01-26 17:00:00', '2022-01-27 07:53:48'),
(456, 22, 'BALEN', '2022-01-26 17:00:00', '2022-01-27 07:53:48'),
(457, 22, 'SUKOSEWU', '2022-01-26 17:00:00', '2022-01-27 07:53:48'),
(458, 22, 'KAPAS', '2022-01-26 17:00:00', '2022-01-27 07:53:48'),
(459, 22, 'BOJONEGORO', '2022-01-26 17:00:00', '2022-01-27 07:53:48'),
(460, 22, 'TRUCUK', '2022-01-26 17:00:00', '2022-01-27 07:53:48'),
(461, 22, 'DANDER', '2022-01-26 17:00:00', '2022-01-27 07:53:48'),
(462, 22, 'NGASEM', '2022-01-26 17:00:00', '2022-01-27 07:53:48'),
(463, 22, 'GAYAM', '2022-01-26 17:00:00', '2022-01-27 07:53:48'),
(464, 22, 'KALITIDU', '2022-01-26 17:00:00', '2022-01-27 07:53:48'),
(465, 22, 'MALO', '2022-01-26 17:00:00', '2022-01-27 07:53:48'),
(466, 22, 'PURWOSARI', '2022-01-26 17:00:00', '2022-01-27 07:53:48'),
(467, 22, 'PADANGAN', '2022-01-26 17:00:00', '2022-01-27 07:53:48'),
(468, 22, 'KASIMAN', '2022-01-26 17:00:00', '2022-01-27 07:53:48'),
(469, 22, 'KEDEWAN', '2022-01-26 17:00:00', '2022-01-27 07:53:48'),
(470, 23, 'KENDURUAN', '2022-01-26 17:00:00', '2022-01-27 07:53:48'),
(471, 23, 'BANGILAN', '2022-01-26 17:00:00', '2022-01-27 07:53:48'),
(472, 23, 'SENORI', '2022-01-26 17:00:00', '2022-01-27 07:53:48'),
(473, 23, 'SINGGAHAN', '2022-01-26 17:00:00', '2022-01-27 07:53:48'),
(474, 23, 'MONTONG', '2022-01-26 17:00:00', '2022-01-27 07:53:48'),
(475, 23, 'PARENGAN', '2022-01-26 17:00:00', '2022-01-27 07:53:48'),
(476, 23, 'SOKO', '2022-01-26 17:00:00', '2022-01-27 07:53:48'),
(477, 23, 'RENGEL', '2022-01-26 17:00:00', '2022-01-27 07:53:48'),
(478, 23, 'GRABAGAN', '2022-01-26 17:00:00', '2022-01-27 07:53:48'),
(479, 23, 'PLUMPANG', '2022-01-26 17:00:00', '2022-01-27 07:53:48'),
(480, 23, 'WIDANG', '2022-01-26 17:00:00', '2022-01-27 07:53:48'),
(481, 23, 'PALANG', '2022-01-26 17:00:00', '2022-01-27 07:53:48'),
(482, 23, 'SEMANDING', '2022-01-26 17:00:00', '2022-01-27 07:53:48'),
(483, 23, 'TUBAN', '2022-01-26 17:00:00', '2022-01-27 07:53:48'),
(484, 23, 'JENU', '2022-01-26 17:00:00', '2022-01-27 07:53:48'),
(485, 23, 'MERAKURAK', '2022-01-26 17:00:00', '2022-01-27 07:53:48'),
(486, 23, 'KEREK', '2022-01-26 17:00:00', '2022-01-27 07:53:48'),
(487, 23, 'TAMBAKBOYO', '2022-01-26 17:00:00', '2022-01-27 07:53:48'),
(488, 23, 'JATIROGO', '2022-01-26 17:00:00', '2022-01-27 07:53:48'),
(489, 23, 'BANCAR', '2022-01-26 17:00:00', '2022-01-27 07:53:48'),
(490, 24, 'SUKORAME', '2022-01-26 17:00:00', '2022-01-27 07:53:48'),
(491, 24, 'BLULUK', '2022-01-26 17:00:00', '2022-01-27 07:53:48'),
(492, 24, 'NGIMBANG', '2022-01-26 17:00:00', '2022-01-27 07:53:48'),
(493, 24, 'SAMBENG', '2022-01-26 17:00:00', '2022-01-27 07:53:48'),
(494, 24, 'MANTUP', '2022-01-26 17:00:00', '2022-01-27 07:53:48'),
(495, 24, 'KEMBANGBAHU', '2022-01-26 17:00:00', '2022-01-27 07:53:48'),
(496, 24, 'SUGIO', '2022-01-26 17:00:00', '2022-01-27 07:53:48'),
(497, 24, 'KEDUNGPRING', '2022-01-26 17:00:00', '2022-01-27 07:53:48'),
(498, 24, 'MODO', '2022-01-26 17:00:00', '2022-01-27 07:53:48'),
(499, 24, 'BABAT', '2022-01-26 17:00:00', '2022-01-27 07:53:48'),
(500, 24, 'PUCUK', '2022-01-26 17:00:00', '2022-01-27 07:53:48'),
(501, 24, 'SUKODADI', '2022-01-26 17:00:00', '2022-01-27 07:53:48'),
(502, 24, 'LAMONGAN', '2022-01-26 17:00:00', '2022-01-27 07:53:48'),
(503, 24, 'TIKUNG', '2022-01-26 17:00:00', '2022-01-27 07:53:48'),
(504, 24, 'SARIREJO', '2022-01-26 17:00:00', '2022-01-27 07:53:48'),
(505, 24, 'DEKET', '2022-01-26 17:00:00', '2022-01-27 07:53:48'),
(506, 24, 'GLAGAH', '2022-01-26 17:00:00', '2022-01-27 07:53:48'),
(507, 24, 'KARANGBINANGUN', '2022-01-26 17:00:00', '2022-01-27 07:53:48'),
(508, 24, 'TURI', '2022-01-26 17:00:00', '2022-01-27 07:53:48'),
(509, 24, 'KALITENGAH', '2022-01-26 17:00:00', '2022-01-27 07:53:48'),
(510, 24, 'KARANG GENENG', '2022-01-26 17:00:00', '2022-01-27 07:53:48'),
(511, 24, 'SEKARAN', '2022-01-26 17:00:00', '2022-01-27 07:53:48'),
(512, 24, 'MADURAN', '2022-01-26 17:00:00', '2022-01-27 07:53:48'),
(513, 24, 'LAREN', '2022-01-26 17:00:00', '2022-01-27 07:53:48'),
(514, 24, 'SOLOKURO', '2022-01-26 17:00:00', '2022-01-27 07:53:48'),
(515, 24, 'PACIRAN', '2022-01-26 17:00:00', '2022-01-27 07:53:48'),
(516, 24, 'BRONDONG', '2022-01-26 17:00:00', '2022-01-27 07:53:48'),
(517, 25, 'WRINGINANOM', '2022-01-26 17:00:00', '2022-01-27 07:53:48'),
(518, 25, 'DRIYOREJO', '2022-01-26 17:00:00', '2022-01-27 07:53:48'),
(519, 25, 'KEDAMEAN', '2022-01-26 17:00:00', '2022-01-27 07:53:48'),
(520, 25, 'MENGANTI', '2022-01-26 17:00:00', '2022-01-27 07:53:48'),
(521, 25, 'CERME', '2022-01-26 17:00:00', '2022-01-27 07:53:48'),
(522, 25, 'BENJENG', '2022-01-26 17:00:00', '2022-01-27 07:53:48'),
(523, 25, 'BALONGPANGGANG', '2022-01-26 17:00:00', '2022-01-27 07:53:48'),
(524, 25, 'DUDUKSAMPEYAN', '2022-01-26 17:00:00', '2022-01-27 07:53:48'),
(525, 25, 'KEBOMAS', '2022-01-26 17:00:00', '2022-01-27 07:53:48'),
(526, 25, 'GRESIK', '2022-01-26 17:00:00', '2022-01-27 07:53:48'),
(527, 25, 'MANYAR', '2022-01-26 17:00:00', '2022-01-27 07:53:48'),
(528, 25, 'BUNGAH', '2022-01-26 17:00:00', '2022-01-27 07:53:48'),
(529, 25, 'SIDAYU', '2022-01-26 17:00:00', '2022-01-27 07:53:48'),
(530, 25, 'DUKUN', '2022-01-26 17:00:00', '2022-01-27 07:53:48'),
(531, 25, 'PANCENG', '2022-01-26 17:00:00', '2022-01-27 07:53:48'),
(532, 25, 'UJUNGPANGKAH', '2022-01-26 17:00:00', '2022-01-27 07:53:48'),
(533, 25, 'SANGKAPURA', '2022-01-26 17:00:00', '2022-01-27 07:53:48'),
(534, 25, 'TAMBAK', '2022-01-26 17:00:00', '2022-01-27 07:53:48'),
(535, 26, 'KAMAL', '2022-01-26 17:00:00', '2022-01-27 07:53:48'),
(536, 26, 'LABANG', '2022-01-26 17:00:00', '2022-01-27 07:53:48'),
(537, 26, 'KWANYAR', '2022-01-26 17:00:00', '2022-01-27 07:53:48'),
(538, 26, 'MODUNG', '2022-01-26 17:00:00', '2022-01-27 07:53:48'),
(539, 26, 'BLEGA', '2022-01-26 17:00:00', '2022-01-27 07:53:48'),
(540, 26, 'KONANG', '2022-01-26 17:00:00', '2022-01-27 07:53:48'),
(541, 26, 'GALIS', '2022-01-26 17:00:00', '2022-01-27 07:53:48'),
(542, 26, 'TANAH MERAH', '2022-01-26 17:00:00', '2022-01-27 07:53:48'),
(543, 26, 'TRAGAH', '2022-01-26 17:00:00', '2022-01-27 07:53:48'),
(544, 26, 'SOCAH', '2022-01-26 17:00:00', '2022-01-27 07:53:48'),
(545, 26, 'BANGKALAN', '2022-01-26 17:00:00', '2022-01-27 07:53:48'),
(546, 26, 'BURNEH', '2022-01-26 17:00:00', '2022-01-27 07:53:48'),
(547, 26, 'AROSBAYA', '2022-01-26 17:00:00', '2022-01-27 07:53:48'),
(548, 26, 'GEGER', '2022-01-26 17:00:00', '2022-01-27 07:53:48'),
(549, 26, 'KOKOP', '2022-01-26 17:00:00', '2022-01-27 07:53:48'),
(550, 26, 'TANJUNGBUMI', '2022-01-26 17:00:00', '2022-01-27 07:53:48'),
(551, 26, 'SEPULU', '2022-01-26 17:00:00', '2022-01-27 07:53:48'),
(552, 26, 'KLAMPIS', '2022-01-26 17:00:00', '2022-01-27 07:53:48'),
(553, 27, 'SRESEH', '2022-01-26 17:00:00', '2022-01-27 07:53:48'),
(554, 27, 'TORJUN', '2022-01-26 17:00:00', '2022-01-27 07:53:48'),
(555, 27, 'PANGARENGAN', '2022-01-26 17:00:00', '2022-01-27 07:53:48'),
(556, 27, 'SAMPANG', '2022-01-26 17:00:00', '2022-01-27 07:53:48'),
(557, 27, 'CAMPLONG', '2022-01-26 17:00:00', '2022-01-27 07:53:48'),
(558, 27, 'OMBEN', '2022-01-26 17:00:00', '2022-01-27 07:53:48'),
(559, 27, 'KEDUNGDUNG', '2022-01-26 17:00:00', '2022-01-27 07:53:48'),
(560, 27, 'JRENGIK', '2022-01-26 17:00:00', '2022-01-27 07:53:48'),
(561, 27, 'TAMBELANGAN', '2022-01-26 17:00:00', '2022-01-27 07:53:48'),
(562, 27, 'BANYUATES', '2022-01-26 17:00:00', '2022-01-27 07:53:48'),
(563, 27, 'ROBATAL', '2022-01-26 17:00:00', '2022-01-27 07:53:48'),
(564, 27, 'KARANG PENANG', '2022-01-26 17:00:00', '2022-01-27 07:53:48'),
(565, 27, 'KETAPANG', '2022-01-26 17:00:00', '2022-01-27 07:53:48'),
(566, 27, 'SOKOBANAH', '2022-01-26 17:00:00', '2022-01-27 07:53:48'),
(567, 28, 'TLANAKAN', '2022-01-26 17:00:00', '2022-01-27 07:53:48'),
(568, 28, 'PADEMAWU', '2022-01-26 17:00:00', '2022-01-27 07:53:48'),
(569, 28, 'GALIS', '2022-01-26 17:00:00', '2022-01-27 07:53:48'),
(570, 28, 'LARANGAN', '2022-01-26 17:00:00', '2022-01-27 07:53:48'),
(571, 28, 'PAMEKASAN', '2022-01-26 17:00:00', '2022-01-27 07:53:48'),
(572, 28, 'PROPPO', '2022-01-26 17:00:00', '2022-01-27 07:53:48'),
(573, 28, 'PALENGAAN', '2022-01-26 17:00:00', '2022-01-27 07:53:48'),
(574, 28, 'PEGANTENAN', '2022-01-26 17:00:00', '2022-01-27 07:53:48'),
(575, 28, 'KADUR', '2022-01-26 17:00:00', '2022-01-27 07:53:48'),
(576, 28, 'PAKONG', '2022-01-26 17:00:00', '2022-01-27 07:53:48'),
(577, 28, 'WARU', '2022-01-26 17:00:00', '2022-01-27 07:53:48'),
(578, 28, 'BATU MARMAR', '2022-01-26 17:00:00', '2022-01-27 07:53:48'),
(579, 28, 'PASEAN', '2022-01-26 17:00:00', '2022-01-27 07:53:48'),
(580, 29, 'PRAGAAN', '2022-01-26 17:00:00', '2022-01-27 07:53:48'),
(581, 29, 'BLUTO', '2022-01-26 17:00:00', '2022-01-27 07:53:48'),
(582, 29, 'SARONGGI', '2022-01-26 17:00:00', '2022-01-27 07:53:48'),
(583, 29, 'GILIGENTENG', '2022-01-26 17:00:00', '2022-01-27 07:53:48'),
(584, 29, 'TALANGO', '2022-01-26 17:00:00', '2022-01-27 07:53:48'),
(585, 29, 'KALIANGET', '2022-01-26 17:00:00', '2022-01-27 07:53:48'),
(586, 29, 'KOTA SUMENEP', '2022-01-26 17:00:00', '2022-01-27 07:53:48'),
(587, 29, 'BATUAN', '2022-01-26 17:00:00', '2022-01-27 07:53:48'),
(588, 29, 'LENTENG', '2022-01-26 17:00:00', '2022-01-27 07:53:48'),
(589, 29, 'GANDING', '2022-01-26 17:00:00', '2022-01-27 07:53:48'),
(590, 29, 'GULUK GULUK', '2022-01-26 17:00:00', '2022-01-27 07:53:48'),
(591, 29, 'PASONGSONGAN', '2022-01-26 17:00:00', '2022-01-27 07:53:48'),
(592, 29, 'AMBUNTEN', '2022-01-26 17:00:00', '2022-01-27 07:53:48'),
(593, 29, 'RUBARU', '2022-01-26 17:00:00', '2022-01-27 07:53:48'),
(594, 29, 'DASUK', '2022-01-26 17:00:00', '2022-01-27 07:53:48'),
(595, 29, 'MANDING', '2022-01-26 17:00:00', '2022-01-27 07:53:48'),
(596, 29, 'BATUPUTIH', '2022-01-26 17:00:00', '2022-01-27 07:53:48'),
(597, 29, 'GAPURA', '2022-01-26 17:00:00', '2022-01-27 07:53:48'),
(598, 29, 'BATANG BATANG', '2022-01-26 17:00:00', '2022-01-27 07:53:48'),
(599, 29, 'DUNGKEK', '2022-01-26 17:00:00', '2022-01-27 07:53:48'),
(600, 29, 'NONGGUNONG', '2022-01-26 17:00:00', '2022-01-27 07:53:48'),
(601, 29, 'GAYAM', '2022-01-26 17:00:00', '2022-01-27 07:53:48'),
(602, 29, 'RAAS', '2022-01-26 17:00:00', '2022-01-27 07:53:48'),
(603, 29, 'SAPEKEN', '2022-01-26 17:00:00', '2022-01-27 07:53:48'),
(604, 29, 'ARJASA', '2022-01-26 17:00:00', '2022-01-27 07:53:48'),
(605, 29, 'KANGAYAN', '2022-01-26 17:00:00', '2022-01-27 07:53:48'),
(606, 29, 'MASALEMBU', '2022-01-26 17:00:00', '2022-01-27 07:53:48'),
(607, 30, 'MOJOROTO', '2022-01-26 17:00:00', '2022-01-27 07:53:48'),
(608, 30, 'KOTA KEDIRI', '2022-01-26 17:00:00', '2022-01-27 07:53:48'),
(609, 30, 'PESANTREN', '2022-01-26 17:00:00', '2022-01-27 07:53:48'),
(610, 31, 'SUKOREJO', '2022-01-26 17:00:00', '2022-01-27 07:53:48'),
(611, 31, 'KEPANJENKIDUL', '2022-01-26 17:00:00', '2022-01-27 07:53:48'),
(612, 31, 'SANANWETAN', '2022-01-26 17:00:00', '2022-01-27 07:53:48'),
(613, 32, 'KEDUNGKANDANG', '2022-01-26 17:00:00', '2022-01-27 07:53:48'),
(614, 32, 'SUKUN', '2022-01-26 17:00:00', '2022-01-27 07:53:48'),
(615, 32, 'KLOJEN', '2022-01-26 17:00:00', '2022-01-27 07:53:48'),
(616, 32, 'BLIMBING', '2022-01-26 17:00:00', '2022-01-27 07:53:48'),
(617, 32, 'LOWOKWARU', '2022-01-26 17:00:00', '2022-01-27 07:53:48'),
(618, 33, 'KADEMANGAN', '2022-01-26 17:00:00', '2022-01-27 07:53:48'),
(619, 33, 'KEDOPOK', '2022-01-26 17:00:00', '2022-01-27 07:53:48'),
(620, 33, 'WONOASIH', '2022-01-26 17:00:00', '2022-01-27 07:53:48'),
(621, 33, 'MAYANGAN', '2022-01-26 17:00:00', '2022-01-27 07:53:48'),
(622, 33, 'KANIGARAN', '2022-01-26 17:00:00', '2022-01-27 07:53:48'),
(623, 34, 'GADINGREJO', '2022-01-26 17:00:00', '2022-01-27 07:53:48'),
(624, 34, 'PURWOREJO', '2022-01-26 17:00:00', '2022-01-27 07:53:48'),
(625, 34, 'BUGULKIDUL', '2022-01-26 17:00:00', '2022-01-27 07:53:48'),
(626, 34, 'PANGGUNGREJO', '2022-01-26 17:00:00', '2022-01-27 07:53:48'),
(627, 35, 'PRAJURIT KULON', '2022-01-26 17:00:00', '2022-01-27 07:53:48'),
(628, 35, 'MAGERSARI', '2022-01-26 17:00:00', '2022-01-27 07:53:48'),
(629, 35, 'KRANGGAN', '2022-01-26 17:00:00', '2022-01-27 07:53:48'),
(630, 36, 'MANGU HARJO', '2022-01-26 17:00:00', '2022-01-27 07:53:48'),
(631, 36, 'TAMAN', '2022-01-26 17:00:00', '2022-01-27 07:53:48'),
(632, 36, 'KARTOHARJO', '2022-01-26 17:00:00', '2022-01-27 07:53:48'),
(633, 37, 'KARANG PILANG', '2022-01-26 17:00:00', '2022-01-27 07:53:48'),
(634, 37, 'JAMBANGAN', '2022-01-26 17:00:00', '2022-01-27 07:53:48'),
(635, 37, 'GAYUNGAN', '2022-01-26 17:00:00', '2022-01-27 07:53:48'),
(636, 37, 'WONOCOLO', '2022-01-26 17:00:00', '2022-01-27 07:53:48'),
(637, 37, 'TENGGILIS MEJOYO', '2022-01-26 17:00:00', '2022-01-27 07:53:48'),
(638, 37, 'GUNUNG ANYAR', '2022-01-26 17:00:00', '2022-01-27 07:53:48'),
(639, 37, 'RUNGKUT', '2022-01-26 17:00:00', '2022-01-27 07:53:48'),
(640, 37, 'SUKOLILO', '2022-01-26 17:00:00', '2022-01-27 07:53:48'),
(641, 37, 'MULYOREJO', '2022-01-26 17:00:00', '2022-01-27 07:53:48'),
(642, 37, 'GUBENG', '2022-01-26 17:00:00', '2022-01-27 07:53:48'),
(643, 37, 'WONOKROMO', '2022-01-26 17:00:00', '2022-01-27 07:53:48'),
(644, 37, 'DUKUH PAKIS', '2022-01-26 17:00:00', '2022-01-27 07:53:48'),
(645, 37, 'WIYUNG', '2022-01-26 17:00:00', '2022-01-27 07:53:48'),
(646, 37, 'LAKARSANTRI', '2022-01-26 17:00:00', '2022-01-27 07:53:48'),
(647, 37, 'SAMBIKEREP', '2022-01-26 17:00:00', '2022-01-27 07:53:48'),
(648, 37, 'TANDES', '2022-01-26 17:00:00', '2022-01-27 07:53:48'),
(649, 37, 'SUKO MANUNGGAL', '2022-01-26 17:00:00', '2022-01-27 07:53:48'),
(650, 37, 'SAWAHAN', '2022-01-26 17:00:00', '2022-01-27 07:53:48'),
(651, 37, 'TEGALSARI', '2022-01-26 17:00:00', '2022-01-27 07:53:48'),
(652, 37, 'GENTENG', '2022-01-26 17:00:00', '2022-01-27 07:53:48'),
(653, 37, 'TAMBAKSARI', '2022-01-26 17:00:00', '2022-01-27 07:53:48'),
(654, 37, 'KENJERAN', '2022-01-26 17:00:00', '2022-01-27 07:53:48'),
(655, 37, 'BULAK', '2022-01-26 17:00:00', '2022-01-27 07:53:48'),
(656, 37, 'SIMOKERTO', '2022-01-26 17:00:00', '2022-01-27 07:53:48'),
(657, 37, 'SEMAMPIR', '2022-01-26 17:00:00', '2022-01-27 07:53:48'),
(658, 37, 'PABEAN CANTIAN', '2022-01-26 17:00:00', '2022-01-27 07:53:48'),
(659, 37, 'BUBUTAN', '2022-01-26 17:00:00', '2022-01-27 07:53:48'),
(660, 37, 'KREMBANGAN', '2022-01-26 17:00:00', '2022-01-27 07:53:48'),
(661, 37, 'ASEMROWO', '2022-01-26 17:00:00', '2022-01-27 07:53:48'),
(662, 37, 'BENOWO', '2022-01-26 17:00:00', '2022-01-27 07:53:48'),
(663, 37, 'PAKAL', '2022-01-26 17:00:00', '2022-01-27 07:53:48'),
(664, 38, 'BATU', '2022-01-26 17:00:00', '2022-01-27 07:53:48'),
(665, 38, 'JUNREJO', '2022-01-26 17:00:00', '2022-01-27 07:53:48'),
(666, 38, 'BUMIAJI', '2022-01-26 17:00:00', '2022-01-27 07:53:48');

-- --------------------------------------------------------

--
-- Table structure for table `tbl_klinik`
--

CREATE TABLE `tbl_klinik` (
  `id_klinik` int(11) NOT NULL,
  `nama` varchar(30) NOT NULL,
  `alamat` varchar(200) NOT NULL,
  `dtm_crt` datetime NOT NULL DEFAULT current_timestamp(),
  `dtm_upd` datetime NOT NULL DEFAULT current_timestamp()
) ENGINE=MyISAM DEFAULT CHARSET=latin1;

--
-- Dumping data for table `tbl_klinik`
--

INSERT INTO `tbl_klinik` (`id_klinik`, `nama`, `alamat`, `dtm_crt`, `dtm_upd`) VALUES
(1, 'Klinik Mahottama', 'Jl. Jember no 405 Kembiritan Genteng Banyuwangi Jawa Timur', '2018-02-26 22:25:21', '2021-09-23 02:53:56');

-- --------------------------------------------------------

--
-- Table structure for table `tbl_komisi_dokter`
--

CREATE TABLE `tbl_komisi_dokter` (
  `id_komisi` int(11) NOT NULL,
  `tanggal` date NOT NULL,
  `id_dokter` int(5) NOT NULL,
  `no_transaksi` varchar(20) NOT NULL,
  `komisi` int(11) NOT NULL,
  `type` enum('Pemeriksaan','Tindakan','Obat') NOT NULL
) ENGINE=InnoDB DEFAULT CHARSET=utf8mb4;

-- --------------------------------------------------------

--
-- Table structure for table `tbl_kontrol_kehamilan`
--

CREATE TABLE `tbl_kontrol_kehamilan` (
  `id_kontrol` int(5) NOT NULL,
  `no_periksa` varchar(30) NOT NULL,
  `no_rekam_medis` varchar(10) NOT NULL,
  `tanggal` date NOT NULL,
  `jamkeskmas` enum('0','1') NOT NULL DEFAULT '0',
  `cara_masuk` varchar(255) NOT NULL,
  `usia_klinis` varchar(100) NOT NULL,
  `trimeter_ke` double NOT NULL,
  `anamsesis` varchar(255) NOT NULL,
  `bb` double NOT NULL,
  `td` double NOT NULL,
  `lila` double NOT NULL,
  `status_gizi` varchar(100) NOT NULL,
  `tfu` double NOT NULL,
  `refleksi_patela` enum('0','1') NOT NULL DEFAULT '0',
  `djj` double NOT NULL,
  `kepala_thd` varchar(150) NOT NULL,
  `tbj` double NOT NULL,
  `presentasi` varchar(150) NOT NULL,
  `jumlah_janin` double NOT NULL,
  `status_imunisasi` varchar(150) NOT NULL,
  `injeksi_tt` enum('0','1') NOT NULL DEFAULT '0',
  `catatan_kia` enum('0','1') NOT NULL DEFAULT '0',
  `fe` varchar(15) NOT NULL COMMENT 'Kode Obat',
  `jml_fe` int(8) NOT NULL,
  `hb_dilakukan` enum('0','1') NOT NULL DEFAULT '0',
  `hb_hasil` double NOT NULL,
  `hb_anemia` enum('0','1') NOT NULL DEFAULT '0',
  `protein_uria` enum('0','1') NOT NULL DEFAULT '0',
  `gula_darah` varchar(100) NOT NULL,
  `sifilis` enum('0','1') NOT NULL DEFAULT '0',
  `hbsag` enum('0','1') NOT NULL DEFAULT '0'
) ENGINE=InnoDB DEFAULT CHARSET=latin1;

-- --------------------------------------------------------

--
-- Table structure for table `tbl_lokasi_barang`
--

CREATE TABLE `tbl_lokasi_barang` (
  `id_lokasi_barang` int(11) NOT NULL,
  `lokasi` varchar(10) NOT NULL,
  `dtm_crt` datetime NOT NULL DEFAULT current_timestamp(),
  `dtm_upd` datetime NOT NULL DEFAULT current_timestamp()
) ENGINE=InnoDB DEFAULT CHARSET=latin1;

--
-- Dumping data for table `tbl_lokasi_barang`
--

INSERT INTO `tbl_lokasi_barang` (`id_lokasi_barang`, `lokasi`, `dtm_crt`, `dtm_upd`) VALUES
(1, 'rak no B4', '2019-11-14 16:34:19', '2019-11-14 10:36:39'),
(2, 'R5', '2019-11-20 12:48:56', '2019-11-20 12:48:56');

-- --------------------------------------------------------

--
-- Table structure for table `tbl_manufaktur`
--

CREATE TABLE `tbl_manufaktur` (
  `kode_manufaktur` varchar(4) NOT NULL,
  `kode_barang` varchar(15) NOT NULL,
  `jumlah` int(5) NOT NULL,
  `harga` int(11) NOT NULL
) ENGINE=InnoDB DEFAULT CHARSET=utf8mb4;

-- --------------------------------------------------------

--
-- Table structure for table `tbl_manufaktur_detail`
--

CREATE TABLE `tbl_manufaktur_detail` (
  `id_detail` int(5) NOT NULL,
  `kode_manufaktur` varchar(4) NOT NULL,
  `kode_barang` varchar(15) NOT NULL,
  `jumlah` int(5) NOT NULL,
  `harga` int(11) NOT NULL
) ENGINE=InnoDB DEFAULT CHARSET=utf8mb4;

-- --------------------------------------------------------

--
-- Table structure for table `tbl_master_reference`
--

CREATE TABLE `tbl_master_reference` (
  `id` bigint(20) NOT NULL,
  `master_ref_code` varchar(30) NOT NULL,
  `master_ref_value` varchar(60) NOT NULL,
  `master_ref_name` varchar(60) NOT NULL,
  `dtm_crt` datetime NOT NULL DEFAULT current_timestamp(),
  `dtm_upd` datetime NOT NULL DEFAULT current_timestamp()
) ENGINE=MyISAM DEFAULT CHARSET=latin1;

--
-- Dumping data for table `tbl_master_reference`
--

INSERT INTO `tbl_master_reference` (`id`, `master_ref_code`, `master_ref_value`, `master_ref_name`, `dtm_crt`, `dtm_upd`) VALUES
(1, 'ANAMNESI', 'pusing', 'Pusing', '2018-03-04 02:46:29', '2018-03-04 02:46:29'),
(2, 'ANAMNESI', 'batuk', 'Batuk 3 Kali', '2018-03-04 02:46:52', '2018-03-04 02:46:52'),
(3, 'ANAMNESI', 'demam2hari', 'Demam 2 Hari', '2018-03-04 02:52:53', '2018-03-04 02:52:53'),
(4, 'ANJURANOBAT', '3x1', '3 x 1', '2018-03-08 15:52:01', '2018-03-08 15:52:01'),
(5, 'ANJURANOBAT', '3x1/2', '3 x 1/2', '2018-03-08 15:52:01', '2018-03-08 15:52:01'),
(6, 'ALERGIOBAT', 'paracetamol', 'Paracetamol', '2018-03-09 16:19:36', '2018-03-09 16:19:36'),
(7, 'ALERGIOBAT', 'ultraflu', 'Ultra Flu', '2018-03-09 16:19:36', '2018-03-09 16:19:36'),
(11, 'ANAMNESI', 'hiv', 'hiv', '2018-03-23 17:22:19', '2018-03-23 17:22:19'),
(9, 'ANAMNESI', 'sakitkepala', 'sakit kepala', '2018-03-23 17:16:09', '2018-03-23 17:16:09'),
(10, 'ANAMNESI', 'pusing7keliling', 'pusing 7 keliling', '2018-03-23 17:16:09', '2018-03-23 17:16:09'),
(12, 'ANAMNESI', 'pilek', 'pilek', '2018-03-23 17:42:43', '2018-03-23 17:42:43'),
(13, 'DIAGNOSA', 'dbd', 'DBD', '2018-03-23 17:42:43', '2018-03-23 17:42:43'),
(14, 'DIAGNOSA', 'tyfus', 'Tyfus', '2018-03-23 17:42:43', '2018-03-23 17:42:43'),
(16, 'ALERGIOBAT', 'setop', 'setop', '2018-03-23 17:55:46', '2018-03-23 17:55:46'),
(17, 'ALERGIOBAT', 'marimas', 'marimas', '2018-03-23 17:55:46', '2018-03-23 17:55:46'),
(18, 'DIAGNOSA', 'sa', 'sa', '2018-03-23 17:55:46', '2018-03-23 17:55:46'),
(19, 'TINDAKAN', 'sasa', 'sasa', '2018-03-23 17:55:46', '2018-03-23 17:55:46'),
(20, 'ALERGIOBAT', 'sa', 'sa', '2018-03-23 18:05:38', '2018-03-23 18:05:38'),
(23, 'ANAMNESI', 'ds', 'ds', '2018-03-23 18:07:28', '2018-03-23 18:07:28'),
(24, 'ALERGIOBAT', 'ds', 'ds', '2018-03-23 18:07:28', '2018-03-23 18:07:28'),
(32, 'ALERGIOBAT', '123', '123', '2018-03-26 15:32:54', '2018-03-26 15:32:54'),
(26, 'TINDAKAN', 'ds', 'ds', '2018-03-23 18:07:28', '2021-10-01 03:10:08'),
(27, 'ANAMNESI', 'sa', 'sa', '2018-03-23 18:08:56', '2018-03-23 18:08:56'),
(28, 'TINDAKAN', 'sa', 'sa', '2018-03-23 18:08:56', '2018-03-23 18:08:56'),
(29, 'ANAMNESI', 'batuk3kali', 'Batuk 3 Kali', '2018-03-26 10:14:27', '2018-03-26 10:14:27'),
(31, 'DIAGNOSA', 'hiv', 'HIV', '2018-03-26 10:24:44', '2018-03-26 10:24:44'),
(33, 'ANAMNESI', 'muntah', 'muntah', '2018-03-27 10:50:51', '2018-03-27 10:50:51'),
(34, 'ALERGIOBAT', 'mixagrip', 'mixagrip', '2018-03-27 10:50:51', '2018-03-27 10:50:51'),
(35, 'DIAGNOSA', 'sakitkepala', 'sakit kepala', '2018-03-27 10:50:51', '2018-03-27 10:50:51'),
(36, 'TINDAKAN', 'suntikbiasa', 'Suntik biasa', '2018-03-27 10:50:51', '2018-03-27 10:50:51'),
(37, 'ANAMNESI', 'sakithati', 'sakit hati', '2018-03-28 11:26:31', '2018-03-28 11:26:31'),
(38, 'ALERGIOBAT', 'ss', 'ss', '2018-03-28 11:26:31', '2018-03-28 11:26:31'),
(39, 'DIAGNOSA', 'ss', 'ss', '2018-03-28 11:26:31', '2018-03-28 11:26:31'),
(40, 'DIAGNOSA', 'hamil', 'Hamil', '2018-03-28 20:37:20', '2018-03-28 20:37:20'),
(41, 'TINDAKAN', 'suntikdifteri', 'suntik difteri', '2018-03-29 14:35:00', '2018-03-29 14:35:00'),
(42, 'ANAMNESI', 'sakitgigi', 'sakit gigi', '2018-04-03 10:45:17', '2018-04-03 10:45:17'),
(43, 'ALERGIOBAT', 'amouxilin', 'amouxilin', '2018-04-03 10:45:17', '2018-04-03 10:45:17'),
(44, 'DIAGNOSA', 'flu', 'Flu', '2018-04-03 10:45:17', '2018-04-03 10:45:17'),
(45, 'DIAGNOSA', 'muntaber', 'muntaber', '2018-04-03 20:10:28', '2018-04-03 20:10:28'),
(46, 'TINDAKAN', 'plester', 'plester', '2018-04-03 20:10:28', '2018-04-03 20:10:28'),
(47, 'ALERGIOBAT', 'amoxicillin', 'amoxicillin', '2018-04-14 21:09:37', '2018-04-14 21:09:37'),
(48, 'DIAGNOSA', 'hipertensi', 'hipertensi', '2018-04-14 21:09:37', '2018-04-14 21:09:37'),
(49, 'DIAGNOSA', 'urti', 'URTI', '2018-04-14 21:09:37', '2018-04-14 21:09:37'),
(50, 'TINDAKAN', 'cekguladarah', 'Cek Gula Darah', '2018-04-14 21:09:37', '2018-04-14 21:09:37'),
(51, 'ALERGIOBAT', 'ctm', 'ctm', '2018-04-17 17:01:12', '2018-04-17 17:01:12'),
(52, 'TINDAKAN', 'jahit', 'jahit', '2018-04-17 17:01:12', '2018-04-17 17:01:12'),
(53, 'ANAMNESI', 'pu', 'Pu', '2018-04-17 17:05:35', '2018-04-17 17:05:35'),
(54, 'ANAMNESI', 'pusi', 'Pusi', '2018-04-17 17:08:04', '2018-04-17 17:08:04'),
(55, 'DIAGNOSA', 'demamberdarah', 'Demam Berdarah', '2018-04-26 21:33:08', '2018-04-26 21:33:08'),
(56, 'DIAGNOSA', 'mutaber', 'Mutaber', '2018-04-26 21:33:08', '2018-04-26 21:33:08'),
(57, 'ANAMNESI', 'batukpilekpanas3hari', 'batuk pilek panas 3 hari', '2018-05-05 14:17:26', '2018-05-05 14:17:26'),
(58, 'DIAGNOSA', 'ispa', 'ISPA', '2018-05-05 14:17:26', '2018-05-05 14:17:26'),
(59, 'TINDAKAN', 'asamurat', 'asam urat', '2018-05-05 14:17:26', '2018-05-05 14:17:26'),
(60, 'ANAMNESI', 'asdasd', 'asdasd', '2018-05-05 14:22:40', '2018-05-05 14:22:40'),
(61, 'ALERGIOBAT', 'sdfsdf', 'sdfsdf', '2018-05-05 14:22:40', '2018-05-05 14:22:40'),
(62, 'TINDAKAN', 'suntikrabies', 'Suntik Rabies', '2018-05-05 14:22:40', '2018-05-05 14:22:40'),
(63, 'ANAMNESI', 'mencret', 'mencret', '2018-05-10 11:13:27', '2018-05-10 11:13:27'),
(64, 'ALERGIOBAT', 'obatseranggga', 'obat seranggga', '2018-05-10 11:13:27', '2018-05-10 11:13:27'),
(65, 'DIAGNOSA', 'gastroenteritis', 'Gastro Enteritis', '2018-05-10 11:13:27', '2018-05-10 11:13:27'),
(66, 'DIAGNOSA', 'sakitpusing', 'Sakit Pusing', '2018-05-10 18:14:19', '2018-05-10 18:14:19'),
(67, 'TINDAKAN', 'diberiobat', 'diberi obat', '2018-05-10 18:14:19', '2018-05-10 18:14:19'),
(68, 'TINDAKAN', 'pemberianobat', 'Pemberian Obat', '2018-05-18 08:34:59', '2018-05-18 08:34:59'),
(69, 'ANAMNESI', 'panas', 'panas', '2018-05-18 23:09:12', '2018-05-18 23:09:12'),
(70, 'DIAGNOSA', 'sakitdemamberdarah', 'Sakit demam berdarah', '2018-05-18 23:09:12', '2018-05-18 23:09:12'),
(71, 'ANAMNESI', 'mual', 'Mual', '2019-12-06 10:35:11', '2019-12-06 10:35:11'),
(72, 'DIAGNOSA', 'baiksaja', 'baik saja', '2019-12-06 10:35:11', '2019-12-06 10:35:11'),
(73, 'TINDAKAN', '-', '-', '2019-12-06 10:35:11', '2019-12-06 10:35:11'),
(74, 'ANAMNESI', '-', '-', '2019-12-21 13:05:06', '2019-12-21 13:05:06'),
(75, 'ALERGIOBAT', '-', '-', '2019-12-21 13:05:06', '2019-12-21 13:05:06'),
(76, 'DIAGNOSA', '-', '-', '2019-12-21 13:05:06', '2019-12-21 13:05:06'),
(77, 'ALERGIOBAT', 'iya', 'iya', '2019-12-21 13:08:22', '2019-12-21 13:08:22'),
(78, 'DIAGNOSA', 'batukpilek', 'batuk pilek', '2019-12-21 13:08:22', '2019-12-21 13:08:22'),
(79, 'TINDAKAN', 'periksa', 'periksa', '2019-12-21 13:08:22', '2019-12-21 13:08:22'),
(80, 'DIAGNOSA', 'febris', 'febris', '2020-01-10 11:57:04', '2020-01-10 11:57:04'),
(81, 'TINDAKAN', 'injeksi', 'injeksi', '2020-01-10 11:57:04', '2020-01-10 11:57:04'),
(82, 'ALERGIOBAT', 'tidakada', 'tidak ada', '2020-01-15 05:56:02', '2020-01-15 05:56:02'),
(83, 'DIAGNOSA', 'dm', 'DM', '2020-01-15 05:56:02', '2020-01-15 05:56:02'),
(84, 'ANAMNESI', 'sakitperut', 'SAKIT PERUT', '2020-01-15 16:30:05', '2020-01-15 16:30:05'),
(85, 'ANAMNESI', 'mualmuntah', 'MUAL MUNTAH', '2020-01-16 13:53:44', '2020-01-16 13:53:44'),
(86, 'DIAGNOSA', 'gea', 'GEA', '2020-01-16 13:53:44', '2020-01-16 13:53:44'),
(87, 'TINDAKAN', 'injeksiranitidin', 'INJEKSI RANITIDIN', '2020-01-16 13:53:44', '2020-01-16 13:53:44'),
(88, 'ANAMNESI', 'sssssss', 'sssssss', '2020-01-21 18:55:51', '2020-01-21 18:55:51'),
(89, 'DIAGNOSA', 'sssss', 'sssss', '2020-01-21 18:55:51', '2020-01-21 18:55:51'),
(90, 'TINDAKAN', 'daffds', 'daffds', '2020-01-21 18:55:51', '2020-01-21 18:55:51'),
(91, 'ANAMNESI', 'dqwd', 'dqwd', '2020-01-21 18:59:39', '2020-01-21 18:59:39'),
(92, 'DIAGNOSA', 'dsffgsd', 'dsffgsd', '2020-01-21 18:59:39', '2020-01-21 18:59:39'),
(93, 'TINDAKAN', 'dfdaf', 'dfdaf', '2020-01-21 18:59:39', '2020-01-21 18:59:39'),
(94, 'ALERGIOBAT', 'betametason', 'betametason', '2020-06-30 09:00:58', '2020-06-30 09:00:58'),
(95, 'ANAMNESI', 'tes', 'tes', '2020-10-27 14:21:38', '2020-10-27 14:21:38'),
(96, 'DIAGNOSA', 'tes', 'tes', '2020-10-27 14:21:38', '2020-10-27 14:21:38'),
(97, 'ANAMNESI', 'pilekdengandahak', 'pilek dengan dahak', '2021-06-18 16:31:53', '2021-06-18 16:31:53'),
(98, 'ANAMNESI', 'anamesti', 'anamesti', '2021-06-23 09:39:58', '2021-06-23 09:39:58'),
(99, 'ALERGIOBAT', 'riawayat', 'riawayat', '2021-06-23 09:39:58', '2021-06-23 09:39:58'),
(100, 'DIAGNOSA', 'tidakkenapakenapa', 'tidak kenapa kenapa', '2021-06-23 09:39:58', '2021-06-23 09:39:58'),
(101, 'ANAMNESI', 'a', 'a', '2021-09-13 09:51:17', '2021-09-13 09:51:17'),
(102, 'ALERGIOBAT', 'asa', 'asa', '2021-09-13 09:51:17', '2021-09-13 09:51:17'),
(103, 'DIAGNOSA', 'asa', 'asa', '2021-09-13 09:51:17', '2021-09-13 09:51:17'),
(104, 'ANAMNESI', 'asa', 'asa', '2021-09-15 12:20:12', '2021-09-15 12:20:12'),
(105, 'ALERGIOBAT', 'asas', 'asas', '2021-09-15 12:20:12', '2021-09-15 12:20:12'),
(106, 'DIAGNOSA', 'assa', 'assa', '2021-09-15 12:20:12', '2021-09-15 12:20:12'),
(107, 'TINDAKAN', 'asas', 'asas', '2021-09-15 12:20:12', '2021-09-15 12:20:12'),
(108, 'ALERGIOBAT', 'sasamarimas', 'SASAmarimas', '2021-09-16 10:50:29', '2021-09-16 10:50:29'),
(109, 'ALERGIOBAT', 'azitromichin', 'azitromichin', '2021-09-22 05:07:51', '2021-09-22 05:07:51'),
(110, 'DIAGNOSA', 'abortus', 'abortus', '2021-09-22 05:07:51', '2021-09-22 05:07:51'),
(111, 'ANAMNESI', 'batukberdahak', 'Batuk berdahak', '2021-09-22 10:06:24', '2021-09-22 10:06:24'),
(112, 'DIAGNOSA', 'cough', 'Cough', '2021-09-22 10:06:24', '2021-09-22 10:06:24'),
(113, 'TINDAKAN', 'nebulizer', 'Nebulizer', '2021-09-22 10:06:24', '2021-09-22 10:06:24'),
(114, 'ANAMNESI', 'gigibawahkiribe;alakangsakit', 'GIGI BAWAH KIRI BE;ALAKANG SAKIT', '2021-09-29 18:42:57', '2021-09-29 18:42:57'),
(115, 'DIAGNOSA', 'gigi36pulpitis', 'GIGI 36 PULPITIS', '2021-09-29 18:42:57', '2021-09-29 18:42:57'),
(116, 'TINDAKAN', 'mumifikasigigi36(23.79)', 'MUMIFIKASI GIGI 36 (23.79)', '2021-09-29 18:42:57', '2021-09-29 18:42:57'),
(117, 'ANAMNESI', 'bintikmerahdiwajah', 'bintik merah di wajah', '2021-09-29 19:18:38', '2021-09-29 19:18:38'),
(118, 'ANAMNESI', 'telapaktangandantelapakkaki', 'telapak tangan dan telapak kaki', '2021-09-29 19:18:38', '2021-09-29 19:18:38'),
(119, 'ANAMNESI', 'nyeritelan', 'nyeri telan', '2021-09-29 19:18:38', '2021-09-29 19:18:38'),
(120, 'DIAGNOSA', 'hfmd', 'HFMD', '2021-09-29 19:18:38', '2021-09-29 19:18:38'),
(121, 'TINDAKAN', 'cefadroxil2x500mg\r\nparacetamolforte3x650mg\r\ncetirizin2x10mgk', 'cefadroxil 2x500mg\r\nparacetamol forte 3x650mg\r\ncetirizin 2x1', '2021-09-29 19:18:38', '2021-09-29 19:18:38'),
(122, 'DIAGNOSA', 'rfa', 'rfa', '2021-09-29 19:22:30', '2021-09-29 19:22:30'),
(123, 'DIAGNOSA', 'batukpanas', 'Batuk panas', '2021-10-02 22:19:04', '2021-10-02 22:19:04'),
(124, 'TINDAKAN', 'kbdepo3bulan', 'KB DEPO 3 BULAN', '2021-10-02 22:19:04', '2021-10-02 22:19:04'),
(125, 'DIAGNOSA', 'batukberdahak', 'Batuk berdahak', '2021-10-02 22:21:46', '2021-10-02 22:21:46'),
(126, 'TINDAKAN', 'jasamedis', 'JASA MEDIS', '2021-10-02 22:21:46', '2021-10-02 22:21:46'),
(127, 'ANAMNESI', 'testing002', 'Testing 002', '2021-10-02 22:34:45', '2021-10-02 22:34:45'),
(128, 'TINDAKAN', 'observasi@jam', 'OBSERVASI @JAM', '2021-10-02 22:34:45', '2021-10-02 22:34:45'),
(129, 'TINDAKAN', 'jm+injeksi', 'JM + INJEKSI', '2021-10-04 10:45:25', '2021-10-04 10:45:25'),
(130, 'ANAMNESI', 'demam', 'demam', '2021-10-04 15:21:24', '2021-10-04 15:21:24'),
(131, 'ANAMNESI', 'pilekdrkemarin', 'pilek dr kemarin', '2021-10-04 15:21:24', '2021-10-04 15:21:24'),
(132, 'ANAMNESI', 'cektensi', 'cek tensi', '2021-10-06 09:19:23', '2021-10-06 09:19:23'),
(133, 'TINDAKAN', 'checkup(batashrgbawah)', 'Check up (Batas Hrg Bawah)', '2021-10-06 09:19:23', '2021-10-06 09:19:23'),
(134, 'ANAMNESI', 'batukpilekpanas4hariyll', 'batuk pilek panas 4 hari yll', '2021-10-06 09:33:18', '2021-10-06 09:33:18'),
(135, 'ANAMNESI', 'pileksejak4hariyanglalu', 'pilek sejak 4 hari yang lalu', '2021-10-06 11:04:01', '2021-10-06 11:04:01'),
(136, 'DIAGNOSA', 'rhinitis', 'Rhinitis', '2021-10-06 11:04:01', '2021-10-06 11:04:01'),
(137, 'ANAMNESI', 'luka', 'Luka', '2021-10-06 13:17:40', '2021-10-06 13:17:40'),
(138, 'ANAMNESI', 'lecetkarenaterjatuh', 'lecet karena terjatuh', '2021-10-06 13:17:40', '2021-10-06 13:17:40'),
(139, 'DIAGNOSA', 'luka', 'luka', '2021-10-06 13:17:40', '2021-10-06 13:17:40'),
(140, 'DIAGNOSA', 'lecet', 'lecet', '2021-10-06 13:17:40', '2021-10-06 13:17:40'),
(141, 'ANAMNESI', 'mualdannyeriperut', 'mual dan nyeri perut', '2021-10-06 14:26:55', '2021-10-06 14:26:55'),
(142, 'DIAGNOSA', 'dispepsia', 'dispepsia', '2021-10-06 14:26:55', '2021-10-06 14:26:55'),
(143, 'ANAMNESI', 'gatalpadamatasebelahkiri', 'gatal pada mata sebelah kiri', '2021-10-08 16:22:38', '2021-10-08 16:22:38'),
(144, 'DIAGNOSA', 'konjungtivitis', 'Konjungtivitis', '2021-10-08 16:22:38', '2021-10-08 16:22:38'),
(145, 'ANAMNESI', 'badanterasameriang', 'badan terasa meriang', '2021-10-08 18:13:22', '2021-10-08 18:13:22'),
(146, 'TINDAKAN', 'eksterparasilipoma(b)', 'EKSTERPARASI LIPOMA (B)', '2021-10-08 18:13:22', '2021-10-08 18:13:22'),
(147, 'ANAMNESI', 'nyeriperutbawah', 'Nyeri perut bawah', '2021-10-11 11:29:41', '2021-10-11 11:29:41'),
(148, 'DIAGNOSA', 'isk', 'ISK', '2021-10-11 11:29:41', '2021-10-11 11:29:41'),
(149, 'ANAMNESI', 'matakabur', 'mata kabur', '2021-10-11 11:35:22', '2021-10-11 11:35:22'),
(150, 'DIAGNOSA', 'katarak', 'katarak', '2021-10-11 11:35:22', '2021-10-11 11:35:22'),
(151, 'DIAGNOSA', 'asamlambung', 'Asam lambung', '2021-10-11 12:01:25', '2021-10-11 12:01:25'),
(152, 'ANAMNESI', 'lukakbm', 'luka KBM', '2021-10-11 12:10:20', '2021-10-11 12:10:20'),
(153, 'DIAGNOSA', 'lukagesek', 'luka gesek', '2021-10-11 12:10:20', '2021-10-11 12:10:20'),
(154, 'ANAMNESI', 'bapil', 'bapil', '2021-10-11 12:24:29', '2021-10-11 12:24:29'),
(155, 'DIAGNOSA', 'headache', 'headache', '2021-10-11 12:27:14', '2021-10-11 12:27:14'),
(156, 'ANAMNESI', 'kontroltensi', 'kontrol tensi', '2021-10-11 12:32:26', '2021-10-11 12:32:26'),
(157, 'ANAMNESI', 'batukpilek', 'batuk pilek', '2021-10-11 12:33:37', '2021-10-11 12:33:37'),
(158, 'ANAMNESI', 'gatal', 'GATAL', '2021-10-11 12:44:18', '2021-10-11 12:44:18'),
(159, 'DIAGNOSA', 'gatal', 'GATAL', '2021-10-11 12:44:18', '2021-10-11 12:44:18'),
(160, 'DIAGNOSA', 'fever', 'fever', '2021-10-11 13:39:51', '2021-10-11 13:39:51'),
(161, 'ANAMNESI', 'mualdanmuntah', 'mual dan muntah', '2021-10-11 13:41:28', '2021-10-11 13:41:28'),
(162, 'TINDAKAN', 'gic(batashrgbawah)', 'GIC (Batas Hrg Bawah)', '2021-10-11 14:03:48', '2021-10-11 14:03:48'),
(163, 'DIAGNOSA', 'gigibelakangbengkak', 'Gigi belakang bengkak', '2021-10-11 14:06:23', '2021-10-11 14:06:23'),
(164, 'TINDAKAN', 'incisiabces', 'INCISI ABCES', '2021-10-11 14:06:23', '2021-10-11 14:06:23'),
(165, 'DIAGNOSA', 'migrain', 'migrain', '2021-10-11 14:31:21', '2021-10-11 14:31:21'),
(166, 'DIAGNOSA', 'cold', 'cold', '2021-10-11 14:45:01', '2021-10-11 14:45:01'),
(167, 'DIAGNOSA', 'diare', 'diare', '2021-10-11 14:57:31', '2021-10-11 14:57:31'),
(168, 'ANAMNESI', 'pilekmeriangdari2hariyanglalu', 'pilek meriang dari 2 hari yang lalu', '2021-10-11 15:16:52', '2021-10-11 15:16:52'),
(169, 'ANAMNESI', 'badannyeri', 'badan nyeri', '2021-10-11 16:36:43', '2021-10-11 16:36:43'),
(170, 'DIAGNOSA', 'myalgia', 'myalgia', '2021-10-11 16:36:43', '2021-10-11 16:36:43'),
(171, 'ANAMNESI', 'pilekdanpanas', 'pilek dan panas', '2021-10-11 16:38:56', '2021-10-11 16:38:56'),
(172, 'ANJURANOBAT', '1x1', '1 x 1', '2021-10-12 09:51:34', '2021-10-12 09:51:34'),
(173, 'ANJURANOBAT', '2x1', '2 x 1', '2021-10-12 09:51:53', '2021-10-12 09:51:53'),
(174, 'ANAMNESI', 'lukapadavagina', 'luka pada vagina', '2021-10-12 09:53:51', '2021-10-12 09:53:51'),
(175, 'DIAGNOSA', 'ulkusvaginasuspsyphilis', 'ulkus vagina susp syphilis', '2021-10-12 09:53:51', '2021-10-12 09:53:51'),
(176, 'ANJURANOBAT', '1x1/2', '1 x 1/2', '2021-10-12 09:55:59', '2021-10-12 09:55:59'),
(177, 'ANJURANOBAT', '2x1/2', '2 x 1/2', '2021-10-12 09:56:13', '2021-10-12 09:56:13'),
(178, 'ANAMNESI', 'radang', 'RADANG', '2021-10-12 15:16:20', '2021-10-12 15:16:20'),
(179, 'ANAMNESI', 'nyeridangbengkaktelingakanan', 'nyeri dang bengkak telinga kanan', '2021-10-13 09:07:53', '2021-10-13 09:07:53'),
(180, 'DIAGNOSA', 'perichondritisaurikulad', 'perichondritis aurikula D', '2021-10-13 09:07:53', '2021-10-13 09:07:53'),
(181, 'ANAMNESI', 'nyerikepala', 'nyeri kepala', '2021-10-13 09:12:07', '2021-10-13 09:12:07'),
(182, 'DIAGNOSA', 'ht+hiperurisemia+cephalgia', 'HT+Hiperurisemia+Cephalgia', '2021-10-13 09:12:07', '2021-10-13 09:12:07'),
(183, 'ANAMNESI', 'kontrolluka', 'kontrol luka', '2021-10-13 09:15:04', '2021-10-13 09:15:04'),
(184, 'DIAGNOSA', 'followupvulnusappertumcruris+multiplevulnusekskoriasi', 'Follow up vulnus appertum cruris + multiple vulnus ekskorias', '2021-10-13 09:15:04', '2021-10-13 09:15:04'),
(185, 'TINDAKAN', 'wt5-10cm', 'WT 5-10 CM', '2021-10-13 09:15:04', '2021-10-13 09:15:04'),
(186, 'DIAGNOSA', 'cephalgia', 'cephalgia', '2021-10-13 09:18:10', '2021-10-13 09:18:10'),
(187, 'DIAGNOSA', 'faringitisakut', 'Faringitis akut', '2021-10-13 09:27:34', '2021-10-13 09:27:34'),
(188, 'ANAMNESI', 'gatalhampirseluruhtubuh', 'gatal hampir seluruh tubuh', '2021-10-13 09:29:23', '2021-10-13 09:29:23'),
(189, 'DIAGNOSA', 'dermatitis', 'dermatitis', '2021-10-13 09:29:23', '2021-10-13 09:29:23'),
(190, 'ANAMNESI', 'nyerigigi', 'nyeri gigi', '2021-10-13 10:26:36', '2021-10-13 10:26:36'),
(191, 'TINDAKAN', 'explorasi', 'EXPLORASI', '2021-10-13 10:26:36', '2021-10-13 10:26:36'),
(192, 'DIAGNOSA', 'kariesgigi', 'karies gigi', '2021-10-13 11:09:45', '2021-10-13 11:09:45'),
(193, 'TINDAKAN', 'cabutgigi/komplikasi(batashrgbawah)', 'Cabut gigi/komplikasi (Batas Hrg Bawah)', '2021-10-13 11:09:45', '2021-10-13 11:09:45'),
(194, 'ANAMNESI', 'panaspilek', 'panas pilek', '2021-10-14 09:48:56', '2021-10-14 09:48:56'),
(195, 'DIAGNOSA', 'obs.febris', 'Obs. febris', '2021-10-14 09:48:56', '2021-10-14 09:48:56'),
(196, 'ANAMNESI', 'nyerisaatkencing', 'nyeri saat kencing', '2021-10-14 09:57:15', '2021-10-14 09:57:15'),
(197, 'DIAGNOSA', 'ht+ispa', 'HT + ISPA', '2021-10-14 10:35:35', '2021-10-14 10:35:35'),
(198, 'ANAMNESI', 'nyeridada', 'nyeri dada', '2021-10-14 10:37:05', '2021-10-14 10:37:05'),
(199, 'ANAMNESI', 'pusingberputar', 'pusing berputar', '2021-10-14 17:30:31', '2021-10-14 17:30:31'),
(200, 'DIAGNOSA', 'vertigo+ht', 'Vertigo + HT', '2021-10-14 17:30:31', '2021-10-14 17:30:31'),
(201, 'ANAMNESI', 'gataldikaki', 'gatal di kaki', '2021-10-14 17:58:49', '2021-10-14 17:58:49'),
(202, 'DIAGNOSA', 'dermatitisalergi', 'Dermatitis Alergi', '2021-10-14 17:58:49', '2021-10-14 17:58:49'),
(203, 'ANAMNESI', 'gataldibahu', 'gatal di bahu', '2021-10-14 18:30:56', '2021-10-14 18:30:56'),
(204, 'ANAMNESI', 'punggungdanlipatanpayudara', 'punggung dan lipatan payudara', '2021-10-14 18:30:56', '2021-10-14 18:30:56'),
(205, 'DIAGNOSA', 'candidiasis', 'candidiasis', '2021-10-14 18:30:56', '2021-10-14 18:30:56'),
(206, 'ANAMNESI', 'kontrol', 'kontrol', '2021-10-15 08:36:41', '2021-10-15 08:36:41'),
(207, 'DIAGNOSA', 'dmtii', 'DMT II', '2021-10-15 08:36:41', '2021-10-15 08:36:41'),
(208, 'ANAMNESI', 'nyeritertusukduritanaman', 'nyeri tertusuk duri tanaman', '2021-10-15 09:11:40', '2021-10-15 09:11:40'),
(209, 'DIAGNOSA', 'vulnusictum', 'vulnus ictum', '2021-10-15 09:11:40', '2021-10-15 09:11:40'),
(210, 'ANAMNESI', 'demamsejaktadfimalam', 'demam sejak tadfi malam', '2021-10-15 09:44:04', '2021-10-15 09:44:04'),
(211, 'ANAMNESI', 'sepertimules', 'seperti mules', '2021-10-16 08:58:08', '2021-10-16 08:58:08'),
(212, 'ANAMNESI', 'bablancar', 'BAB lancar', '2021-10-16 08:58:08', '2021-10-16 08:58:08'),
(213, 'ANAMNESI', 'kentut(+)', 'kentut (+)', '2021-10-16 08:58:08', '2021-10-16 08:58:08'),
(214, 'ANAMNESI', 'muntah(-)', 'muntah (-)', '2021-10-16 08:58:08', '2021-10-16 08:58:08'),
(215, 'DIAGNOSA', 'konstipasi', 'Konstipasi', '2021-10-16 08:58:08', '2021-10-16 08:58:08'),
(216, 'ANAMNESI', 'gatalpadaleher', 'gatal pada leher', '2021-10-16 09:00:19', '2021-10-16 09:00:19'),
(217, 'ANAMNESI', 'diaredarikemarin', 'diare dari kemarin', '2021-10-16 09:04:42', '2021-10-16 09:04:42'),
(218, 'ANAMNESI', 'muntahdarikemarin', 'muntah dari kemarin', '2021-10-16 09:04:42', '2021-10-16 09:04:42'),
(219, 'DIAGNOSA', 'gea+obs.vomiting', 'GEA + Obs. Vomiting', '2021-10-16 09:04:42', '2021-10-16 09:04:42'),
(220, 'ANAMNESI', 'kadangpusing', 'kadang pusing', '2021-10-16 10:49:22', '2021-10-16 10:49:22'),
(221, 'ANAMNESI', 'muntaharikemarin', 'muntah ari kemarin', '2021-10-16 16:56:28', '2021-10-16 16:56:28'),
(222, 'DIAGNOSA', 'dyspepsia', 'Dyspepsia', '2021-10-16 16:56:28', '2021-10-16 16:56:28'),
(223, 'ANAMNESI', 'pilekdari3hariyanglalu', 'pilek dari 3 hari yang lalu', '2021-10-16 16:59:33', '2021-10-16 16:59:33'),
(224, 'ANAMNESI', 'nyeripadapergelangantangan', 'nyeri pada pergelangan tangan', '2021-10-17 18:48:16', '2021-10-17 18:48:16'),
(225, 'ANAMNESI', 'batuksejakkemarin', 'batuk sejak kemarin', '2021-10-17 18:50:04', '2021-10-17 18:50:04'),
(226, 'ANAMNESI', 'pilekdandemamsejakkemarin', 'pilek dan demam sejak kemarin', '2021-10-17 18:52:13', '2021-10-17 18:52:13'),
(227, 'ANAMNESI', 'gataldanperihdidadakirisejak3hariyll', 'gatal dan perih di dada kiri sejak 3 hari yll', '2021-10-18 10:19:03', '2021-10-18 10:19:03'),
(228, 'ALERGIOBAT', 'amoxicillin\r\npiroxicam\r\nasammefenamat', 'amoxicillin\r\npiroxicam\r\nasam mefenamat', '2021-10-18 10:19:03', '2021-10-18 10:19:03'),
(229, 'DIAGNOSA', 'dermatitisvenenata', 'dermatitis venenata', '2021-10-18 10:19:03', '2021-10-18 10:19:03'),
(230, 'DIAGNOSA', 'dm+ht', 'DM + HT', '2021-10-18 10:24:08', '2021-10-18 10:24:08'),
(231, 'ANAMNESI', 'generalcheckup', 'general check up', '2021-10-18 10:28:30', '2021-10-18 10:28:30'),
(232, 'DIAGNOSA', 'hiperurisemia', 'hiperurisemia', '2021-10-18 10:28:30', '2021-10-18 10:28:30'),
(233, 'ANAMNESI', 'gatallengandanungkaisejak1bulanyll\r\n\r\nriwayatalergimiedantel', 'gatal lengan dan ungkai sejak 1 bulan yll\r\n\r\nriwayat alergi ', '2021-10-18 10:30:12', '2021-10-18 10:30:12'),
(234, 'ANAMNESI', 'postkll', 'post KLL', '2021-10-20 08:24:36', '2021-10-20 08:24:36'),
(235, 'ANAMNESI', 'lukadibagiankakikanan', 'luka di bagian kaki kanan', '2021-10-20 08:24:36', '2021-10-20 08:24:36'),
(236, 'ANAMNESI', 'kakikiei', 'kaki kiei', '2021-10-20 08:24:36', '2021-10-20 08:24:36'),
(237, 'ANAMNESI', 'lututdanlengan', 'lutut dan lengan', '2021-10-20 08:24:36', '2021-10-20 08:24:36'),
(238, 'DIAGNOSA', 'vulnuslaceration', 'Vulnus laceration', '2021-10-20 08:24:36', '2021-10-20 08:24:36'),
(239, 'ANAMNESI', 'muntah3x', 'muntah 3x', '2021-10-20 09:53:06', '2021-10-20 09:53:06'),
(240, 'DIAGNOSA', 'obs.vomiting', 'Obs. vomiting', '2021-10-20 09:53:06', '2021-10-20 09:53:06'),
(241, 'ANAMNESI', 'panasdaritadipagi', 'panas dari tadi pagi', '2021-10-20 09:54:42', '2021-10-20 09:54:42'),
(242, 'ANAMNESI', 'nyerihaid', 'nyeri haid', '2021-10-20 09:56:42', '2021-10-20 09:56:42'),
(243, 'DIAGNOSA', 'disminore', 'Disminore', '2021-10-20 09:56:42', '2021-10-20 09:56:42'),
(244, 'ANAMNESI', 'terkenacengkramananjingdidada', 'terkena cengkraman anjing di dada', '2021-10-20 16:03:39', '2021-10-20 16:03:39'),
(245, 'DIAGNOSA', 'vulnuslaceratione.cdigigitanjing', 'Vulnus laceration e.c digigit anjing', '2021-10-20 16:03:39', '2021-10-20 16:03:39'),
(246, 'ANAMNESI', 'gatalkuranglebih2bulan', 'gatal kurang lebih 2 bulan', '2021-10-20 17:09:53', '2021-10-20 17:09:53'),
(247, 'ANAMNESI', 'batukdanpilek', 'batuk dan pilek', '2021-10-20 17:15:34', '2021-10-20 17:15:34'),
(248, 'ANAMNESI', 'nyerisaathaid', 'nyeri saat haid', '2021-10-20 17:19:05', '2021-10-20 17:19:05'),
(249, 'ANAMNESI', 'mens2kalisebulan', 'mens 2 kali sebulan', '2021-10-20 17:19:05', '2021-10-20 17:19:05'),
(250, 'DIAGNOSA', 'menometroraghia', 'menometroraghia', '2021-10-20 17:19:05', '2021-10-20 17:19:05'),
(251, 'ANAMNESI', 'pilek4hari', 'pilek 4 hari', '2021-10-20 17:21:17', '2021-10-20 17:21:17'),
(252, 'ANAMNESI', 'gataldikaki1minggu', 'gatal di kaki 1 minggu', '2021-10-21 08:32:20', '2021-10-21 08:32:20'),
(253, 'ANAMNESI', 'sariawandari3hari', 'sariawan dari 3 hari', '2021-10-21 08:33:49', '2021-10-21 08:33:49'),
(254, 'DIAGNOSA', 'stomatitis', 'Stomatitis', '2021-10-21 08:33:49', '2021-10-21 08:33:49'),
(255, 'ANAMNESI', 'tangankirisakitdankadangkaku', 'tangan kiri sakit dan kadang kaku', '2021-10-21 08:35:22', '2021-10-21 08:35:22'),
(256, 'ANAMNESI', 'sepertitremor', 'seperti tremor', '2021-10-21 08:35:22', '2021-10-21 08:35:22'),
(257, 'DIAGNOSA', 'vulnusekskoriasiregiopedisdigitivsinistra', 'Vulnus ekskoriasi regio pedis digiti V sinistra', '2021-10-21 08:37:31', '2021-10-21 08:37:31'),
(258, 'ANAMNESI', 'lemasdanpusingdari3hari', 'lemas dan pusing dari 3 hari', '2021-10-21 09:00:55', '2021-10-21 09:00:55'),
(259, 'ANAMNESI', 'gataldilengandanpaha', 'gatal di lengan dan paha', '2021-10-21 09:28:37', '2021-10-21 09:28:37'),
(260, 'ANAMNESI', 'muntah3xdartadipagi', 'muntah 3x dar tadi pagi', '2021-10-21 15:52:35', '2021-10-21 15:52:35'),
(261, 'ANAMNESI', 'pilekgatalditenggorokan', 'pilek gatal di tenggorokan', '2021-10-21 16:40:11', '2021-10-21 16:40:11'),
(262, 'ANAMNESI', 'sakittenggorokan', 'sakit tenggorokan', '2021-10-21 16:47:35', '2021-10-21 16:47:35'),
(263, 'ANAMNESI', 'pasienininmemeriksakangigibawahyangsakit', 'pasien inin memeriksakan gigi bawah yang sakit', '2021-10-21 17:36:38', '2021-10-21 17:36:38'),
(264, 'DIAGNOSA', 'gigi46pulpitis', 'GIGI 46 PULPITIS', '2021-10-21 17:36:38', '2021-10-21 17:36:38'),
(265, 'ANAMNESI', 'bisuldipaha', 'bisul di paha', '2021-10-21 18:03:14', '2021-10-21 18:03:14'),
(266, 'DIAGNOSA', 'furunkel', 'Furunkel', '2021-10-21 18:03:14', '2021-10-21 18:03:14'),
(267, 'DIAGNOSA', 'febris+ispa', 'Febris + ISPA', '2021-10-21 18:23:19', '2021-10-21 18:23:19'),
(268, 'ANAMNESI', 'rawatluka', 'rawat luka', '2021-10-21 18:24:54', '2021-10-21 18:24:54'),
(269, 'DIAGNOSA', 'vulnusekskoriasi', 'Vulnus Ekskoriasi', '2021-10-21 18:24:54', '2021-10-21 18:24:54'),
(270, 'ANAMNESI', 'nyeriperutkananbawah', 'nyeri perut kanan bawah', '2021-10-21 18:26:24', '2021-10-21 18:26:24'),
(271, 'ANAMNESI', 'pasieninginmemeriksakangigiatasyangsakit', 'pasien ingin memeriksakan gigi atas yang sakit', '2021-10-21 18:36:16', '2021-10-21 18:36:16'),
(272, 'DIAGNOSA', 'gigi64pulpitis', 'GIGI 64 PULPITIS', '2021-10-21 18:36:16', '2021-10-21 18:36:16'),
(273, 'DIAGNOSA', 'rhinofaringitisakut', 'rhinofaringitis akut', '2021-10-22 09:49:40', '2021-10-22 09:49:40'),
(274, 'DIAGNOSA', 'followupvulnusappertumregiopedisdextra', 'Follow up vulnus appertum regio pedis dextra', '2021-10-22 09:57:24', '2021-10-22 09:57:24'),
(275, 'DIAGNOSA', 'obs.febrish1\r\nispa\r\ngea', 'Obs.Febris H1 \r\nISPA\r\nGEA', '2021-10-22 10:00:43', '2021-10-22 10:00:43'),
(276, 'ANAMNESI', 'diare', 'diare', '2021-10-22 10:03:15', '2021-10-22 10:03:15'),
(277, 'ANAMNESI', 'nyeriperut', 'nyeri perut', '2021-10-22 10:03:15', '2021-10-22 10:03:15'),
(278, 'DIAGNOSA', 'gea\r\ndyspepsia', 'GEA\r\nDyspepsia', '2021-10-22 10:03:15', '2021-10-22 10:03:15'),
(279, 'DIAGNOSA', 'followupvulnusappertumcruris+multiplevulnusekskorias', 'Follow up vulnus appertum cruris + multiple vulnus ekskorias', '2021-10-22 10:07:32', '2021-10-22 10:07:32'),
(280, 'DIAGNOSA', 'skabies', 'SKABIES', '2021-10-22 10:09:57', '2021-10-22 10:09:57'),
(281, 'ANAMNESI', 'matamerah', 'MATA MERAH', '2021-10-22 10:13:24', '2021-10-22 10:13:24'),
(282, 'DIAGNOSA', 'hordeolum', 'HORDEOLUM', '2021-10-22 10:13:24', '2021-10-22 10:13:24'),
(283, 'ANAMNESI', 'riwayatnyeriperut', 'riwayat nyeri perut', '2021-10-22 10:16:03', '2021-10-22 10:16:03'),
(284, 'ANAMNESI', 'saatinitidak', 'saat ini tidak', '2021-10-22 10:16:03', '2021-10-22 10:16:03'),
(285, 'DIAGNOSA', 'taa', 'taa', '2021-10-22 10:16:03', '2021-10-22 10:16:03'),
(286, 'DIAGNOSA', 'cephalgia\r\ndyspepsia', 'cephalgia\r\ndyspepsia', '2021-10-22 10:17:43', '2021-10-22 10:17:43'),
(287, 'DIAGNOSA', 'obs.febris+gea', 'Obs. Febris + GEA', '2021-10-23 08:41:09', '2021-10-23 08:41:09'),
(288, 'ANAMNESI', 'rawatlukaditelunjuktangankiri', 'rawat luka di telunjuk tangan kiri', '2021-10-23 08:43:44', '2021-10-23 08:43:44'),
(289, 'ANAMNESI', 'terkenagerinda3hariyanglalu', 'terkena gerinda 3 hari yang lalu', '2021-10-23 08:43:44', '2021-10-23 08:43:44'),
(290, 'DIAGNOSA', 'vulnuslaceratumdigitiiimanussinistra', 'Vulnus laceratum digiti II Manus sinistra', '2021-10-23 08:43:44', '2021-10-23 08:43:44'),
(291, 'DIAGNOSA', 'vertigp', 'Vertigp', '2021-10-23 08:53:59', '2021-10-23 08:53:59'),
(292, 'ANAMNESI', 'dahaksudahmulaikeluar', 'dahak sudah mulai keluar', '2021-10-23 09:43:14', '2021-10-23 09:43:14'),
(293, 'DIAGNOSA', 'susp.pnemonia', 'Susp. Pnemonia', '2021-10-23 09:43:14', '2021-10-23 09:43:14'),
(294, 'ANAMNESI', 'tangankesemutandannyeri', 'tangan kesemutan dan nyeri', '2021-10-23 10:30:52', '2021-10-23 10:30:52'),
(295, 'DIAGNOSA', 'tendosinovitis', 'Tendosinovitis', '2021-10-23 10:30:52', '2021-10-23 10:30:52'),
(296, 'DIAGNOSA', 'obs.febris+ispa', 'obs. Febris + ISPA', '2021-10-23 15:42:40', '2021-10-23 15:42:40'),
(297, 'ANAMNESI', 'kelopakmatabengkak', 'kelopak mata bengkak', '2021-10-23 15:45:11', '2021-10-23 15:45:11'),
(298, 'DIAGNOSA', 'kalazion', 'Kalazion', '2021-10-23 15:45:11', '2021-10-23 15:45:11'),
(299, 'ANAMNESI', 'kontroljahitankbimplan', 'kontrol jahitan KB Implan', '2021-10-23 15:47:24', '2021-10-23 15:47:24'),
(300, 'DIAGNOSA', 'kbimplant', 'KB Implant', '2021-10-23 15:47:24', '2021-10-23 15:47:24'),
(301, 'ANAMNESI', 'rawatlukadibagianpaha', 'rawat luka di bagian paha', '2021-10-23 16:34:12', '2021-10-23 16:34:12'),
(302, 'ALERGIOBAT', 'asammefenamat', 'asam mefenamat', '2021-10-23 16:34:12', '2021-10-23 16:34:12'),
(303, 'ANAMNESI', 'cekgula', 'cek gula', '2021-10-23 17:25:29', '2021-10-23 17:25:29'),
(304, 'DIAGNOSA', 'medicalcheckup', 'medical check up', '2021-10-23 17:25:29', '2021-10-23 17:25:29'),
(305, 'ANAMNESI', 'rawatlukaditelapakkaki', 'rawat luka di telapak kaki', '2021-10-23 17:28:49', '2021-10-23 17:28:49'),
(306, 'DIAGNOSA', 'combutioplantarpedis+dmtipeii', 'Combutio plantar pedis + DM tipe II', '2021-10-23 17:28:49', '2021-10-23 17:28:49'),
(307, 'ANAMNESI', 'rawatlukaditanganterkenakeramik', 'rawat luka di tangan terkena keramik', '2021-10-23 17:30:44', '2021-10-23 17:30:44'),
(308, 'DIAGNOSA', 'vulnuslaceratumrdigitiiiimanussinistra', 'Vulnus laceratum rdigiti III manus sinistra', '2021-10-23 17:30:44', '2021-10-23 17:30:44'),
(309, 'ANAMNESI', 'sakitgigikananbawah', 'sakit gigi kanan bawah', '2021-10-23 19:11:48', '2021-10-23 19:11:48'),
(310, 'DIAGNOSA', 'pulpitis85', 'pulpitis 85', '2021-10-23 19:11:48', '2021-10-23 19:11:48'),
(311, 'DIAGNOSA', '26pulpitis', '26 pulpitis', '2021-10-23 19:18:53', '2021-10-23 19:18:53'),
(312, 'DIAGNOSA', 'periodontitismarginaliskronis26goyangdrajat227', 'periodontitis marginalis kronis 26 goyang drajat 2 27', '2021-10-23 19:21:44', '2021-10-23 19:21:44'),
(313, 'DIAGNOSA', 'nekrosapulpa25', 'nekrosa pulpa 25', '2021-10-23 19:24:18', '2021-10-23 19:24:18'),
(314, 'ANAMNESI', 'gigisakitberlubang', 'gigi sakit berlubang', '2021-10-23 19:30:32', '2021-10-23 19:30:32'),
(315, 'DIAGNOSA', 'nekrosapulpa', 'nekrosa pulpa', '2021-10-23 19:30:32', '2021-10-23 19:30:32'),
(316, 'ANAMNESI', 'gigikananbawahsakit', 'gigi kanan bawah sakit', '2021-10-23 19:32:43', '2021-10-23 19:32:43'),
(317, 'ANAMNESI', 'gigikiribelakangbawah', 'gigi kiri belakang bawah', '2021-10-23 19:34:52', '2021-10-23 19:34:52'),
(318, 'DIAGNOSA', 'nekrosapulpa26', 'nekrosa pulpa 26', '2021-10-23 19:34:52', '2021-10-23 19:34:52'),
(319, 'ANAMNESI', 'gigidepanbawahberlubang', 'gigi depan bawah berlubang', '2021-10-23 19:37:16', '2021-10-23 19:37:16'),
(320, 'DIAGNOSA', 'pulpitisreversible31', 'pulpitis reversible 31', '2021-10-23 19:37:16', '2021-10-23 19:37:16'),
(321, 'ANAMNESI', 'gigikiribelakangsakit', 'gigi kiri belakang sakit', '2021-10-23 19:38:53', '2021-10-23 19:38:53'),
(322, 'ANAMNESI', 'gigikiriatassakitdanberlubang', 'gigi kiri atas sakit dan berlubang', '2021-10-23 19:42:38', '2021-10-23 19:42:38'),
(323, 'DIAGNOSA', 'pulpitisireversible26', 'pulpitis ireversible 26', '2021-10-23 19:42:38', '2021-10-23 19:42:38'),
(324, 'DIAGNOSA', 'nekrosapulpa45', 'nekrosa pulpa 45', '2021-10-23 19:44:38', '2021-10-23 19:44:38'),
(325, 'ANAMNESI', 'cekgigi', 'cek gigi', '2021-10-23 19:50:06', '2021-10-23 19:50:06'),
(326, 'DIAGNOSA', 'gmk', 'GMK', '2021-10-23 19:50:06', '2021-10-23 19:50:06'),
(327, 'TINDAKAN', 'eksterparasiclavus(k)', 'EKSTERPARASI CLAVUS (K)', '2021-10-23 19:50:06', '2021-10-23 19:50:06'),
(328, 'ANAMNESI', 'gusigigikananbelakangatasbengkak', 'gusi gigi kanan belakang atas bengkak', '2021-10-23 19:53:49', '2021-10-23 19:53:49'),
(329, 'ANAMNESI', 'gigidepangoyang', 'gigi depan goyang', '2021-10-23 19:57:55', '2021-10-23 19:57:55'),
(330, 'DIAGNOSA', 'goyangfisiologis5161', 'goyang fisiologis 51 61', '2021-10-23 19:57:55', '2021-10-23 19:57:55'),
(331, 'DIAGNOSA', 'absesperiapikalis', 'abses periapikalis', '2021-10-23 20:00:49', '2021-10-23 20:00:49'),
(332, 'ANAMNESI', 'gigibelakangatasbengkak', 'gigi belakang atas bengkak', '2021-10-23 20:03:31', '2021-10-23 20:03:31'),
(333, 'ANAMNESI', 'sudah4hari', 'sudah 4 hari', '2021-10-25 09:10:14', '2021-10-25 09:10:14'),
(334, 'DIAGNOSA', 'ispa+suspectcovid19', 'ISPA + Suspect Covid 19', '2021-10-25 09:10:14', '2021-10-25 09:10:14'),
(335, 'ANAMNESI', 'babbedarah', 'BAB bedarah', '2021-10-25 09:52:32', '2021-10-25 09:52:32'),
(336, 'DIAGNOSA', 'haemoroid', 'Haemoroid', '2021-10-25 09:52:32', '2021-10-25 09:52:32'),
(337, 'ANAMNESI', 'sesak', 'sesak', '2021-10-25 15:20:39', '2021-10-25 15:20:39'),
(338, 'DIAGNOSA', 'ispa+asthma', 'ISPA + Asthma', '2021-10-25 15:20:39', '2021-10-25 15:20:39'),
(339, 'ANAMNESI', 'terkenatrolidikepala', 'terkena troli di kepala', '2021-10-25 15:22:30', '2021-10-25 15:22:30'),
(340, 'ANAMNESI', 'lukarobek', 'luka robek', '2021-10-25 15:22:30', '2021-10-25 15:22:30'),
(341, 'DIAGNOSA', 'vulnuslaceratumregiofrontalis', 'Vulnus Laceratum Regio frontalis', '2021-10-25 15:22:30', '2021-10-25 15:22:30'),
(342, 'ANAMNESI', 'pegal', 'pegal', '2021-10-25 15:37:14', '2021-10-25 15:37:14'),
(343, 'ANAMNESI', 'gataldikepala', 'gatal di kepala', '2021-10-25 15:37:14', '2021-10-25 15:37:14'),
(344, 'DIAGNOSA', 'vertigo+dispesia', 'vertigo + Dispesia', '2021-10-25 16:15:52', '2021-10-25 16:15:52'),
(345, 'ANAMNESI', 'sariawandari2hari', 'sariawan dari 2 hari', '2021-10-25 16:31:30', '2021-10-25 16:31:30'),
(346, 'DIAGNOSA', 'vertigo', 'Vertigo', '2021-10-25 16:32:51', '2021-10-25 16:32:51'),
(347, 'DIAGNOSA', 'gangrenpulpa', 'gangren pulpa', '2021-10-25 18:05:25', '2021-10-25 18:05:25'),
(348, 'DIAGNOSA', 'gangrenradix', 'gangren radix', '2021-10-25 18:40:47', '2021-10-25 18:40:47'),
(349, 'ANAMNESI', 'badanlemas', 'badan lemas', '2021-10-25 19:51:59', '2021-10-25 19:51:59'),
(350, 'ANAMNESI', 'sesak3hari', 'sesak 3 hari', '2021-10-25 19:55:29', '2021-10-25 19:55:29'),
(351, 'ANAMNESI', 'gataldiketiakkanan', 'gatal di ketiak kanan', '2021-10-25 19:57:05', '2021-10-25 19:57:05'),
(352, 'ANAMNESI', 'batukdahak', 'batuk dahak', '2021-10-26 17:01:32', '2021-10-26 17:01:32'),
(353, 'ANAMNESI', 'gataltenggorokan', 'gatal tenggorokan', '2021-10-26 17:01:32', '2021-10-26 17:01:32'),
(354, 'DIAGNOSA', 'sups.absesperiapikalis', 'sups. abses periapikalis', '2021-10-26 17:50:01', '2021-10-26 17:50:01'),
(355, 'ANAMNESI', 'gigidepanbelumtumbuh', 'gigi depan belum tumbuh', '2021-10-26 18:00:38', '2021-10-26 18:00:38'),
(356, 'DIAGNOSA', 'sups.impaksigigiante', 'sups. impaksi gigi ante', '2021-10-26 18:00:38', '2021-10-26 18:00:38'),
(357, 'DIAGNOSA', 'pulpire26', 'pulp ire 26', '2021-10-26 18:18:51', '2021-10-26 18:18:51'),
(358, 'ANAMNESI', 'gigidepanbawahgoyang', 'gigi depan bawah goyang', '2021-10-26 18:41:54', '2021-10-26 18:41:54'),
(359, 'DIAGNOSA', 'goyangfisiologis71', 'goyang fisiologis 71', '2021-10-26 18:41:54', '2021-10-26 18:41:54'),
(360, 'ANAMNESI', 'sakittenggorokandari2hari', 'sakit tenggorokan dari 2 hari', '2021-10-27 17:28:11', '2021-10-27 17:28:11'),
(361, 'DIAGNOSA', 'obs.febrish+2', 'Obs. Febris H+2', '2021-10-27 17:28:11', '2021-10-27 17:28:11'),
(362, 'ANAMNESI', 'pilekdanbersin\"', 'pilek dan bersin\"', '2021-10-27 17:31:01', '2021-10-27 17:31:01'),
(363, 'ANAMNESI', 'rawatlukadikepala', 'rawat luka di kepala', '2021-10-27 17:32:28', '2021-10-27 17:32:28'),
(364, 'DIAGNOSA', 'vulnuslaceratumregiofrontalisdextra', 'Vulnus laceratum regio frontalis dextra', '2021-10-27 17:32:28', '2021-10-27 17:32:28'),
(365, 'ANAMNESI', 'muntah2x', 'muntah 2x', '2021-10-27 17:34:48', '2021-10-27 17:34:48'),
(366, 'ANAMNESI', 'rawatlukabisuldipahakiri', 'rawat luka bisul di paha kiri', '2021-10-28 09:35:07', '2021-10-28 09:35:07'),
(367, 'DIAGNOSA', 'absescutaneusregiofemurs', 'Abses cutaneus regio femur s', '2021-10-28 09:35:07', '2021-10-28 09:35:07'),
(368, 'DIAGNOSA', 'diarecairakut', 'DIare Cair Akut', '2021-10-28 09:37:34', '2021-10-28 09:37:34'),
(369, 'DIAGNOSA', 'f.akut', 'F. AKut', '2021-10-28 09:39:51', '2021-10-28 09:39:51'),
(370, 'DIAGNOSA', 'ht', 'HT', '2021-10-28 16:55:13', '2021-10-28 16:55:13'),
(371, 'ANAMNESI', 'tanganseringpegaldilengandansendijari', 'tangan sering pegal di lengan dan sendi jari', '2021-10-28 16:58:22', '2021-10-28 16:58:22'),
(372, 'DIAGNOSA', 'hiperurecemiadanhiperkolesterolemia', 'Hiperurecemia dan hiperkolesterolemia', '2021-10-28 16:58:22', '2021-10-28 16:58:22'),
(373, 'ANAMNESI', 'nyeriuluhati', 'nyeri ulu hati', '2021-10-28 17:20:26', '2021-10-28 17:20:26'),
(374, 'ANAMNESI', 'pusingsejaktadisore', 'pusing sejak tadi sore', '2021-10-28 17:44:50', '2021-10-28 17:44:50'),
(375, 'DIAGNOSA', 'cephalgia+obs.vomiting', 'Cephalgia + Obs. Vomiting', '2021-10-28 17:44:50', '2021-10-28 17:44:50'),
(376, 'ANAMNESI', 'konsultasimens', 'konsultasi mens', '2021-10-28 18:15:59', '2021-10-28 18:15:59'),
(377, 'ANAMNESI', 'lukadidagu', 'luka di dagu', '2021-10-28 18:56:00', '2021-10-28 18:56:00'),
(378, 'DIAGNOSA', 'v.laceratumregiomentalis', 'V. laceratum regio mentalis', '2021-10-28 18:56:00', '2021-10-28 18:56:00'),
(379, 'ANAMNESI', 'gataldilengandanperut', 'gatal di lengan dan perut', '2021-10-28 18:57:40', '2021-10-28 18:57:40'),
(380, 'ANAMNESI', 'melenting\"', 'melenting\"', '2021-10-28 18:57:40', '2021-10-28 18:57:40'),
(381, 'ANAMNESI', 'sudahmylaikering', 'sudah mylai kering', '2021-10-28 18:57:40', '2021-10-28 18:57:40'),
(382, 'DIAGNOSA', 'herpessimplex', 'Herpes Simplex', '2021-10-28 18:57:40', '2021-10-28 18:57:40'),
(383, 'ANAMNESI', 'nyeriperutkananatas', 'nyeri perut kanan atas', '2021-10-28 19:41:39', '2021-10-28 19:41:39'),
(384, 'ANAMNESI', 'kadangterasaperih', 'kadang terasa perih', '2021-10-28 19:41:39', '2021-10-28 19:41:39'),
(385, 'ANAMNESI', 'bisulditangan', 'bisul di tangan', '2021-10-28 19:58:19', '2021-10-28 19:58:19'),
(386, 'ANAMNESI', 'diaresejakkemarin2-3xsehari', 'diare sejak kemarin 2-3x sehari', '2021-10-29 15:27:50', '2021-10-29 15:27:50'),
(387, 'ANAMNESI', 'adaampas', 'ada ampas', '2021-10-29 15:27:50', '2021-10-29 15:27:50'),
(388, 'ANAMNESI', 'lendir-', 'lendir-', '2021-10-29 15:27:50', '2021-10-29 15:27:50'),
(389, 'ANAMNESI', 'muntah-', 'muntah -', '2021-10-29 15:27:50', '2021-10-29 15:27:50'),
(390, 'ANAMNESI', 'demam-', 'demam -', '2021-10-29 15:27:50', '2021-10-29 15:27:50'),
(391, 'ANAMNESI', 'gatal-gatalhilangtimbulsudahlama', 'gatal- gatal hilang timbul sudah lama', '2021-10-29 15:47:38', '2021-10-29 15:47:38'),
(392, 'DIAGNOSA', 'dermatitisatopik', 'dermatitis atopik', '2021-10-29 15:47:38', '2021-10-29 15:47:38'),
(393, 'DIAGNOSA', 'v.laseratum', 'v. laseratum', '2021-10-29 17:26:38', '2021-10-29 17:26:38'),
(394, 'ANAMNESI', 'kontrollukaposthecting', 'kontrol luka post hecting', '2021-10-29 17:28:18', '2021-10-29 17:28:18'),
(395, 'DIAGNOSA', 'vappertum', 'v appertum', '2021-10-29 17:28:18', '2021-10-29 17:28:18'),
(396, 'TINDAKAN', 'wt<5cm', 'WT <  5 CM', '2021-10-29 17:28:18', '2021-10-29 17:28:18'),
(397, 'DIAGNOSA', 'f.upnailavulsidigiti2manusdextra', 'f. up nail avulsi digiti 2 manus dextra', '2021-10-29 18:10:28', '2021-10-29 18:10:28'),
(398, 'ANAMNESI', 'pusingtidakenakbadan', 'pusing tidak enak badan', '2021-10-29 19:22:19', '2021-10-29 19:22:19'),
(399, 'DIAGNOSA', 'fatigue', 'fatigue', '2021-10-29 19:22:19', '2021-10-29 19:22:19'),
(400, 'ANAMNESI', 'kontrollukapostopsc', 'kontrol luka post op sc', '2021-10-29 19:57:05', '2021-10-29 19:57:05'),
(401, 'ANAMNESI', 'lepassimpuljahitansc', 'lepas simpul jahitan sc', '2021-10-29 19:57:05', '2021-10-29 19:57:05'),
(402, 'DIAGNOSA', 'postopsc', 'post op sc', '2021-10-29 19:57:05', '2021-10-29 19:57:05'),
(403, 'ANAMNESI', 'sejak2harilalu.nyeritelan-', 'sejak 2 hari lalu. nyeri telan -', '2021-10-29 19:59:03', '2021-10-29 19:59:03'),
(404, 'DIAGNOSA', 'commoncold', 'commoncold', '2021-10-29 19:59:03', '2021-10-29 19:59:03'),
(405, 'ANAMNESI', 'pilekmeriang', 'pilek meriang', '2021-10-29 20:01:50', '2021-10-29 20:01:50'),
(406, 'DIAGNOSA', 'pulpitis16', 'pulpitis 16', '2021-10-30 18:48:51', '2021-10-30 18:48:51'),
(407, 'TINDAKAN', 'checkup(batashrgatas)', 'Check up (Batas Hrg Atas)', '2021-10-30 18:48:51', '2021-10-30 18:48:51'),
(408, 'ANAMNESI', 'gigikeribelakangsakit', 'gigi keri belakang sakit', '2021-10-30 19:05:46', '2021-10-30 19:05:46'),
(409, 'DIAGNOSA', '28nekrosapulpa', '28 nekrosa pulpa', '2021-10-30 19:05:46', '2021-10-30 19:05:46'),
(410, 'ANAMNESI', 'gigibawahdepansisasedikitdangoyangtetapibelumtanggal', 'gigi bawah depan sisa sedikit dan goyang tetapi belum tangga', '2021-10-30 19:20:43', '2021-10-30 19:20:43'),
(411, 'DIAGNOSA', 'persistensi73gr', 'persistensi 73 GR', '2021-10-30 19:20:43', '2021-10-30 19:20:43'),
(412, 'TINDAKAN', 'cabutgigi/topikalanastesi(batashrgatas)', 'Cabut gigi/topikal anastesi (Batas Hrg Atas)', '2021-10-30 19:20:43', '2021-10-30 19:20:43'),
(413, 'DIAGNOSA', 'keputihan', 'Keputihan', '2021-11-01 15:16:48', '2021-11-01 15:16:48'),
(414, 'DIAGNOSA', 'followupabsescutaneousfemursinistra', 'follow up abses cutaneous femur sinistra', '2021-11-01 17:25:42', '2021-11-01 17:25:42'),
(415, 'ANAMNESI', 'kontrollukapostterkenanpecahankaca2hariyll', 'kontrol luka post terkenan pecahan kaca 2 hari yll', '2021-11-01 17:27:30', '2021-11-01 17:27:30'),
(416, 'DIAGNOSA', 'followupvulnusappertumplantarpedisdextra', 'Follow up vulnus appertum plantar pedis dextra', '2021-11-01 17:27:30', '2021-11-01 17:27:30'),
(417, 'DIAGNOSA', 'followupvulnusappr.frontalis', 'Follow up vulnus app r. frontalis', '2021-11-01 17:29:25', '2021-11-01 17:29:25'),
(418, 'TINDAKAN', 'bukajaritan@simpul', 'Buka jaritan @ simpul', '2021-11-01 17:29:25', '2021-11-01 17:29:25'),
(419, 'DIAGNOSA', 'followuppostekstraksikuku', 'follow up post ekstraksi kuku', '2021-11-01 17:53:36', '2021-11-01 17:53:36'),
(420, 'ANAMNESI', 'pasiendatangdengankeluhansakitgigikananbawah', 'pasien datang dengan keluhan sakit gigi kanan bawah', '2021-11-01 18:20:31', '2021-11-01 18:20:31'),
(421, 'DIAGNOSA', 'gigi47pulpitis', 'GIGI 47 PULPITIS', '2021-11-01 18:20:31', '2021-11-01 18:20:31'),
(422, 'TINDAKAN', 'emergencytreatment/openbur(batashrgbawah)', 'Emergency Treatment/Open Bur (Batas Hrg Bawah)', '2021-11-01 18:20:31', '2021-11-01 18:20:31'),
(423, 'ANAMNESI', 'nyerimenelan', 'nyeri menelan', '2021-11-01 18:22:43', '2021-11-01 18:22:43'),
(424, 'DIAGNOSA', 'faringitisakut\r\nlimfadenitis', 'Faringitis akut\r\nLimfadenitis', '2021-11-01 18:22:43', '2021-11-01 18:22:43'),
(425, 'DIAGNOSA', 'followupvulnusappr.mentalis\r\ndermatitiskontakiritan', 'follow up vulnus app r. mentalis \r\ndermatitis kontak iritan', '2021-11-01 19:31:37', '2021-11-01 19:31:37'),
(426, 'ANAMNESI', 'kontrollukaposttersandungbatu1mingguyll(kontrolke3)', 'kontrol luka post tersandung batu 1 minggu yll (kontrol ke 3', '2021-11-01 19:33:32', '2021-11-01 19:33:32'),
(427, 'DIAGNOSA', 'pyogenicgranulomaectraumaminor', 'pyogenic granuloma ec trauma minor', '2021-11-01 19:33:32', '2021-11-01 19:33:32'),
(428, 'ANAMNESI', 'demamdanpusingsejaktadipagi', 'demam dan pusing sejak tadi pagi', '2021-11-02 15:46:43', '2021-11-02 15:46:43'),
(429, 'DIAGNOSA', 'obs.febrish1\r\ncephalgia', 'obs. febris H1\r\ncephalgia', '2021-11-02 15:46:43', '2021-11-02 15:46:43'),
(430, 'ANAMNESI', 'pileksejakkemarin', 'pilek sejak kemarin', '2021-11-02 17:49:11', '2021-11-02 17:49:11'),
(431, 'ANAMNESI', 'batukjarang', 'batuk jarang', '2021-11-02 17:49:11', '2021-11-02 17:49:11'),
(432, 'DIAGNOSA', 'periodontitismarginalisakut55', 'periodontitis marginalis akut 55', '2021-11-02 17:54:12', '2021-11-02 17:54:12'),
(433, 'DIAGNOSA', '54', '54', '2021-11-02 17:54:12', '2021-11-02 17:54:12'),
(434, 'DIAGNOSA', 'gingivitisakut84', 'gingivitis akut 84', '2021-11-02 17:56:15', '2021-11-02 17:56:15'),
(435, 'TINDAKAN', 'treatmentmumifikasi(batashrgbawah)', 'Treatment Mumifikasi (Batas Hrg Bawah)', '2021-11-02 18:13:51', '2021-11-02 18:13:51'),
(436, 'ANAMNESI', 'hidungkeluarcairanberbausejak5hariyll', 'hidung keluar cairan berbau sejak 5 hari yll', '2021-11-02 18:58:51', '2021-11-02 18:58:51'),
(437, 'ANAMNESI', 'diawalipilek7hryll', 'diawali pilek 7 hr yll', '2021-11-02 18:58:51', '2021-11-02 18:58:51'),
(438, 'DIAGNOSA', 'susp.sinusitismaksilarisddpolipnasal', 'Susp. Sinusitis maksilaris dd Polip nasal', '2021-11-02 18:58:51', '2021-11-02 18:58:51'),
(439, 'ANAMNESI', 'keluarcacingkremidarianusketikatidur', 'keluar cacing kremi dari anus ketika tidur', '2021-11-02 19:01:24', '2021-11-02 19:01:24'),
(440, 'DIAGNOSA', 'enterobiasis', 'Enterobiasis', '2021-11-02 19:01:24', '2021-11-02 19:01:24'),
(441, 'ANAMNESI', 'benjolandibuahzakarkanansejak8bulanyll', 'benjolan di buah zakar kanan sejak 8 bulan yll', '2021-11-02 19:03:00', '2021-11-02 19:03:00'),
(442, 'DIAGNOSA', 'herniascrotalis', 'hernia scrotalis', '2021-11-02 19:03:00', '2021-11-02 19:03:00'),
(443, 'ANAMNESI', 'nyeritelansejaktadipagi', 'nyeri telan sejak tadi pagi', '2021-11-02 19:05:03', '2021-11-02 19:05:03'),
(444, 'ANAMNESI', 'benjolandivaginasejak>10thnyll', 'benjolan di vagina sejak >10 thn yll', '2021-11-02 19:12:14', '2021-11-02 19:12:14'),
(445, 'DIAGNOSA', 'prolapseuteri\r\nispa\r\nht', 'prolapse uteri\r\nispa\r\nht', '2021-11-02 19:12:14', '2021-11-02 19:12:14'),
(446, 'DIAGNOSA', 'followupvulnusappertumr.labialis+vulnusekskoriasidorsumpedis', 'follow up vulnus appertum r. labialis + vulnus ekskoriasi do', '2021-11-02 19:14:46', '2021-11-02 19:14:46'),
(447, 'ANAMNESI', 'kakubagianjempoltangankanan', 'kaku bagian jempol tangan kanan', '2021-11-02 19:16:13', '2021-11-02 19:16:13'),
(448, 'DIAGNOSA', 'triggerthumb', 'trigger thumb', '2021-11-02 19:16:13', '2021-11-02 19:16:13'),
(449, 'ANAMNESI', 'kontrolgula', 'kontrol gula', '2021-11-02 19:19:48', '2021-11-02 19:19:48'),
(450, 'ANAMNESI', 'kesemutan', 'kesemutan', '2021-11-02 19:19:48', '2021-11-02 19:19:48'),
(451, 'DIAGNOSA', 'cephalgia\r\ndmtii\r\nneuropathydiabetic', 'cephalgia\r\nDMT II\r\nNeuropathy diabetic', '2021-11-02 19:19:48', '2021-11-02 19:19:48'),
(452, 'ANAMNESI', 'mualsejaktadipagi', 'mual sejak tadi pagi', '2021-11-02 19:22:02', '2021-11-02 19:22:02'),
(453, 'ANAMNESI', 'rasapanasdiuluhati', 'rasa panas di ulu hati', '2021-11-04 15:45:00', '2021-11-04 15:45:00'),
(454, 'DIAGNOSA', 'dyspepsiaddgerd', 'dyspepsia dd GERD', '2021-11-04 15:45:00', '2021-11-04 15:45:00'),
(455, 'ANAMNESI', 'nyeripadaanusdanbabdarah', 'nyeri pada anus dan bab darah', '2021-11-04 15:46:39', '2021-11-04 15:46:39'),
(456, 'ALERGIOBAT', '--', '--', '2021-11-04 15:46:39', '2021-11-04 15:46:39'),
(457, 'DIAGNOSA', 'hemorrhoidgr1ddfisuraani', 'hemorrhoid gr 1 dd fisura ani', '2021-11-04 15:46:39', '2021-11-04 15:46:39'),
(458, 'ANAMNESI', 'nafsumakanmenurun', 'nafsu makan menurun', '2021-11-04 15:50:52', '2021-11-04 15:50:52'),
(459, 'DIAGNOSA', 'dyspepsia\r\nibs', 'dyspepsia\r\nIBS', '2021-11-04 15:50:52', '2021-11-04 15:50:52'),
(460, 'DIAGNOSA', 'followupcutaneousabsesregiofemursinistra', 'Follow up cutaneous abses regio femur sinistra', '2021-11-04 16:02:50', '2021-11-04 16:02:50'),
(461, 'ANAMNESI', 'nyeripadaleherbagianbelakang', 'nyeri pada leher bagian belakang', '2021-11-04 16:04:21', '2021-11-04 16:04:21'),
(462, 'DIAGNOSA', 'cervicalmusclespasm', 'cervical muscle spasm', '2021-11-04 16:04:21', '2021-11-04 16:04:21'),
(463, 'ANAMNESI', 'bengkakgusi', 'bengkak gusi', '2021-11-04 16:09:12', '2021-11-04 16:09:12'),
(464, 'DIAGNOSA', 'absesbucal48gp', 'abses bucal 48 GP', '2021-11-04 16:09:12', '2021-11-04 16:09:12'),
(465, 'ANAMNESI', 'mualsejak3hariyll', 'mual sejak 3 hari yll', '2021-11-04 16:15:04', '2021-11-04 16:15:04'),
(466, 'DIAGNOSA', 'dyspepsia\r\nispa', 'dyspepsia\r\nispa', '2021-11-04 16:15:04', '2021-11-04 16:15:04'),
(467, 'DIAGNOSA', 'followupvulnusappr.mentalis', 'follow up vulnus app r. mentalis', '2021-11-04 16:16:59', '2021-11-04 16:16:59'),
(468, 'ANAMNESI', 'batukpileksejakkemarin', 'batuk pilek sejak kemarin', '2021-11-04 16:24:29', '2021-11-04 16:24:29'),
(469, 'ANAMNESI', 'perutkembung', 'perut kembung', '2021-11-04 16:26:14', '2021-11-04 16:26:14'),
(470, 'DIAGNOSA', 'dyspepsia\r\ncephalgia', 'dyspepsia\r\ncephalgia', '2021-11-04 16:26:14', '2021-11-04 16:26:14'),
(471, 'ANAMNESI', 'telapakkakikanantertusukpaku', 'telapak kaki kanan tertusuk paku', '2021-11-04 16:31:58', '2021-11-04 16:31:58'),
(472, 'DIAGNOSA', 'vulnusiktumplantaspedisdextra', 'vulnus iktum plantas pedis dextra', '2021-11-04 16:31:58', '2021-11-04 16:31:58'),
(473, 'ANAMNESI', 'nyeritelingakiri', 'nyeri telinga kiri', '2021-11-04 16:33:57', '2021-11-04 16:33:57'),
(474, 'ANAMNESI', 'keluarcairan', 'keluar cairan', '2021-11-04 16:33:57', '2021-11-04 16:33:57'),
(475, 'DIAGNOSA', 'asoma\r\nht', 'AS OMA\r\nHT', '2021-11-04 16:33:57', '2021-11-04 16:33:57'),
(476, 'ANAMNESI', 'gataldiperut', 'gatal di perut', '2021-11-04 16:35:19', '2021-11-04 16:35:19'),
(477, 'ANAMNESI', 'konsultasitensi', 'KONSULTASI TENSI', '2021-11-04 16:43:41', '2021-11-04 16:43:41'),
(478, 'ANAMNESI', 'konsultasi', 'konsultasi', '2021-11-04 16:46:30', '2021-11-04 16:46:30'),
(479, 'ANAMNESI', 'demamsejak2hryll', 'demam sejak 2 hr yll', '2021-11-04 17:59:08', '2021-11-04 17:59:08'),
(480, 'DIAGNOSA', 'obsfebris\r\nrfa', 'Obs Febris\r\nRFA', '2021-11-04 17:59:08', '2021-11-04 17:59:08'),
(481, 'DIAGNOSA', 'followupvulnusappertumr.labialis+vulnusekskoriasidorsumpedis', 'follow up vulnus appertum r. labialis + vulnus ekskoriasi do', '2021-11-04 18:00:54', '2021-11-04 18:00:54'),
(482, 'ANAMNESI', 'babcair', 'bab cair', '2021-11-04 18:20:02', '2021-11-04 18:20:02'),
(483, 'ANAMNESI', 'perutmulas', 'perut mulas', '2021-11-04 18:20:02', '2021-11-04 18:20:02'),
(484, 'ANAMNESI', 'pasienininmemeriksakangigibawahyanggoyang', 'pasien inin memeriksakan gigi bawah yang goyang', '2021-11-04 18:35:56', '2021-11-04 18:35:56'),
(485, 'DIAGNOSA', '47periodontitis', '47 periodontitis', '2021-11-04 18:35:56', '2021-11-04 18:35:56'),
(486, 'TINDAKAN', 'cabutgigi/lokalanastesi(batashrgbawah)', 'Cabut gigi/Lokal anastesi (Batas Hrg Bawah)', '2021-11-04 18:35:56', '2021-11-04 18:35:56'),
(487, 'DIAGNOSA', 'impaksi38', 'impaksi 38', '2021-11-04 18:37:13', '2021-11-04 18:37:13');
INSERT INTO `tbl_master_reference` (`id`, `master_ref_code`, `master_ref_value`, `master_ref_name`, `dtm_crt`, `dtm_upd`) VALUES
(488, 'ANAMNESI', 'pasieninginmemeriksakangigibawahyangngilu', 'pasien ingin memeriksakan gigi bawah yang ngilu', '2021-11-04 18:55:23', '2021-11-04 18:55:23'),
(489, 'DIAGNOSA', 'gigi35pulpitis', 'gigi 35 pulpitis', '2021-11-04 18:55:23', '2021-11-04 18:55:23'),
(490, 'ANAMNESI', 'lukadijaritelunjukkananposttersetrumlistriktadipagi', 'luka di jari telunjuk kanan post tersetrumlistrik tadi pagi', '2021-11-04 18:59:53', '2021-11-04 18:59:53'),
(491, 'DIAGNOSA', 'combustioeclistrik', 'combustio ec listrik', '2021-11-04 18:59:53', '2021-11-04 18:59:53'),
(492, 'ANAMNESI', 'cottonbudtertinggalditelingakanan', 'cotton bud tertinggal di telinga kanan', '2021-11-04 19:01:45', '2021-11-04 19:01:45'),
(493, 'DIAGNOSA', 'adcorpusalienum', 'AD corpus alienum', '2021-11-04 19:01:45', '2021-11-04 19:01:45'),
(494, 'ANAMNESI', 'panasbatukpileksejakkemarin', 'panas batuk pilek sejak kemarin', '2021-11-04 19:04:02', '2021-11-04 19:04:02'),
(495, 'ANAMNESI', 'meriang', 'meriang', '2021-11-05 16:14:21', '2021-11-05 16:14:21'),
(496, 'ANAMNESI', 'sakitbagianleher', 'sakit bagian leher', '2021-11-05 16:14:21', '2021-11-05 16:14:21'),
(497, 'DIAGNOSA', 'dispepsia+ht', 'DIspepsia + HT', '2021-11-05 16:14:21', '2021-11-05 16:14:21'),
(498, 'ANAMNESI', 'kontrollukabisul', 'kontrol luka bisul', '2021-11-05 16:35:50', '2021-11-05 16:35:50'),
(499, 'DIAGNOSA', 'absescutaneusfemursinistra', 'abses cutaneus femur sinistra', '2021-11-05 16:35:50', '2021-11-05 16:35:50'),
(500, 'ANAMNESI', 'gatalditangan', 'gatal di tangan', '2021-11-05 16:52:00', '2021-11-05 16:52:00'),
(501, 'ANAMNESI', 'perut', 'perut', '2021-11-05 16:52:00', '2021-11-05 16:52:00'),
(502, 'ANAMNESI', 'danleher', 'dan leher', '2021-11-05 16:52:00', '2021-11-05 16:52:00'),
(503, 'DIAGNOSA', 'dermatitisalrgi', 'Dermatitis Alrgi', '2021-11-05 16:52:00', '2021-11-05 16:52:00'),
(504, 'ANAMNESI', 'konsultasikelaminbengkak', 'konsultasi kelamin bengkak', '2021-11-05 16:55:16', '2021-11-05 16:55:16'),
(505, 'DIAGNOSA', 'balanitis', 'Balanitis', '2021-11-05 16:55:16', '2021-11-05 16:55:16'),
(506, 'ANAMNESI', 'diaredanmuntah', 'diare dan muntah', '2021-11-05 18:01:52', '2021-11-05 18:01:52'),
(507, 'ANAMNESI', 'bengkakdidarehleher', 'bengkak di dareh leher', '2021-11-05 18:51:35', '2021-11-05 18:51:35'),
(508, 'ANAMNESI', 'riwayatdemamdangosokgigiterkenagusi', 'riwayat demam dan gosok gigi terkena gusi', '2021-11-05 18:51:35', '2021-11-05 18:51:35'),
(509, 'DIAGNOSA', 'gingivitissusp.limfadenitis', 'Gingivitis susp. Limfadenitis', '2021-11-05 18:51:35', '2021-11-05 18:51:35'),
(510, 'ANAMNESI', 'sakitperutbagianbawah', 'sakit perut bagian bawah', '2021-11-05 19:05:37', '2021-11-05 19:05:37'),
(511, 'DIAGNOSA', 'obs.vomiting+gea', 'Obs. Vomiting  + GEA', '2021-11-06 15:57:58', '2021-11-06 15:57:58'),
(512, 'ANAMNESI', 'gataldidaerahkepala2minggu', 'gatal di daerah kepala 2 minggu', '2021-11-06 16:41:38', '2021-11-06 16:41:38'),
(513, 'DIAGNOSA', 'dermatitisseboroik', 'Dermatitis Seboroik', '2021-11-06 16:41:38', '2021-11-06 16:41:38'),
(514, 'ANAMNESI', 'jaritangansakit', 'jari tangan sakit', '2021-11-06 17:03:32', '2021-11-06 17:03:32'),
(515, 'ANAMNESI', 'followuplukakesetrumlistrik', 'follow up luka kesetrum listrik', '2021-11-06 18:09:03', '2021-11-06 18:09:03'),
(516, 'DIAGNOSA', 'followupcombutioec.kesetrumlistrik', 'Follow Up Combutio ec. kesetrum listrik', '2021-11-06 18:09:03', '2021-11-06 18:09:03'),
(517, 'DIAGNOSA', 'np45', 'np 45', '2021-11-06 18:09:11', '2021-11-06 18:09:11'),
(518, 'ANAMNESI', 'gataldilengan', 'gatal di lengan', '2021-11-06 18:32:21', '2021-11-06 18:32:21'),
(519, 'ANAMNESI', 'kaki', 'kaki', '2021-11-06 18:32:21', '2021-11-06 18:32:21'),
(520, 'ANAMNESI', 'lutut', 'lutut', '2021-11-06 18:32:21', '2021-11-06 18:32:21'),
(521, 'DIAGNOSA', 'tineacorporis', 'Tinea Corporis', '2021-11-06 18:32:21', '2021-11-06 18:32:21'),
(522, 'DIAGNOSA', '75', '75', '2021-11-06 18:37:28', '2021-11-06 18:37:28'),
(523, 'TINDAKAN', 'openbur(batashrgatas)', 'Open Bur (Batas Hrg Atas)', '2021-11-06 18:37:28', '2021-11-06 18:37:28'),
(524, 'ANAMNESI', 'gusikiribengkak', 'gusi kiri bengkak', '2021-11-06 18:48:14', '2021-11-06 18:48:14'),
(525, 'ANAMNESI', 'nafasgrok\"', 'nafas grok\"', '2021-11-06 18:50:11', '2021-11-06 18:50:11'),
(526, 'DIAGNOSA', 'np28', 'np 28', '2021-11-06 18:51:01', '2021-11-06 18:51:01'),
(527, 'DIAGNOSA', 'vulnuslaceratumregiopedissinistra', 'Vulnus laceratum regio pedis sinistra', '2021-11-06 18:57:15', '2021-11-06 18:57:15'),
(528, 'DIAGNOSA', 'nekrosapulpitis47', 'nekrosa pulpitis 47', '2021-11-06 19:01:43', '2021-11-06 19:01:43'),
(529, 'DIAGNOSA', 'pulpitis21', 'pulpitis 21', '2021-11-06 19:48:58', '2021-11-06 19:48:58'),
(530, 'ANAMNESI', 'gigibawahdepangoyangsisasedikit', 'gigi bawah depan goyang sisa sedikit', '2021-11-06 19:51:19', '2021-11-06 19:51:19'),
(531, 'DIAGNOSA', 'persistensi54', 'persistensi 54', '2021-11-06 19:51:19', '2021-11-06 19:51:19'),
(532, 'DIAGNOSA', '84', '84', '2021-11-06 19:51:19', '2021-11-06 19:51:19'),
(533, 'DIAGNOSA', 'np85', 'np 85', '2021-11-06 19:54:15', '2021-11-06 19:54:15'),
(534, 'TINDAKAN', 'treatmentmumifikasi(batashrgatas)', 'Treatment Mumifikasi (Batas Hrg Atas)', '2021-11-06 19:54:15', '2021-11-06 19:54:15'),
(535, 'ANAMNESI', 'robekpadajarikaki', 'robek pada jari kaki', '2021-11-06 20:01:31', '2021-11-06 20:01:31'),
(536, 'DIAGNOSA', 'v.laceratumdigitiiiipedissinistra', 'V. laceratum digiti III pedis sinistra', '2021-11-06 20:01:31', '2021-11-06 20:01:31'),
(537, 'TINDAKAN', 'hecting1-5', 'Hecting 1-5', '2021-11-06 20:01:31', '2021-11-06 20:01:31'),
(538, 'ANAMNESI', 'periksagigi', 'periksa gigi', '2021-11-06 20:02:11', '2021-11-06 20:02:11'),
(539, 'DIAGNOSA', 'pulpitis48', 'pulpitis 48', '2021-11-06 20:02:11', '2021-11-06 20:02:11'),
(540, 'ANAMNESI', 'panas\r\nbatuk\r\npilek\r\nradang', 'panas\r\nbatuk\r\npilek\r\nradang', '2021-11-07 10:55:43', '2021-11-07 10:55:43'),
(541, 'ANAMNESI', 'tekukterasasakitsampailengan', 'tekuk terasa sakit sampai lengan', '2021-11-07 11:01:54', '2021-11-07 11:01:54'),
(542, 'DIAGNOSA', 'rematik', 'rematik', '2021-11-07 11:01:54', '2021-11-07 11:01:54'),
(543, 'ANAMNESI', 'panassejakkemarin', 'panas sejak kemarin', '2021-11-07 11:06:35', '2021-11-07 11:06:35'),
(544, 'ANAMNESI', 'kencingbernanah', 'kencing bernanah', '2021-11-07 11:13:01', '2021-11-07 11:13:01'),
(545, 'ANAMNESI', 'pusing\r\npilek\r\nbatuk\r\nrematik', 'pusing\r\npilek\r\nbatuk\r\nrematik', '2021-11-07 11:17:09', '2021-11-07 11:17:09'),
(546, 'ANAMNESI', 'keemutan', 'keemutan', '2021-11-07 12:45:19', '2021-11-07 12:45:19'),
(547, 'ANAMNESI', 'nyeripadabagianibujarikaki', 'nyeri pada bagian ibu jari kaki', '2021-11-07 17:54:34', '2021-11-07 17:54:34'),
(548, 'ANAMNESI', 'pilekdansakittenggorokan', 'pilek dan sakit tenggorokan', '2021-11-07 17:56:49', '2021-11-07 17:56:49'),
(549, 'ANAMNESI', 'diarekuranglebih5kali', 'diare kurang lebih 5 kali', '2021-11-07 18:02:00', '2021-11-07 18:02:00'),
(550, 'ANAMNESI', 'kontrolkuka', 'kontrol kuka', '2021-11-07 18:04:13', '2021-11-07 18:04:13'),
(551, 'ALERGIOBAT', 'piroxicam', 'piroxicam', '2021-11-07 19:06:25', '2021-11-07 19:06:25'),
(552, 'ANAMNESI', 'kontroltensidanbatuk', 'kontrol tensi dan batuk', '2021-11-07 19:56:41', '2021-11-07 19:56:41'),
(553, 'ANAMNESI', 'nyeripadatengkuk', 'NYERI PADA TENGKUK', '2021-11-08 08:13:44', '2021-11-08 08:13:44'),
(554, 'ANAMNESI', 'kontrolhamil', 'kontrol hamil', '2021-11-08 17:31:03', '2021-11-08 17:31:03'),
(555, 'DIAGNOSA', 'pregnancy', 'pregnancy', '2021-11-08 17:31:03', '2021-11-08 17:31:03'),
(556, 'ANAMNESI', 'suntikkb', 'SUNTIK KB', '2021-11-08 17:37:20', '2021-11-08 17:37:20'),
(557, 'DIAGNOSA', 'konselingkb', 'KONSELING KB', '2021-11-08 17:37:20', '2021-11-08 17:37:20'),
(558, 'TINDAKAN', 'kb1bulan', 'KB 1 BULAN', '2021-11-08 17:37:20', '2021-11-08 17:37:20'),
(559, 'ANAMNESI', 'gataldanlukadikepala', 'gatal dan luka di kepala', '2021-11-08 18:00:06', '2021-11-08 18:00:06'),
(560, 'DIAGNOSA', 'dermatitisseboroikddtineacapitiskerion-inflammatory', 'dermatitis seboroik dd tinea capitis kerion - inflammatory', '2021-11-08 18:00:06', '2021-11-08 18:00:06'),
(561, 'DIAGNOSA', 'followupcombutioec.listrik', 'Follow Up Combutio ec. listrik', '2021-11-08 18:01:10', '2021-11-08 18:01:10'),
(562, 'ANAMNESI', 'kontrollukatangandantungkaibawahkanansejak3hariyll', 'kontrol luka tangan dan tungkai bawah kanan sejak 3 hari yll', '2021-11-08 18:23:56', '2021-11-08 18:23:56'),
(563, 'DIAGNOSA', 'multiplevulnusekskoriasi', 'multiple vulnus ekskoriasi', '2021-11-08 18:23:56', '2021-11-08 18:23:56'),
(564, 'ANAMNESI', 'diaredanmual', 'diare dan mual', '2021-11-09 07:06:28', '2021-11-09 07:06:28'),
(565, 'DIAGNOSA', 'suntikvit', 'suntik vit', '2021-11-09 15:25:47', '2021-11-09 15:25:47'),
(566, 'ANAMNESI', 'gataldipunggungdanpayudara', 'gatal di punggung dan payudara', '2021-11-09 15:26:49', '2021-11-09 15:26:49'),
(567, 'ALERGIOBAT', 'amoxicilindancefixime', 'amoxicilin dan cefixime', '2021-11-09 15:26:49', '2021-11-09 15:26:49'),
(568, 'ANAMNESI', 'tangankenagergaji', 'tangan kena gergaji', '2021-11-09 15:39:09', '2021-11-09 15:39:09'),
(569, 'ANAMNESI', 'benjolandilehermasihada', 'benjolan di leher masih ada', '2021-11-09 17:30:14', '2021-11-09 17:30:14'),
(570, 'ANAMNESI', 'sudahmendingan', 'sudah mendingan', '2021-11-09 17:30:14', '2021-11-09 17:30:14'),
(571, 'ANAMNESI', 'gatalditangandanperut', 'gatal di tangan dan perut', '2021-11-09 18:46:19', '2021-11-09 18:46:19'),
(572, 'DIAGNOSA', 'herpeszooster', 'Herpes zooster', '2021-11-09 18:46:19', '2021-11-09 18:46:19'),
(573, 'ANAMNESI', 'lukadikakiterkenatusuksate', 'luka di kaki terkena tusuk sate', '2021-11-09 18:47:42', '2021-11-09 18:47:42'),
(574, 'ANAMNESI', 'diaredaritadipagi', 'diare dari tadi pagi', '2021-11-09 19:01:22', '2021-11-09 19:01:22'),
(575, 'ANAMNESI', 'pusingdanbatuk', 'pusing dan batuk', '2021-11-10 14:56:14', '2021-11-10 14:56:14'),
(576, 'ALERGIOBAT', 'cephalosporin', 'cephalosporin', '2021-11-10 16:40:28', '2021-11-10 16:40:28'),
(577, 'DIAGNOSA', 'dermatitisecinsectbite', 'dermatitis ec insect bite', '2021-11-10 16:40:28', '2021-11-10 16:40:28'),
(578, 'ANAMNESI', 'bintik2dileherdanpunggung', 'bintik2 di leher dan punggung', '2021-11-10 16:42:23', '2021-11-10 16:42:23'),
(579, 'DIAGNOSA', 'miliaria', 'miliaria', '2021-11-10 16:42:23', '2021-11-10 16:42:23'),
(580, 'DIAGNOSA', 'tineacapitiskerion-inflammatory', 'tinea capitis kerion - inflammatory', '2021-11-10 19:30:01', '2021-11-10 19:30:01'),
(581, 'ANAMNESI', 'gataldilengankiri', 'gatal di lengan kiri', '2021-11-10 19:31:15', '2021-11-10 19:31:15'),
(582, 'DIAGNOSA', 'ispa\r\ndermatitisvenenata', 'ispa\r\ndermatitis venenata', '2021-11-10 19:31:15', '2021-11-10 19:31:15'),
(583, 'ANAMNESI', 'bengkakdannyeritangankiripostdigigitkalajengking', 'bengkak dan nyeri tangan kiri post digigit kalajengking', '2021-11-10 19:33:56', '2021-11-10 19:33:56'),
(584, 'DIAGNOSA', 'insectbite', 'insect bite', '2021-11-10 19:33:56', '2021-11-10 19:33:56'),
(585, 'ANAMNESI', 'lemassejaktadipagi', 'lemas sejak tadi pagi', '2021-11-10 19:43:42', '2021-11-10 19:43:42'),
(586, 'DIAGNOSA', 'gastritis', 'GASTRITIS', '2021-11-11 07:05:40', '2021-11-11 07:05:40'),
(587, 'ANAMNESI', 'gatal-gatalalergi', 'gatal-gatal alergi', '2021-11-11 10:10:15', '2021-11-11 10:10:15'),
(588, 'ANAMNESI', 'matamerahtertusukranting', 'mata merah tertusuk ranting', '2021-11-11 10:20:01', '2021-11-11 10:20:01'),
(589, 'ANAMNESI', 'lemes', 'lemes', '2021-11-11 11:35:02', '2021-11-11 11:35:02'),
(590, 'DIAGNOSA', 'faringitis.', 'faringitis.', '2021-11-11 11:50:24', '2021-11-11 11:50:24'),
(591, 'ANAMNESI', 'anyang-anyangan', 'anyang-anyangan', '2021-11-11 16:50:33', '2021-11-11 16:50:33'),
(592, 'ANAMNESI', 'gataldileher', 'gatal di leher', '2021-11-11 16:52:01', '2021-11-11 16:52:01'),
(593, 'ALERGIOBAT', 'tridakada', 'tridak ada', '2021-11-11 16:52:01', '2021-11-11 16:52:01'),
(594, 'DIAGNOSA', 'deermatitiskontakalergi', 'Deermatitis Kontak Alergi', '2021-11-11 16:52:01', '2021-11-11 16:52:01'),
(595, 'DIAGNOSA', 'cephalgia+ispa', 'Cephalgia + ISPA', '2021-11-11 17:05:36', '2021-11-11 17:05:36'),
(596, 'DIAGNOSA', 'combutiodigitiiimanussinistra', 'Combutio digiti II manus sinistra', '2021-11-11 17:18:11', '2021-11-11 17:18:11'),
(597, 'ANAMNESI', 'batukmuntah', 'batuk muntah', '2021-11-11 17:51:53', '2021-11-11 17:51:53'),
(598, 'DIAGNOSA', 'ispa+dispepsia', 'ISPA + Dispepsia', '2021-11-11 17:51:53', '2021-11-11 17:51:53'),
(599, 'DIAGNOSA', 'vulnusappertumregiocrurisdextra', 'vulnus appertum regio cruris dextra', '2021-11-11 18:26:01', '2021-11-11 18:26:01'),
(600, 'ANAMNESI', 'sariawan2minggu', 'sariawan 2 minggu', '2021-11-11 19:07:37', '2021-11-11 19:07:37'),
(601, 'ANAMNESI', 'sakitpinggang', 'sakit pinggang', '2021-11-12 09:52:21', '2021-11-12 09:52:21'),
(602, 'ANAMNESI', 'batuk2minggu', 'batuk 2 minggu', '2021-11-13 17:30:33', '2021-11-13 17:30:33'),
(603, 'ANAMNESI', 'jarisakit', 'jari sakit', '2021-11-13 18:30:59', '2021-11-13 18:30:59'),
(604, 'DIAGNOSA', 'hiperurecemia?', 'Hiperurecemia?', '2021-11-13 18:30:59', '2021-11-13 18:30:59'),
(605, 'DIAGNOSA', 'gerd', 'GERD', '2021-11-13 18:42:35', '2021-11-13 18:42:35'),
(606, 'ANAMNESI', 'pilekpanas', 'pilek panas', '2021-11-13 19:08:58', '2021-11-13 19:08:58'),
(607, 'ANAMNESI', 'gatalditubuh', 'gatal di tubuh', '2021-11-13 19:55:44', '2021-11-13 19:55:44'),
(608, 'DIAGNOSA', 'reaksialergi', 'Reaksi Alergi', '2021-11-13 19:55:44', '2021-11-13 19:55:44'),
(609, 'DIAGNOSA', 'gigi36resesi', 'GIGI 36 RESESI', '2021-11-13 20:05:18', '2021-11-13 20:05:18'),
(610, 'DIAGNOSA', '37pulpitis', '37 PULPITIS', '2021-11-13 20:05:18', '2021-11-13 20:05:18'),
(611, 'DIAGNOSA', 'gmkra+rb', 'GMK RA+RB', '2021-11-13 20:05:18', '2021-11-13 20:05:18'),
(612, 'TINDAKAN', 'scallingra+rb(batashrgatas)', 'Scalling RA + RB (Batas Hrg Atas)', '2021-11-13 20:05:18', '2021-11-13 20:05:18'),
(613, 'ANAMNESI', 'gigiberlubang', 'gigi berlubang', '2021-11-13 20:09:11', '2021-11-13 20:09:11'),
(614, 'TINDAKAN', 'komposite(batashrgbawah)', 'Komposite (Batas Hrg Bawah)', '2021-11-13 20:09:11', '2021-11-13 20:09:11'),
(615, 'DIAGNOSA', '81gf', '81 GF', '2021-11-13 20:15:24', '2021-11-13 20:15:24'),
(616, 'TINDAKAN', 'cabutgigi/topikalanastesi(batashrgbawah)', 'Cabut gigi/topikal anastesi (Batas Hrg Bawah)', '2021-11-13 20:15:24', '2021-11-13 20:15:24'),
(617, 'ANAMNESI', 'gigikananbelakanggoyang', 'gigi kanan belakang goyang', '2021-11-13 20:17:27', '2021-11-13 20:17:27'),
(618, 'DIAGNOSA', 'gf85', 'gf 85', '2021-11-13 20:17:27', '2021-11-13 20:17:27'),
(619, 'ANAMNESI', 'gigikananbelakangnyilu', 'gigi kanan belakang nyilu', '2021-11-13 20:19:33', '2021-11-13 20:19:33'),
(620, 'DIAGNOSA', 'resesi16', 'resesi 16', '2021-11-13 20:19:33', '2021-11-13 20:19:33'),
(621, 'ANAMNESI', 'gigibelakanggoyang', 'gigi belakang goyang', '2021-11-13 20:21:12', '2021-11-13 20:21:12'),
(622, 'DIAGNOSA', 'gf55', 'gf 55', '2021-11-13 20:21:12', '2021-11-13 20:21:12'),
(623, 'ANAMNESI', 'nyeridikaki', 'nyeri di kaki', '2021-11-15 11:02:33', '2021-11-15 11:02:33'),
(624, 'ANAMNESI', 'gatal-gataldileher', 'gatal-gatal di leher', '2021-11-15 11:09:37', '2021-11-15 11:09:37'),
(625, 'TINDAKAN', 'perawatan', 'Perawatan', '2021-11-28 15:22:40', '2021-11-28 15:22:40'),
(626, 'TINDAKAN', 'administrasipasienbaru', 'ADMINISTRASI PASIEN BARU', '2021-12-13 04:59:49', '2021-12-13 04:59:49'),
(627, 'ANAMNESI', 'perdarahananus', 'Perdarahan Anus', '2021-12-29 10:28:12', '2021-12-29 10:28:12'),
(628, 'DIAGNOSA', 'usgabs', 'USG ABS', '2021-12-29 10:28:12', '2021-12-29 10:28:12'),
(629, 'DIAGNOSA', 'appendicitisacute', 'Appendicitis Acute', '2022-01-06 10:55:42', '2022-01-06 10:55:42'),
(630, 'ANAMNESI', 'ews', 'ews', '2022-04-02 12:40:42', '2022-04-02 12:40:42');

-- --------------------------------------------------------

--
-- Table structure for table `tbl_master_sequence`
--

CREATE TABLE `tbl_master_sequence` (
  `id_master_sequence` int(11) NOT NULL,
  `master_seq_code` varchar(20) NOT NULL,
  `seq_name` varchar(100) NOT NULL,
  `seq_no` int(11) NOT NULL,
  `length_no` int(2) NOT NULL,
  `dtm_crt` datetime NOT NULL DEFAULT current_timestamp(),
  `dtm_upd` datetime NOT NULL DEFAULT current_timestamp()
) ENGINE=MyISAM DEFAULT CHARSET=latin1;

--
-- Dumping data for table `tbl_master_sequence`
--

INSERT INTO `tbl_master_sequence` (`id_master_sequence`, `master_seq_code`, `seq_name`, `seq_no`, `length_no`, `dtm_crt`, `dtm_upd`) VALUES
(1, 'NOPERIKSA', 'No Periksa', 0, 6, '2018-02-28 22:01:47', '2018-02-28 22:01:47'),
(2, 'NOREKAMMEDIS', 'No Rekam Medis', 139, 6, '2018-02-28 22:04:56', '2022-05-10 09:42:19'),
(3, 'NOPENDAFTARAN', 'No Pendaftaran', 136, 6, '2018-03-03 01:32:21', '2022-05-10 09:42:19'),
(4, 'NOTRANSAKSIOBAT', 'No Transaksi Obat', 18, 6, '2018-05-11 16:49:33', '2022-03-17 14:14:52');

-- --------------------------------------------------------

--
-- Table structure for table `tbl_menu`
--

CREATE TABLE `tbl_menu` (
  `id_menu` int(11) NOT NULL,
  `title` varchar(50) NOT NULL,
  `url` varchar(50) NOT NULL,
  `icon` varchar(30) NOT NULL,
  `is_main_menu` int(11) NOT NULL,
  `is_aktif` enum('y','n') NOT NULL COMMENT 'y=yes,n=no',
  `dtm_crt` datetime NOT NULL DEFAULT current_timestamp(),
  `dtm_upd` datetime NOT NULL DEFAULT current_timestamp()
) ENGINE=InnoDB DEFAULT CHARSET=latin1;

--
-- Dumping data for table `tbl_menu`
--

INSERT INTO `tbl_menu` (`id_menu`, `title`, `url`, `icon`, `is_main_menu`, `is_aktif`, `dtm_crt`, `dtm_upd`) VALUES
(39, 'Pemeriksaan Rapid Antigen', 'rapid_antigen', 'fa fa-book', 0, 'y', '2021-09-13 10:35:14', '2021-09-13 10:35:14'),
(40, 'Pencarian', 'pendaftaran/pencarian', 'fa fa-search', 0, 'y', '2018-04-19 10:35:14', '2018-04-19 10:35:14'),
(41, 'Formulir Rapid Antigen', 'pendaftaran_rapid_antigen', 'fa fa-book', 0, 'y', '2021-09-13 10:35:14', '2021-09-13 10:35:14'),
(42, 'Form Pendaftaran', 'pendaftaran/create', 'fa fa-pencil-square-o', 0, 'y', '2018-03-27 10:45:17', '2018-03-27 10:45:17'),
(43, 'Antrian Pendaftaran', 'pendaftaran', 'fa fa-pencil-square', 0, 'y', '2018-03-27 10:45:17', '2018-03-27 10:45:17'),
(44, 'Periksa Medis', 'periksamedis', 'fa fa-stethoscope', 0, 'y', '2018-03-27 10:45:17', '2018-03-27 10:45:17'),
(45, 'Pembayaran', 'pembayaran', 'fa fa-money', 62, 'y', '2018-03-27 10:45:17', '2018-03-27 10:45:17'),
(46, 'Apotek', 'apotek', 'fa fa-user-md', 0, 'y', '2018-03-27 10:45:17', '2018-03-27 10:45:17'),
(47, 'Laporan Keuangan', 'laporankeuangan', 'fa fa-book', 0, 'y', '2018-03-27 10:45:17', '2018-03-27 10:45:17'),
(49, 'Antrian', 'periksamedis/antrian', 'fa fa-hourglass-half', 0, 'y', '2018-03-27 10:45:17', '2018-03-27 10:45:17'),
(50, 'Jadwal Shift', 'hrms/shift', 'fa fa-calendar', 96, 'y', '2018-03-27 10:45:17', '2018-03-27 10:45:17'),
(53, 'Profile', 'profile', 'fa fa-server', 0, 'n', '2018-03-27 10:45:17', '2018-03-27 10:45:17'),
(54, 'Rekam Medis', 'periksamedis/riwayat', 'fa fa-book', 0, 'y', '2018-03-28 09:57:51', '2018-03-28 09:57:51'),
(55, 'Surat Ket Sehat', 'periksamedis/sksehat', 'fa fa-book', 0, 'y', '2018-04-03 11:37:00', '2018-04-03 11:37:00'),
(57, 'Rekap Asuransi', 'pembayaran/rekap_asuransi', 'fa fa-money', 0, 'y', '2018-04-25 16:19:45', '2018-04-25 16:19:45'),
(58, 'Pencarian', 'periksamedis/pencarian', 'fa fa-search', 60, 'y', '2018-04-25 23:11:09', '2018-04-25 23:11:09'),
(59, 'Form Pendaftaran', 'periksamedis/daftar_baru', 'fa fa-pencil-square', 60, 'y', '2018-04-25 17:02:17', '2018-04-25 17:02:17'),
(60, 'Daftar Baru', '#', 'fa fa-pencil', 0, 'y', '2018-04-25 23:36:00', '2018-04-25 23:36:00'),
(61, 'POS Obat', 'apotek/jual_obat', 'fa fa-pencil-square', 0, 'y', '2018-05-11 13:51:40', '2018-05-11 13:51:40'),
(62, 'Pembayaran', '#', 'fa fa-money', 0, 'y', '2018-05-11 17:08:59', '2018-05-11 17:08:59'),
(63, 'Obat Tanpa Periksa', 'pembayaran/obat_tanpa_periksa', 'fa fa-money', 62, 'y', '2018-05-11 17:10:41', '2018-05-11 17:10:41'),
(64, 'Sinkronisasi', 'sinkronisasi', 'fa fa-refresh', 0, 'y', '2018-05-19 14:29:55', '2018-05-19 14:29:55'),
(65, 'Kelola Menu', 'kelolamenu', 'fa fa-book', 73, 'y', '2018-03-27 10:45:17', '2018-03-27 10:45:17'),
(66, 'Kelola Pengguna', 'user', 'fa fa-user', 73, 'y', '2019-11-13 10:02:07', '2019-11-13 10:02:07'),
(67, 'Level Pengguna', 'userlevel', 'fa fa-level-up', 73, 'y', '2019-11-13 10:02:46', '2019-11-13 10:02:46'),
(68, 'MASTER SDM', 'dokter', 'fa fa-user-md', 78, 'y', '2019-11-13 10:20:12', '2019-11-13 10:20:12'),
(69, 'MASTER PASIEN', 'pasien', 'fa fa-id-card-o', 78, 'y', '2019-11-13 10:20:37', '2019-11-13 10:20:37'),
(70, 'PROFIL RS', 'profile', 'fa fa-id-card-o', 0, 'y', '2019-11-13 10:21:53', '2019-11-13 10:21:53'),
(71, 'Jenis SDM', 'spesialis', 'fa fa-stethoscope', 78, 'y', '2019-11-13 10:24:15', '2019-11-13 10:24:15'),
(72, 'MASTER REFERENSI', 'master_ref', 'fa fa-fax', 0, 'y', '2019-11-13 10:25:31', '2019-11-13 10:25:31'),
(73, 'Setting', '#', 'fa fa-cog', 0, 'y', '2019-11-13 10:29:20', '2019-11-13 10:29:20'),
(74, 'DATA OBAT DAN BMHP', 'dataobat', 'fa fa-medkit', 77, 'y', '2019-11-13 10:33:01', '2019-11-13 10:33:01'),
(75, 'DATA KATEGORI BARANG', 'kategoribarang', 'fa fa-clone', 77, 'y', '2019-11-13 10:33:42', '2019-11-13 10:33:42'),
(76, 'DATA SATUAN BARANG', 'datasatuan', 'fa fa-thermometer-full', 77, 'y', '2019-11-13 10:34:14', '2019-11-13 10:34:14'),
(77, 'MENU OBAT BMHP', '#', 'fa fa-medkit', 0, 'y', '2019-11-13 10:34:43', '2019-11-13 10:34:43'),
(78, 'MASTER DATA', '#', 'fa fa-database', 0, 'y', '2019-11-13 10:38:22', '2019-11-13 10:38:22'),
(79, 'MASTER KLINIK', 'klinik', 'fa fa-hospital-o', 78, 'y', '2019-11-13 12:07:36', '2019-11-13 12:07:36'),
(80, 'MASTER PEGAWAI', 'hrms/pegawai', 'fa fa-id-card-o', 96, 'y', '2019-11-13 13:59:34', '2019-11-13 13:59:34'),
(81, 'DATA PABRIK', 'pabrik', 'fa fa-industry', 77, 'y', '2019-11-14 12:31:59', '2019-11-14 12:31:59'),
(82, 'DATA SUPPLIER', 'supplier', 'fa fa-truck', 77, 'y', '2019-11-14 13:37:57', '2019-11-14 13:37:57'),
(83, 'DATA GUDANG', 'gudang', 'fa fa-home', 77, 'y', '2019-11-14 14:19:15', '2019-11-14 14:19:15'),
(84, 'DATA GOLONGAN BARANG', 'golonganbarang', 'fa fa-object-group', 77, 'y', '2019-11-14 15:53:36', '2019-11-14 15:53:36'),
(85, 'DATA LOKASI BARANG', 'lokasibarang', 'fa fa-stack-exchange', 77, 'y', '2019-11-14 16:30:12', '2019-11-14 16:30:12'),
(86, 'MASTER APOTEKER', 'apoteker', 'fa fa-user', 78, 'y', '2019-11-14 20:59:18', '2019-11-14 20:59:18'),
(87, 'DATA OBAT RACIKAN', 'obat_racik', 'fa fa-medkit', 77, 'y', '2019-11-15 15:10:24', '2019-11-15 15:10:24'),
(88, 'MASTER JASA', 'jasa', 'fa fa-code-fork', 78, 'y', '2019-11-15 15:15:45', '2019-11-15 15:15:45'),
(89, 'Laporan biaya obat', 'laporankeuangan/biaya_obat', 'fa fa-medkit', 47, 'n', '2019-11-15 17:53:02', '2019-11-15 17:53:02'),
(90, 'Laporan biaya tindakan', 'laporankeuangan/biaya_tindakan', 'fa fa-minus', 47, 'n', '2019-11-15 18:16:29', '2019-11-15 18:16:29'),
(91, 'Laporan biaya pemeriksaan', 'laporankeuangan/biaya_pemeriksaan', 'fa fa-minus', 47, 'n', '2019-11-15 18:23:22', '2019-11-15 18:23:22'),
(92, 'Transaksi Apotek', 'transaksi_apotek', 'fa fa-briefcase', 0, 'y', '2019-11-18 08:35:09', '2019-11-18 08:35:09'),
(93, 'Purchase Order Obat', 'transaksi_apotek/po', 'fa fa-medkit', 92, 'y', '2019-11-18 08:36:52', '2019-11-18 08:36:52'),
(94, 'Penerimaan Obat', 'transaksi_apotek/receipt', 'fa fa-shopping-cart', 92, 'y', '2019-11-19 09:01:49', '2019-11-19 09:01:49'),
(95, 'RETUR BARANG', 'transaksi_apotek/create_retur', 'fa fa-undo', 92, 'y', '2019-11-20 09:23:56', '2019-11-20 09:23:56'),
(96, 'HRMS', 'hrms', 'fa fa-group', 0, 'y', '2019-11-21 14:05:31', '2019-11-21 14:05:31'),
(97, 'MASTER JABATAN', 'hrms/jabatan', 'fa fa-level-up', 96, 'y', '2019-11-21 14:06:18', '2019-11-21 14:06:18'),
(99, 'Referensi Gaji', 'hrms/ref_gaji', 'fa fa-money', 96, 'y', '2019-11-21 14:29:23', '2019-11-21 14:29:23'),
(100, 'Setting Gaji', 'hrms/set_gaji', 'fa fa-cog', 96, 'y', '2019-11-21 16:19:09', '2019-11-21 16:19:09'),
(101, 'Absensi Pegawai', 'hrms/absensi', 'fa fa-clock-o', 96, 'y', '2019-11-22 20:54:07', '2019-11-22 20:54:07'),
(102, 'Akuntansi', 'akuntansi', 'fa fa-money', 0, 'y', '2019-11-23 11:14:06', '2019-11-23 11:14:06'),
(103, 'MASTER akun', 'akuntansi/akun', 'fa fa-bookmark', 102, 'y', '2019-11-23 11:18:20', '2019-11-23 11:18:20'),
(104, 'Jurnal Akuntansi', 'akuntansi/transaksi_akuntansi', 'fa fa-id-card-o', 102, 'y', '2019-11-25 09:53:39', '2019-11-25 09:53:39'),
(106, 'Potongan', 'hrms/gaji/potongan', 'fa fa-cut', 96, 'n', '2019-11-26 14:00:04', '2019-11-26 14:00:04'),
(107, 'General ledger', 'akuntansi/akun/buku_besar', 'fa fa-book', 102, 'y', '2019-11-27 20:05:13', '2019-11-27 20:05:13'),
(108, 'saldo akun', 'akuntansi/akun/saldo', 'fa fa-money', 102, 'n', '2019-11-27 20:05:56', '2019-11-27 20:05:56'),
(109, 'Jam Lembur', 'hrms/lembur', 'fa fa-clock-o', 96, 'n', '2019-11-27 20:07:40', '2019-11-27 20:07:40'),
(110, 'Rumah tangga', 'akuntansi/transaksi_akuntansi/rt', 'fa fa-home', 102, 'n', '2019-11-28 21:06:06', '2019-11-28 21:06:06'),
(111, 'Petty Cash', 'akuntansi/transaksi_akuntansi/petty', 'fa fa-credit-card', 102, 'y', '2019-11-29 18:05:10', '2019-11-29 18:05:10'),
(112, 'Laporan Laba rugi', 'akuntansi/laporan/laba_rugi', 'fa fa-bar-chart', 117, 'y', '2019-11-29 18:06:19', '2019-11-29 18:06:19'),
(113, 'Neraca', 'akuntansi/transaksi_akuntansi/neraca', 'fa fa-balance-scale', 102, 'y', '2019-11-29 18:07:49', '2019-11-29 18:07:49'),
(114, 'chart of account', 'akuntansi/akun/coa', 'fa fa-list-alt', 102, 'y', '2019-12-01 14:25:08', '2019-12-01 14:25:08'),
(115, 'Jurnal Besar', 'akuntansi/akun/jurnal_besar', 'fa fa-newspaper-o', 102, 'n', '2019-12-02 11:00:26', '2019-12-02 11:00:26'),
(116, 'diskon transaksi', 'diskon_trx', 'fa fa-percent', 73, 'y', '2019-12-03 10:11:54', '2019-12-03 10:11:54'),
(117, 'Laporan akuntansi', '#', 'fa fa-id-card-o', 0, 'y', '2019-12-05 11:01:25', '2019-12-05 11:01:25'),
(118, 'Buku Kas', 'akuntansi/laporan/kas', 'fa fa-book', 117, 'y', '2019-12-05 11:05:54', '2019-12-05 11:05:54'),
(119, 'Rekap Pengeluaran Klinik', 'akuntansi/laporan/rekap_klinik', 'fa fa-list-alt', 117, 'y', '2019-12-05 21:54:04', '2019-12-05 21:54:04'),
(120, 'Rekap Kas Rumah Tangga', 'akuntansi/laporan/rekap_rt', 'fa fa-group', 117, 'n', '2019-12-06 08:49:44', '2019-12-06 08:49:44'),
(121, 'Rekap Kas Petty Cash', 'akuntansi/laporan/rekap_pc', 'fa fa-money', 117, 'n', '2019-12-06 08:50:40', '2019-12-06 08:50:40'),
(122, 'Rekap Pengeluaran', 'akuntansi/laporan/rekap_all', 'fa fa-file', 117, 'y', '2019-12-07 11:26:55', '2019-12-07 11:26:55'),
(123, 'Rekap Mingguan', 'akuntansi/laporan/rekap_mingguan', 'fa fa-calendar', 117, 'n', '2019-12-08 23:16:37', '2019-12-08 23:16:37'),
(126, 'Kasir', 'kasir', 'fa fa-bars', 0, 'n', '2019-12-13 09:33:45', '2019-12-13 09:33:45'),
(127, 'POS Obat', 'kasir/jual_obat', 'fa fa-pencil-square', 0, 'y', '2019-12-13 09:34:32', '2019-12-13 09:34:32'),
(128, 'Tutup Buku', 'akuntansi/transaksi_akuntansi/close_book', 'fa fa-book', 102, 'y', '2019-12-15 20:11:38', '2019-12-15 20:11:38'),
(129, 'Stok Obat', 'dataobat/stok', 'fa fa-line-chart', 77, 'y', '2021-06-22 14:13:22', '2021-06-22 14:13:22'),
(130, 'History Barang', 'dataobat/history', 'fa fa-history', 77, 'y', '2021-06-22 22:47:39', '2021-06-22 22:47:39'),
(131, 'Laporan Keuangan', 'dataobat/laporankeuangan', 'fa fa-book', 77, 'y', '2021-06-23 09:21:52', '2021-06-23 09:21:52'),
(132, 'Manufaktur', 'dataobat/manufaktur', 'fa fa-industry', 77, 'y', '2021-06-23 10:18:24', '2021-06-23 10:18:24'),
(133, 'Biaya Surat Keterangan', 'biayask', 'fa fa-money', 73, 'y', '2021-09-17 10:13:40', '2021-09-17 10:13:40'),
(134, 'Komisi Dokter', 'komisi_dokter', 'fa fa-money', 0, 'y', '2021-09-17 10:13:40', '2021-09-17 10:13:40'),
(135, 'Master Tindakan', 'tindakan', 'fa fa-stethoscope', 78, 'y', '2021-10-20 09:05:24', '2021-10-20 09:05:24'),
(136, 'Tipe Periksa Lab', 'tipe_lab', 'fa fa-stethoscope', 78, 'y', '2021-10-22 11:06:10', '2021-10-22 11:06:10'),
(137, 'Hutang PO Obat', 'supplier/hutang', 'fa fa-money', 77, 'y', '2021-11-04 11:06:10', '2021-11-04 11:06:10'),
(138, 'Obat Hampir Habis', 'obat_hampir_habis', 'fa fa-medkit', 0, 'y', '2021-11-06 14:14:45', '2021-11-06 14:14:45'),
(139, 'Penyesuaian Stok', 'dataobat/stok_adjustment', 'fa fa-pencil-square', 77, 'y', '2021-11-26 15:21:15', '2021-11-26 15:21:15'),
(140, 'Poli', 'poli', 'fa fa-stethoscope', 78, 'y', '2021-12-01 21:44:34', '2021-12-01 21:44:34'),
(141, 'Master Kategori Tindakan', 'tipe_kategori_tindakan', 'fa fa-code-fork', 78, 'y', '2021-12-01 21:45:04', '2021-12-01 21:45:04'),
(142, 'Master Pemeriksaan Radiologi', 'tipe_radiologi', 'fa fa-stethoscope', 78, 'y', '2021-12-01 21:46:37', '2021-12-01 21:46:37'),
(143, 'Kategori Kamar', 'kategori_kamar', 'fa fa-bed', 78, 'y', '2021-12-01 21:47:05', '2021-12-01 21:47:05'),
(144, 'Kamar', 'kamar', 'fa fa-bed', 78, 'y', '2021-12-01 21:47:19', '2021-12-01 21:47:19'),
(145, 'Kategori Biaya', 'kategori_biaya', 'fa fa-money', 78, 'y', '2021-12-01 21:47:43', '2021-12-01 21:47:43'),
(146, 'Biaya', 'biaya', 'fa fa-money', 78, 'y', '2021-12-01 21:48:00', '2021-12-01 21:48:00'),
(147, 'Jenis Operasi', 'jenis_operasi', 'fa fa-stethoscope', 78, 'y', '2021-12-13 09:29:14', '2021-12-13 09:29:14'),
(148, 'Kategori Periksa Lab dan Radiologi', 'tipe_kategori_periksa_lab_radiologi', 'fa fa-stethoscope', 78, 'y', '2021-12-13 09:34:54', '2021-12-13 09:34:54'),
(149, 'Laporan Biaya Poli', 'laporankeuangan/biaya_poli', 'fa fa-money', 47, 'y', '2021-12-27 08:21:58', '2021-12-27 08:21:58'),
(150, 'Laporan Biaya Rawat Inap', 'laporankeuangan/biaya_rawat_inap', 'fa fa-money', 47, 'y', '2021-12-27 08:22:35', '2021-12-27 08:22:35'),
(151, 'Laporan Biaya Operasi', 'laporankeuangan/biaya_operasi', 'fa fa-money', 47, 'y', '2021-12-27 08:22:52', '2021-12-27 08:22:52'),
(152, 'Laporan Biaya Laboratorium', 'laporankeuangan/biaya_laboratorium', 'fa fa-money', 47, 'y', '2021-12-27 08:23:13', '2021-12-27 08:23:13'),
(153, 'Laporan Biaya Radiologi', 'laporankeuangan/biaya_radiologi', 'fa fa-money', 47, 'y', '2021-12-27 08:23:33', '2021-12-27 08:23:33'),
(154, 'Laporan Biaya Obat', 'laporankeuangan/biaya_obat', 'fa fa-money', 47, 'y', '2021-12-27 08:26:00', '2021-12-27 08:26:00'),
(155, 'Laporan Biaya BMHP', 'laporankeuangan/biaya_alkes', 'fa fa-money', 47, 'y', '2021-12-27 08:26:36', '2021-12-27 08:26:36'),
(156, 'Laporan Biaya Tindakan', 'laporankeuangan/biaya_tindakan', 'fa fa-money', 47, 'y', '2021-12-27 08:27:04', '2021-12-27 08:27:04'),
(157, 'Laporan Biaya Lainnya', 'laporankeuangan/biaya_lainnya', 'fa fa-money', 47, 'y', '2021-12-27 08:27:31', '2021-12-27 08:27:31'),
(158, 'Jenis Biaya Operasi', 'jenis_biaya_operasi', 'fa fa-money', 78, 'y', '2021-12-31 03:02:17', '2021-12-31 03:02:17'),
(159, 'Ruangan Operasi', 'ruangan_operasi', 'fa fa-bed', 78, 'y', '2022-01-05 14:47:27', '2022-01-05 14:47:27'),
(160, 'Alat Operasi', 'alat_operasi', 'fa fa-stethoscope', 78, 'y', '2022-01-05 14:48:14', '2022-01-05 14:48:14'),
(161, 'Provinsi', 'provinsi', 'fa fa-building', 78, 'y', '2022-01-28 15:38:28', '2022-01-28 15:38:28'),
(162, 'Kabupaten', 'kabupaten', 'fa fa-building', 78, 'y', '2022-01-28 15:38:44', '2022-01-28 15:38:44'),
(163, 'Kecamatan', 'kecamatan', 'fa fa-building', 78, 'y', '2022-01-28 15:39:01', '2022-01-28 15:39:01'),
(164, 'Desa', 'desa', 'fa fa-building', 78, 'y', '2022-01-28 15:39:20', '2022-01-28 15:39:20'),
(165, 'Dusun', 'dusun', 'fa fa-building', 78, 'y', '2022-01-28 15:39:35', '2022-01-28 15:39:35');

-- --------------------------------------------------------

--
-- Table structure for table `tbl_obat_alkes_bhp`
--

CREATE TABLE `tbl_obat_alkes_bhp` (
  `kode_barang` varchar(15) NOT NULL,
  `nama_barang` varchar(100) NOT NULL,
  `id_kategori_barang` int(11) DEFAULT NULL,
  `id_satuan_barang` int(11) DEFAULT NULL,
  `jenis_barang` int(2) DEFAULT NULL COMMENT '1 = obat , 2 = alat kesehatan',
  `harga` int(11) NOT NULL,
  `id_klinik` int(11) NOT NULL,
  `dtm_crt` datetime DEFAULT current_timestamp(),
  `dtm_upd` datetime DEFAULT current_timestamp(),
  `kode_pabrik` varchar(15) DEFAULT NULL,
  `id_golongan_barang` int(11) DEFAULT NULL,
  `minimal_stok` double NOT NULL,
  `deskripsi` varchar(200) DEFAULT NULL,
  `indikasi` varchar(200) DEFAULT NULL,
  `kandungan` varchar(200) DEFAULT NULL,
  `dosis` varchar(100) DEFAULT NULL,
  `kemasan` varchar(50) DEFAULT NULL,
  `efek_samping` varchar(200) DEFAULT NULL,
  `zat_aktif` varchar(200) DEFAULT NULL,
  `etiket` varchar(200) DEFAULT NULL COMMENT 'aturan minum obat',
  `foto_barang` varchar(50) DEFAULT NULL,
  `barcode` varchar(100) DEFAULT NULL
) ENGINE=InnoDB DEFAULT CHARSET=latin1;

--
-- Dumping data for table `tbl_obat_alkes_bhp`
--

INSERT INTO `tbl_obat_alkes_bhp` (`kode_barang`, `nama_barang`, `id_kategori_barang`, `id_satuan_barang`, `jenis_barang`, `harga`, `id_klinik`, `dtm_crt`, `dtm_upd`, `kode_pabrik`, `id_golongan_barang`, `minimal_stok`, `deskripsi`, `indikasi`, `kandungan`, `dosis`, `kemasan`, `efek_samping`, `zat_aktif`, `etiket`, `foto_barang`, `barcode`) VALUES
('AIDXB', 'INDUXIN 10 IU AMPUL 1 ML/10', 6, 2, 1, 11700, 1, '0000-00-00 00:00:00', '2021-12-27 16:51:14', 'PAB1624001874', 2, 5, '', '', '', '', '', '', '', '', NULL, ''),
('AKMCA', 'KALMECO 500 MCG AMP 1 ML/ 1X5', 4, 2, 1, 154000, 1, '0000-00-00 00:00:00', '2021-12-27 20:36:59', 'PAB1638269381', 2, 5, '', '', '', '', '', '', '', '', NULL, ''),
('AKNXA', 'KALNEX 250 MG AMPUL 5ML / 10', 5, 2, 1, 119000, 1, '0000-00-00 00:00:00', '2021-12-27 20:38:49', 'PAB1638269381', 2, 5, '', '', '', '', '', '', '', '', NULL, ''),
('AKNXB', 'KALNEX 500 MG AMPUL 5ML/10', 5, 2, 1, 19500, 1, '0000-00-00 00:00:00', '2021-12-27 16:51:40', 'PAB1638269381', 2, 5, '', '', '', '', '', '', '', '', NULL, ''),
('APPGA', 'POSPARGIN 0,2 MG AMP 1ML / 10', 3, 2, 1, 7800, 1, '0000-00-00 00:00:00', '2021-12-15 08:15:23', 'PAB1638269381', 2, 5, '', '', '', '', '', '', '', '', NULL, ''),
('ARANA', 'RANTIN 50 MG AMPUL/ 2 ML', NULL, NULL, NULL, 65000, 1, '0000-00-00 00:00:00', '0000-00-00 00:00:00', ' NULL ', NULL, 5, NULL, NULL, NULL, NULL, NULL, NULL, NULL, NULL, NULL, NULL),
('AVCRA', 'VOMCERAN 8 MG AMPUL 4 ML/5', NULL, NULL, NULL, 74100, 1, '0000-00-00 00:00:00', '0000-00-00 00:00:00', ' NULL ', NULL, 5, NULL, NULL, NULL, NULL, NULL, NULL, NULL, NULL, NULL, NULL),
('AVCRC', 'VOMCERAN 4 MG AMPUL 2 ML/5', NULL, NULL, NULL, 40300, 1, '0000-00-00 00:00:00', '0000-00-00 00:00:00', ' NULL ', NULL, 5, NULL, NULL, NULL, NULL, NULL, NULL, NULL, NULL, NULL, NULL),
('BRG1638272332', 'ALBAPURE 200ml', 6, 1, 1, 1500000, 1, '2021-11-30 11:38:52', '2021-12-27 16:54:21', 'PAB1638269278', 3, 5, '', '', 'Human Albumin 20%', '', 'Box, 1 Botol', '', '', '', NULL, ''),
('BRG1638505328', 'AMINOPHYLLINE INJ', 8, 2, 1, 11050, 1, '2021-12-01 11:14:00', '2022-03-31 17:17:06', 'PAB1638500170', 0, 5, '-', '-', 'AMINOPHYLLINE INJ', '24mg/ml', 'box', '-', '-', '-', '-', '0131'),
('BRG1638505329', 'AMINOPHYLLINE INJ', 6, 2, 1, 50000, 1, '2021-12-02 11:14:00', '2021-12-13 04:27:03', 'PAB1638500193', 8, 5, '-', '-', 'AMINOPHYLLINE INJ', '24mg/ml', 'box', '-', '-', '-', '-', '-'),
('BRG1638505330', 'ATROPIN SULFAT', 8, 2, 1, 5005, 1, '2021-12-03 11:14:00', '2022-03-31 17:18:59', '', 0, 5, '-', '-', 'ATROPIN SULFAT', '', '', '-', '-', '-', '-', '-'),
('BRG1638505331', 'CETADOP INJ', 6, 2, 3, 0, 1, '2021-12-04 11:14:00', '2021-12-04 11:14:00', 'PAB1638500206', 9, 3, '-', '-', 'DOPAMIN HCL', '40mg/ml', 'box', '-', '-', '-', '-', '-'),
('BRG1638505332', 'D40%', 6, 12, 3, 0, 1, '2021-12-05 11:14:00', '2021-12-05 11:14:00', 'null', 8, 3, '-', '-', 'null', 'null', 'null', '-', '-', '-', '-', '-'),
('BRG1638505333', 'DEXAMETHASONE INJ', 8, 2, 1, 14300, 1, '2021-12-06 11:14:00', '2022-03-31 17:24:56', 'PAB1638500215', 0, 10, '-', '-', 'DEXAMETHASONE INJ', '5mg/ml', 'box', '-', '-', '-', '-', '-'),
('BRG1638505335', 'DIAZEPAM INJ', 8, 2, 1, 24500, 1, '2021-12-08 11:14:00', '2022-03-31 18:07:48', 'PAB1638500215', 0, 5, '-', '-', 'DIAZEPAM', '5mg/ml', 'box', '-', '-', '-', '-', '-'),
('BRG1638505336', 'VALIPAB1638500243 INJ', 6, 2, 3, 0, 1, '2021-12-09 11:14:00', '2021-12-09 11:14:00', 'PAB1638500243', 9, 5, '-', '-', 'DIAZEPAM', '5mg/ml', 'box', '-', '-', '-', '-', '-'),
('BRG1638505337', 'EPINEPRIN', 8, 2, 1, 4050, 1, '2021-12-10 11:14:00', '2022-03-31 17:26:11', '', 0, 5, '-', '-', 'EPINEPRIN', 'null', 'null', '-', '-', '-', '-', '-'),
('BRG1638505338', 'EPHEDRIN', 8, 2, 1, 57200, 1, '2021-12-11 11:14:00', '2022-03-31 17:26:57', '', 0, 5, '-', '-', 'EPHEDRIN', 'null', 'null', '-', '-', '-', '-', '-'),
('BRG1638505339', 'LIDOCAIN HCl 2% INJ', 6, 2, 3, 0, 1, '2021-12-12 11:14:00', '2021-12-12 11:14:00', 'PAB1638500257', 8, 10, '-', '-', 'LIDOCAIN HCl ', '2%', 'box', '-', '-', '-', '-', '-'),
('BRG1638505340', 'INDOP INJ', 6, 12, 3, 0, 1, '2021-12-13 11:14:00', '2021-12-13 11:14:00', 'PAB1638500268', 9, 3, '-', '-', 'DOPAMIN HCL', '40mg/ml', 'box', '-', '-', '-', '-', '-'),
('BRG1638505341', 'ATRACURIUM', 8, 2, 1, 94900, 1, '2021-12-14 11:14:00', '2022-03-31 17:30:11', '', 14, 0, '-', '-', 'null', 'null', 'null', '-', '-', '-', '-', '-'),
('BRG1638505342', 'Fentanyl Inj', 8, 2, 1, 25545, 1, '2021-12-15 11:14:00', '2022-03-31 17:31:01', 'PAB1638500290', 14, 5, '-', '-', 'FENTANYL CITRATE', '100mcg/2ml', 'box', '-', '-', '-', '-', '-'),
('BRG1638505343', 'ISOFLURAN', 8, 2, 1, 2112500, 1, '2021-12-16 11:14:00', '2022-03-31 17:32:19', '', 14, 0, '-', '-', 'null', 'null', 'null', '-', '-', '-', '-', '-'),
('BRG1638505344', 'KTM-100', 6, 12, 4, 0, 1, '2021-12-17 11:14:00', '2021-12-17 11:14:00', 'PAB1638500527', 9, 3, '-', '-', 'KETAMIN HCl', '100mg/ml', 'box', '-', '-', '-', '-', '-'),
('BRG1638505345', 'KETAMINEHAMELN', 8, 2, 1, 0, 1, '2021-12-18 11:14:00', '2022-03-31 17:33:17', 'PAB1638500536', 14, 3, '-', '-', 'KETAMIN HCl', '50mg/ml', 'box', '-', '-', '-', '-', '-'),
('BRG1638505346', 'MIDAZOLAM/MILOS', 8, 2, 1, 21450, 1, '2021-12-19 11:14:00', '2022-03-31 17:34:10', '', 14, 5, '-', '-', 'MIDAZOLAM HCl', '1mg/ml', 'box', '-', '-', '-', '-', '-'),
('BRG1638505347', 'FORTANEST INJ', 6, 2, 4, 0, 1, '2021-12-20 11:14:00', '2021-12-20 11:14:00', 'PAB1638500549', 9, 5, '-', '-', 'MIDAZOLAM HCl', '1mg/ml', 'box', '-', '-', '-', '-', '-'),
('BRG1638505348', 'N20', 6, 8, 4, 0, 1, '2021-12-21 11:14:00', '2021-12-21 11:14:00', 'null', 0, 0, '-', '-', 'null', 'null', 'null', '-', '-', '-', '-', '-'),
('BRG1638505349', 'NEOSTIGMINE METILSULFAT INJ/PROSTIGMIN', 8, 2, 1, 12900, 1, '2021-12-22 11:14:00', '2022-03-31 17:34:50', '', 14, 0, '-', '-', 'null', 'null', 'null', '-', '-', '-', '-', '-'),
('BRG1638505350', 'NOKUBA', 8, 2, 1, 0, 1, '2021-12-23 11:14:00', '2022-03-31 17:35:53', '', 14, 0, '-', '-', 'null', 'null', 'null', '-', '-', '-', '-', '-'),
('BRG1638505351', 'NOVERON/ROCULAX', 8, 2, 1, 0, 1, '2021-12-24 11:14:00', '2022-03-31 17:21:23', 'PAB1638500557', 14, 10, '-', '-', 'ROCURONIUM BROMIDE', '10mg/ml', 'box', '-', '-', '-', '-', '-'),
('BRG1638505352', 'PETHIDINA INJ', 8, 2, 1, 3300, 1, '2021-12-25 11:14:00', '2022-03-31 17:36:53', 'PAB1638500570', 14, 5, '-', '-', 'PETHIDINE HCl', '50mg/ml', 'box', '-', '-', '-', '-', '-'),
('BRG1638505353', 'NUPOVEL INJ', 6, 2, 4, 0, 1, '2021-12-26 11:14:00', '2021-12-26 11:14:00', 'PAB1638500557', 9, 10, '-', '-', 'PROPOFOL', '10mg/ml', 'box', '-', '-', '-', '-', '-'),
('BRG1638505354', 'REGIVELL SPINAL 0.5% INJ', 6, 2, 4, 0, 1, '2021-12-27 11:14:00', '2021-12-27 11:14:00', 'PAB1638500557', 9, 10, '-', '-', 'BUPIVACAINE HCl MONOHYDRATE', '5mg/ml', 'box', '-', '-', '-', '-', '-'),
('BRG1638505355', 'BUNASCAN SPINAL 0,5% INJ', 6, 2, 4, 0, 1, '2021-12-28 11:14:00', '2021-12-28 11:14:00', 'PAB1638500268', 9, 10, '-', '-', 'BUPIVACAINE HCl MONOHYDRATE', '5mg/ml', 'box', '-', '-', '-', '-', '-'),
('BRG1638505356', 'HALOTHANE', 9, 10, 1, 8500, 1, '2021-12-29 11:14:00', '2022-01-10 22:13:09', 'PAB1638269278', 14, 1, '-', '-', '', '', 'box', '-', '-', '-', '-', '-'),
('BRG1638505357', 'V-C 500', 6, 2, 5, 0, 1, '2021-12-30 11:14:00', '2021-12-30 11:14:00', 'PAB1638500268', 9, 5, '-', '-', 'ASAM AKSORBAT', '100mg/ml', 'box', '-', '-', '-', '-', '-'),
('BRG1638505358', 'ASAM TRANEXAMAT INJ', 6, 2, 5, 0, 1, '2021-12-31 11:14:00', '2021-12-31 11:14:00', 'PAB1638500623', 8, 5, '-', '-', 'ASAM TRANEXAMAT', '100mg/ml', 'box', '-', '-', '-', '-', '-'),
('BRG1638505359', 'CEFOTAXIM INJ', 8, 2, 1, 58630, 1, '2022-01-01 11:14:00', '2022-03-31 17:46:15', 'PAB1638500640', 0, 5, '-', '-', 'CEFOTAXIM SODIUM', '1g', 'box', '-', '-', '-', '-', '-'),
('BRG1638505360', 'CEFTRIAXON INJ POWDER', 11, 18, 2, 267540, 1, '2022-01-02 11:14:00', '2022-04-06 15:36:30', 'PAB1638500640', 10, 5, '-', '-', 'CEFTRIAXON SODIUM', '1g', 'box', '-', '-', '-', '-', '-'),
('BRG1638505362', 'CITICOLIN INJ', 6, 2, 5, 0, 1, '2022-01-04 11:14:00', '2022-01-04 11:14:00', 'PAB1638500650', 8, 5, '-', '-', 'CITICOLIN SODIUM', '125mg/ml', 'box', '-', '-', '-', '-', '-'),
('BRG1638505363', 'CITICOLIN INJ', 6, 2, 5, 0, 1, '2022-01-05 11:14:00', '2022-01-05 11:14:00', 'PAB1638500668', 8, 5, '-', '-', 'CITICOLIN SODIUM', '125mg/ml', 'box', '-', '-', '-', '-', '-'),
('BRG1638505364', 'FURAMINE INJ', 8, 2, 1, 13600, 1, '2022-01-06 11:14:00', '2022-03-31 18:08:33', 'PAB1638500215', 0, 3, '-', '-', 'FURSULTIAMINE HCl', '2,5mg/ml', 'box', '-', '-', '-', '-', '-'),
('BRG1638505365', 'KETOROLAC INJ', 8, 2, 1, 11450, 1, '2022-01-07 11:14:00', '2022-03-31 18:11:28', 'PAB1638500215', 0, 10, '-', '-', 'KETOROLAC TROMETAMOL', '30mg/ml', 'box', '-', '-', '-', '-', '-'),
('BRG1638505366', 'LANSOPRAZOLE 30 MG INJ POWDER', 6, 12, 5, 0, 1, '2022-01-08 11:14:00', '2022-01-08 11:14:00', 'null', 0, 0, '-', '-', 'null', 'null', 'null', '-', '-', '-', '-', '-'),
('BRG1638505367', 'MEROPENEM INJ POWDER', 8, 2, 1, 616050, 1, '2022-01-09 11:14:00', '2022-03-31 18:12:59', 'PAB1638500623', 0, 5, '-', '-', 'MEROPENEM TRIHYDRATE', '1g', 'box', '-', '-', '-', '-', '-'),
('BRG1638505368', 'METHYLERGOMETRINE MALEAT INJ', 8, 2, 1, 10725, 1, '2022-01-10 11:14:00', '2022-03-31 18:13:36', 'PAB1638500557', 0, 5, '-', '-', 'METHYLERGOMETRINE MALEAT', '0,2 mg/ml', 'box', '-', '-', '-', '-', '-'),
('BRG1638505369', 'METOCLOPRAMIDE INJ', 8, 2, 1, 11900, 1, '2022-01-11 11:14:00', '2022-03-31 18:15:28', '', 0, 5, '-', '-', 'METOCLOPRAMIDE HCl', '5mg/ml', 'box', '-', '-', '-', '-', '-'),
('BRG1638505370', 'METOCLOPRAMIDE INJ (GAVISTAL)', 6, 2, 5, 0, 1, '2022-01-12 11:14:00', '2022-01-12 11:14:00', 'null', 0, 0, '-', '-', 'null', 'null', 'null', '-', '-', '-', '-', '-'),
('BRG1638505371', 'METRONIDAZOLE 13 100ML', 6, 13, 5, 0, 1, '2022-01-13 11:14:00', '2022-01-13 11:14:00', 'PAB1638500257', 8, 3, '-', '-', 'METRONIDAZOLE', '500mg/100ml', 'box', '-', '-', '-', '-', '-'),
('BRG1638505372', 'NEUROBION 5000 INJ', 8, 2, 1, 12150, 1, '2022-01-14 11:14:00', '2022-03-31 18:17:22', 'PAB1638501021', 0, 10, '-', '-', 'B1, B6', '100mg', 'box', '-', '-', '-', '-', '-'),
('BRG1638505373', 'NICARDIPINE INJ', 8, 2, 1, 243100, 1, '2022-01-15 11:14:00', '2022-03-31 18:18:05', 'PAB1638500557', 0, 3, '-', '-', 'NICARDIPINE HCl', '1mg/ml', 'box', '-', '-', '-', '-', '-'),
('BRG1638505374', 'PHYTOMENADION INJ', 8, 2, 1, 10725, 1, '2022-01-16 11:14:00', '2022-03-31 18:19:25', 'PAB1638500215', 0, 3, '-', '-', 'PHYTOMENADIONE', '2mg/ml', 'box', '-', '-', '-', '-', '-'),
('BRG1638505376', 'PIRACETAM INJ', 8, 2, 1, 45050, 1, '2022-01-18 11:14:00', '2022-03-31 18:20:06', 'PAB1638500623', 0, 5, '-', '-', 'PIRACETAM', '200mg/ml', 'box', '-', '-', '-', '-', '-'),
('BRG1638505377', 'PLASMINEX INJ', 6, 2, 5, 0, 1, '2022-01-19 11:14:00', '2022-01-19 11:14:00', 'PAB1638500243', 9, 5, '-', '-', 'ASAM TRANEXAMAT', '100mg/ml', 'box', '-', '-', '-', '-', '-'),
('BRG1638505378', 'PROSOGAN INJ (LANSOPRAZOLE 30MG)', 6, 2, 5, 0, 1, '2022-01-20 11:14:00', '2022-01-20 11:14:00', 'null', 0, 0, '-', '-', 'null', 'null', 'null', '-', '-', '-', '-', '-'),
('BRG1638505379', 'PUMPITOR INJ', 8, 1, 1, 225225, 1, '2022-01-21 11:14:00', '2022-03-31 18:32:01', 'PAB1638500243', 0, 5, '-', '-', 'OMEPRAZOLE SODIUM', '40mg', 'box', '-', '-', '-', '-', '-'),
('BRG1638505380', 'RANITIDINE INJ', 8, 2, 1, 27000, 1, '2022-01-22 11:14:00', '2022-03-31 18:25:42', 'PAB1638500215', 0, 5, '-', '-', 'RANITIDINE HCl', '25mg/ml', 'box', '-', '-', '-', '-', '-'),
('BRG1638505381', 'RANITIDINE INJ (QUANTUM)', 8, 2, 1, 27000, 1, '2022-01-23 11:14:00', '2022-03-31 18:26:17', 'PAB1638500257', 0, 5, '-', '-', 'RANITIDINE HCl', '25mg/ml', 'box', '-', '-', '-', '-', '-'),
('BRG1638505383', 'SAGESTAM INJ', 8, 2, 1, 12000, 1, '2022-01-25 11:14:00', '2022-03-31 18:28:50', 'PAB1638500243', 0, 5, '-', '-', 'GENTAMICIN SULFAT', '40mg/ml', 'box', '-', '-', '-', '-', '-'),
('BRG1638505384', 'PAB1638500243 HEST INJ', 6, 2, 5, 0, 1, '2022-01-26 11:14:00', '2022-01-26 11:14:00', 'PAB1638500243', 9, 0, '-', '-', 'null', 'null', 'null', '-', '-', '-', '-', '-'),
('BRG1638505385', 'SANMOL 13', 6, 13, 5, 0, 1, '2022-01-27 11:14:00', '2022-01-27 11:14:00', 'PAB1638500243', 9, 5, '-', '-', 'PARACETAMOL', '1000mg', 'box', '-', '-', '-', '-', '-'),
('BRG1638505387', 'VENTOLIN NEBULE', 8, 2, 1, 15600, 1, '2022-01-29 11:14:00', '2022-03-31 18:35:36', 'PAB1638501029', 0, 5, '-', '-', 'SALBUTAMOL', '2,5mg', 'box', '-', '-', '-', '-', '-'),
('BRG1638505388', 'ANTRAIN INJ', 8, 2, 1, 13650, 1, '2022-01-30 11:14:00', '2022-03-31 17:43:20', 'PAB1638501042', 0, 10, '-', '-', 'METAMIZOLE SODIUM', '500mg/ml', 'box', '-', '-', '-', '-', '-'),
('BRG1638505389', 'BROADCED 1GR INJEKSI', 8, 13, 1, 287000, 1, '2022-01-31 11:14:00', '2022-01-14 11:58:48', 'PAB1638269381', 2, 5, '-', '-', 'CEFTRIAXONE DISODIUM', '1g', 'box', '-', '-', '-', '-', '-'),
('BRG1638505390', 'TETAGAM P', 8, 8, 1, 286000, 1, '2022-02-01 11:14:00', '2022-03-31 18:35:00', '', 0, 3, '-', '-', 'HUMAN TETANUS IM', '1ml (250 IU)', 'box', '-', '-', '-', '-', '-'),
('BRG1638505391', 'ALKOHOL 70% 1 L', 6, 12, 5, 0, 1, '2022-02-02 11:14:00', '2022-02-02 11:14:00', 'null', 0, 0, 'null', '-', 'null', 'null', 'null', '-', '-', '-', '-', '-'),
('BRG1638505392', 'AMINOFLUID', 6, 8, 5, 0, 1, '2022-02-03 11:14:00', '2022-02-03 11:14:00', 'null', 0, 0, 'null', '-', 'null', 'null', 'null', '-', '-', '-', '-', '-'),
('BRG1638505393', 'AQUA 1 L', 6, 8, 5, 0, 1, '2022-02-04 11:14:00', '2022-02-04 11:14:00', 'null', 0, 0, 'null', '-', 'null', 'null', 'null', '-', '-', '-', '-', '-'),
('BRG1638505394', 'AQUABIDEST/AQUA PRO INJ/WFI', 6, 8, 5, 0, 1, '2022-02-05 11:14:00', '2022-02-05 11:14:00', 'null', 0, 0, 'null', '-', 'null', 'null', 'null', '-', '-', '-', '-', '-'),
('BRG1638505395', 'AUTOMATIC X-RAY B 600ML', 6, 8, 5, 0, 1, '2022-02-06 11:14:00', '2022-02-06 11:14:00', 'null', 0, 0, 'null', '-', 'null', 'null', 'null', '-', '-', '-', '-', '-'),
('BRG1638505396', 'FORMALIN 95%', 6, 8, 5, 0, 1, '2022-02-07 11:14:00', '2022-02-07 11:14:00', 'null', 0, 0, 'null', '-', 'null', 'null', 'null', '-', '-', '-', '-', '-'),
('BRG1638505397', 'HYDROGEN PEROXIDA 3%', 6, 12, 5, 0, 1, '2022-02-08 11:14:00', '2022-02-08 11:14:00', 'null', 0, 0, 'null', '-', 'null', 'null', 'null', '-', '-', '-', '-', '-'),
('BRG1638505398', 'NaCl 100 ML', 6, 8, 5, 0, 1, '2022-02-09 11:14:00', '2022-02-09 11:14:00', 'null', 0, 0, 'null', '-', 'null', 'null', 'null', '-', '-', '-', '-', '-'),
('BRG1638505399', 'NaCl 1000 ML', 6, 8, 5, 0, 1, '2022-02-10 11:14:00', '2022-02-10 11:14:00', 'null', 0, 0, 'null', '-', 'null', 'null', 'null', '-', '-', '-', '-', '-'),
('BRG1638505400', 'NaCl 500 ML', 6, 8, 5, 0, 1, '2022-02-11 11:14:00', '2022-02-11 11:14:00', 'null', 0, 0, 'null', '-', 'null', 'null', 'null', '-', '-', '-', '-', '-'),
('BRG1638505401', 'RL', 6, 8, 5, 0, 1, '2022-02-12 11:14:00', '2022-02-12 11:14:00', 'null', 0, 0, 'null', '-', 'null', 'null', 'null', '-', '-', '-', '-', '-'),
('BRG1638505402', 'ULTRASOUND TRANSMISION GEL', 6, 8, 5, 0, 1, '2022-02-13 11:14:00', '2022-02-13 11:14:00', 'null', 0, 0, 'null', '-', 'null', 'null', 'null', '-', '-', '-', '-', '-'),
('BRG1638505403', 'WIDAHES', 6, 8, 5, 0, 1, '2022-02-14 11:14:00', '2022-02-14 11:14:00', 'null', 0, 0, 'null', '-', 'null', 'null', 'null', '-', '-', '-', '-', '-'),
('BRG1638505404', 'OTSUTRAN-40', 6, 8, 5, 0, 1, '2022-02-15 11:14:00', '2022-02-15 11:14:00', 'null', 0, 0, 'null', '-', 'null', 'null', 'null', '-', '-', '-', '-', '-'),
('BRG1638505405', 'ASERING', 6, 8, 5, 0, 1, '2022-02-16 11:14:00', '2022-02-16 11:14:00', 'null', 0, 0, 'null', '-', 'null', 'null', 'null', '-', '-', '-', '-', '-'),
('BRG1638505406', 'OTSU-D5', 6, 8, 5, 0, 1, '2022-02-17 11:14:00', '2022-02-17 11:14:00', 'null', 0, 0, 'null', '-', 'null', 'null', 'null', '-', '-', '-', '-', '-'),
('BRG1641821138', 'SANMOL INFUS', 9, 1, 1, 91780, 1, '2022-01-10 20:25:38', '2022-03-31 18:30:56', 'PAB1638500243', 13, 5, '', '', '', '', '', '', '', '', NULL, ''),
('BRG1641821212', 'Taxegram Injeksi', 8, 13, 1, 214240, 1, '2022-01-10 20:26:52', '2022-01-22 14:46:49', 'PAB1638500243', 2, 5, '', '', '', '', '', '', '', '', NULL, ''),
('BRG1641821297', 'RATIVOL INJ', 8, 1, 1, 54925, 1, '2022-01-10 20:28:17', '2022-03-31 18:32:42', 'PAB1638500243', 13, 5, '', '', '', '', '', '', '', '', NULL, ''),
('BRG1641821514', 'Pumpitor Kapsul', 10, 6, 1, 20312, 1, '2022-01-10 20:31:54', '2022-01-10 20:31:54', 'PAB1638500243', 12, 10, '', '', '', '', '', '', '', '', NULL, ''),
('BRG1641821765', 'Lekomed T Plus 10x25 CM', 7, 15, 2, 43329, 1, '2022-01-10 20:36:05', '2022-01-10 20:36:05', 'PAB1641782486', 10, 5, '', '', '', '', '', '', '', '', NULL, ''),
('BRG1641821837', 'Leukomed T Plus 8X15 CM', 7, 15, 2, 27098, 1, '2022-01-10 20:37:17', '2022-01-10 20:37:17', 'PAB1641782486', 10, 5, '', '', '', '', '', '', '', '', NULL, ''),
('BRG1641821915', 'Polyvac Set 600 CC', 7, 8, 2, 221000, 1, '2022-01-10 20:38:35', '2022-01-10 20:38:35', 'PAB1641782551', 10, 5, '', '', '', '', '', '', '', '', NULL, ''),
('BRG1641822784', 'Leukomed T Plus 10X25 CM', 7, 15, 2, 43329, 1, '2022-01-10 20:53:04', '2022-01-10 20:53:04', 'PAB1641782486', 10, 0, '', '', '', '', '', '', '', '', NULL, ''),
('BRG1641823411', 'Vasofix Cath 18G X 1 1/4\"', 7, 8, 2, 11375, 1, '2022-01-10 21:03:31', '2022-01-10 21:03:31', 'PAB1641821989', 11, 5, '', '', '', '', '', '', '', '', NULL, ''),
('BRG1641823499', 'Vasofix Cath 20G X 1 1/4\"', 7, 8, 2, 11375, 1, '2022-01-10 21:04:59', '2022-01-10 21:04:59', 'PAB1641821989', 11, 5, '', '', '', '', '', '', '', '', NULL, ''),
('BRG1641823567', 'Vasofix Cath 22G X 1 1/4\"', 7, 8, 2, 11375, 1, '2022-01-10 21:06:07', '2022-01-10 21:06:07', 'PAB1641821989', 11, 5, '', '', '', '', '', '', '', '', NULL, ''),
('BRG1641823652', 'Nelaton Catheter Steril No 10', 7, 8, 2, 24700, 1, '2022-01-10 21:07:32', '2022-01-10 21:07:32', 'PAB1641822018', 10, 5, '', '', '', '', '', '', '', '', NULL, ''),
('BRG1641823734', 'Nelaton Catheter Steril No 16', 7, 8, 2, 24700, 1, '2022-01-10 21:08:54', '2022-01-10 21:08:54', 'PAB1641822018', 10, 5, '', '', '', '', '', '', '', '', NULL, ''),
('BRG1641823794', 'Nelaton Catheter Steril No 18', 7, 8, 2, 24700, 1, '2022-01-10 21:09:54', '2022-01-10 21:09:54', 'PAB1641822018', 10, 5, '', '', '', '', '', '', '', '', NULL, ''),
('BRG1641823931', 'Hypafix 5X1M', 7, 7, 2, 215, 1, '2022-01-10 21:12:11', '2022-01-10 21:12:11', 'PAB1641782486', 10, 10, '', '', '', '', '', '', '', '', NULL, ''),
('BRG1641824040', 'Hypafix 15X5M', 7, 7, 2, 2400, 1, '2022-01-10 21:14:00', '2022-01-10 21:14:00', 'PAB1641782486', 10, 10, '', '', '', '', '', '', '', '', NULL, ''),
('BRG1641824144', 'Rectal Tube No 26', 7, 8, 2, 18200, 1, '2022-01-10 21:15:44', '2022-01-10 21:15:44', 'PAB1641822054', 11, 5, '', '', '', '', '', '', '', '', NULL, ''),
('BRG1641824213', 'Rectal Tube No 28', 7, 8, 2, 18200, 1, '2022-01-10 21:16:53', '2022-01-10 21:16:53', 'PAB1641822054', 10, 5, '', '', '', '', '', '', '', '', NULL, ''),
('BRG1641824728', 'Handschoen Non Steril M', 7, 17, 2, 3450, 1, '2022-01-10 21:25:28', '2022-01-22 12:17:00', 'PAB1641822077', 10, 25, '', '', '', '', '', '', '', '', NULL, ''),
('BRG1641824817', 'Handschoen Steril No 7', 7, 8, 2, 35000, 1, '2022-01-10 21:26:57', '2022-01-22 14:39:37', 'PAB1641822132', 10, 5, '', '', '', '', '', '', '', '', NULL, ''),
('BRG1641824881', 'Handschoen Steril No 7,5', 7, 8, 2, 35000, 1, '2022-01-10 21:28:01', '2022-01-10 21:28:01', 'PAB1641822132', 10, 5, '', '', '', '', '', '', '', '', NULL, ''),
('BRG1641825000', 'Spinocan 25G', 7, 8, 2, 44800, 1, '2022-01-10 21:30:00', '2022-01-10 21:30:00', 'PAB1641821989', 10, 5, '', '', '', '', '', '', '', '', NULL, ''),
('BRG1641825056', 'Spinocan 26G', 7, 8, 2, 44800, 1, '2022-01-10 21:30:56', '2022-01-10 21:30:56', 'PAB1641821989', 10, 5, '', '', '', '', '', '', '', '', NULL, ''),
('BRG1641825147', 'Spuit 1CC', 7, 8, 2, 905, 1, '2022-01-10 21:32:27', '2022-01-10 21:32:27', 'PAB1641822165', 10, 5, '', '', '', '', '', '', '', '', NULL, ''),
('BRG1641825220', 'Spuit 3CC', 7, 8, 2, 915, 1, '2022-01-10 21:33:40', '2022-01-22 12:07:04', 'PAB1641822165', 10, 10, '', '', '', '', '', '', '', '', NULL, ''),
('BRG1641825289', 'Spuit 5CC', 7, 8, 2, 1087, 1, '2022-01-10 21:34:49', '2022-01-10 21:34:49', 'PAB1641822165', 10, 10, '', '', '', '', '', '', '', '', NULL, ''),
('BRG1641825355', 'Spuit 10CC', 7, 8, 2, 1305, 1, '2022-01-10 21:35:55', '2022-01-10 21:35:55', 'PAB1641822165', 10, 10, '', '', '', '', '', '', '', '', NULL, ''),
('BRG1641825444', 'Spuit 20CC', 7, 8, 2, 2105, 1, '2022-01-10 21:37:24', '2022-01-10 21:37:24', 'PAB1641822165', 10, 5, '', '', '', '', '', '', '', '', NULL, ''),
('BRG1641825507', 'Spuit 50CC LB T', 7, 8, 2, 4970, 1, '2022-01-10 21:38:27', '2022-01-10 21:38:27', 'PAB1641822165', 10, 5, '', '', '', '', '', '', '', '', NULL, ''),
('BRG1641825609', 'Stomach Tube (NGT) No 12', 7, 8, 2, 47050, 1, '2022-01-10 21:40:09', '2022-01-10 21:40:09', 'PAB1641822192', 10, 5, '', '', '', '', '', '', '', '', NULL, ''),
('BRG1641825677', 'Stomach Tube (NGT) No 14', 7, 8, 2, 47050, 1, '2022-01-10 21:41:17', '2022-01-10 21:41:17', 'PAB1641822192', 10, 5, '', '', '', '', '', '', '', '', NULL, ''),
('BRG1641825733', 'Stomach Tube (NGT) No 16', 7, 8, 2, 47050, 1, '2022-01-10 21:42:13', '2022-01-10 21:42:13', 'PAB1641822192', 10, 5, '', '', '', '', '', '', '', '', NULL, ''),
('BRG1641825795', 'Underpad 60X90', 7, 8, 2, 57400, 1, '2022-01-10 21:43:15', '2022-01-10 21:43:15', 'PAB1641822216', 10, 5, '', '', '', '', '', '', '', '', NULL, ''),
('BRG1641825894', 'Urine Bag Steril T Valve', 7, 8, 2, 8450, 1, '2022-01-10 21:44:54', '2022-01-10 21:44:54', 'PAB1641822240', 10, 5, '', '', '', '', '', '', '', '', NULL, ''),
('BRG1641825963', 'Infus Set Dewasa', 7, 8, 2, 20440, 1, '2022-01-10 21:46:03', '2022-01-10 21:46:03', 'PAB1641822192', 10, 5, '', '', '', '', '', '', '', '', NULL, ''),
('BRG1641826022', 'Blood Adm Set', 7, 8, 2, 42000, 1, '2022-01-10 21:47:02', '2022-01-10 21:47:02', 'PAB1641822192', 10, 5, '', '', '', '', '', '', '', '', NULL, ''),
('BRG1641826097', 'My Jelly 80GR', 7, 16, 2, 42000, 1, '2022-01-10 21:48:17', '2022-01-10 21:48:17', 'PAB1641822266', 10, 5, '', '', '', '', '', '', '', '', NULL, ''),
('BRG1641826367', 'Brilon 3/0', 7, 8, 2, 89320, 1, '2022-01-10 21:52:47', '2022-01-10 21:52:47', 'PAB1641822357', 10, 5, '', '', '', '', '', '', '', '', NULL, ''),
('BRG1641826447', 'Brilon 2/0', 7, 8, 2, 90860, 1, '2022-01-10 21:54:07', '2022-01-10 21:54:07', 'PAB1641822357', 10, 5, '', '', '', '', '', '', '', '', NULL, ''),
('BRG1641826500', 'Silk 3/0', 7, 8, 1, 81650, 1, '2022-01-10 21:55:00', '2022-01-10 21:55:00', 'PAB1641822357', 10, 5, '', '', '', '', '', '', '', '', NULL, ''),
('BRG1641826563', 'Silk 2/0', 7, 8, 2, 84700, 1, '2022-01-10 21:56:03', '2022-01-10 21:56:03', 'PAB1641822357', 10, 5, '', '', '', '', '', '', '', '', NULL, ''),
('BRG1641826671', 'Catgut Chrom 1USP', 7, 8, 2, 138600, 1, '2022-01-10 21:57:51', '2022-01-10 21:57:51', 'PAB1641822357', 10, 5, '', '', '', '', '', '', '', '', NULL, ''),
('BRG1641826738', 'Ecosorb 3/0', 7, 8, 2, 131000, 1, '2022-01-10 21:58:58', '2022-03-31 18:55:42', 'PAB1641822357', 10, 5, '', '', '', '', '', '', '', '', NULL, ''),
('BRG1641826797', 'Ecosorb 1', 7, 8, 2, 138600, 1, '2022-01-10 21:59:57', '2022-03-31 18:56:45', 'PAB1641822357', 11, 5, '', '', '', '', '', '', '', '', NULL, ''),
('BRG1641826877', 'Vigimesh 6 x 11 CM', 7, 8, 2, 465000, 1, '2022-01-10 22:01:17', '2022-01-10 22:01:17', 'PAB1641822357', 10, 5, '', '', '', '', '', '', '', '', NULL, ''),
('BRG1642135928', 'Onoiwa MX', 5, 8, 1, 85800, 1, '2022-01-14 11:52:08', '2022-01-14 11:52:08', 'PAB1642135719', 5, 25, '', '', '', '', '', '', '', '', NULL, ''),
('BRG1642136012', 'Onoiwa Capsule', 10, 6, 1, 8600, 1, '2022-01-14 11:53:32', '2022-01-14 11:53:32', 'PAB1642135719', 5, 25, '', '', '', '', '', '', '', '', NULL, ''),
('BRG1642827506', 'FOLLEY CATHETER 2 WAY NO 14', 7, 8, 2, 10735, 1, '2022-01-22 11:58:26', '2022-01-22 11:58:26', 'PAB1641822077', 11, 5, '', '', '', '', '', '', '', '', NULL, ''),
('BRG1642827565', 'FOLLEY CATHETER 2 WAY NO 16', 7, 8, 2, 10735, 1, '2022-01-22 11:59:25', '2022-01-22 11:59:25', 'PAB1641822077', 11, 5, '', '', '', '', '', '', '', '', NULL, ''),
('BRG1642827622', 'FOLLEY CATHETER 2 WAY NO 18', 7, 8, 2, 10735, 1, '2022-01-22 12:00:22', '2022-01-22 12:00:22', 'PAB1641822077', 11, 5, '', '', '', '', '', '', '', '', NULL, ''),
('BRG1642827785', 'SPUIT 1 CC TUBERCULIN', 7, 8, 2, 845, 1, '2022-01-22 12:03:05', '2022-01-22 12:03:05', 'PAB1641822165', 10, 10, '', '', '', '', '', '', '', '', NULL, ''),
('BRG1642828237', 'SUCTION CATHETER NO 12', 7, 8, 2, 4350, 1, '2022-01-22 12:10:37', '2022-01-22 12:10:37', 'PAB1642828160', 11, 5, '', '', '', '', '', '', '', '', NULL, ''),
('BRG1642828408', 'QUINCKE SPINAL NEEDLE 27G', 7, 8, 2, 34500, 1, '2022-01-22 12:13:28', '2022-01-22 12:13:28', 'PAB1642828294', 11, 0, '', '', '', '', '', '', '', '', NULL, ''),
('BRG1642828698', 'Handschoen Non Steril S', 7, 17, 2, 3450, 1, '2022-01-22 12:18:18', '2022-01-22 12:18:18', 'PAB1641822077', 10, 25, '', '', '', '', '', '', '', '', NULL, ''),
('BRG1648722513', 'LIDOCAIN HCl 2% INJ', 8, 2, 1, 60320, 1, '2022-03-31 17:28:33', '2022-03-31 17:28:33', '', 0, 0, '', '', '', '', '', '', '', '', NULL, ''),
('BRG1648723085', 'PROPOFOL/SAFOL', 8, 2, 1, 475150, 1, '2022-03-31 17:38:05', '2022-03-31 17:38:05', '', 14, 0, '', '', '', '', '', '', '', '', NULL, ''),
('BRG1648723146', 'REGIVELL SPINAL 0.5% INJ', 8, 2, 1, 109200, 1, '2022-03-31 17:39:06', '2022-03-31 17:39:06', '', 14, 0, '', '', '', '', '', '', '', '', NULL, ''),
('BRG1648723208', 'SEVOFLURANE/HALOTHAN', 8, 2, 1, 1573000, 1, '2022-03-31 17:40:08', '2022-03-31 17:40:08', '', 14, 0, '', '', '', '', '', '', '', '', NULL, ''),
('BRG1648723271', 'BUPIVACAIN HCL INJ', 8, 2, 1, 11050, 1, '2022-03-31 17:41:11', '2022-03-31 17:41:11', '', 14, 0, '', '', '', '', '', '', '', '', NULL, ''),
('BRG1648723446', 'ASAM ACSORBAT INJ', 8, 2, 1, 51350, 1, '2022-03-31 17:44:06', '2022-03-31 17:44:06', '', 0, 0, '', '', '', '', '', '', '', '', NULL, ''),
('BRG1648723510', 'BROADCED 1 INJ (CEFTRIAXON)', 8, 2, 1, 293150, 1, '2022-03-31 17:45:10', '2022-03-31 17:45:10', '', 0, 0, '', '', '', '', '', '', '', '', NULL, ''),
('BRG1648724982', 'INDOP INJ (DOPAMINE)', 8, 2, 1, 42900, 1, '2022-03-31 18:09:42', '2022-03-31 18:09:42', '', 0, 0, '', '', '', '', '', '', '', '', NULL, ''),
('BRG1648725032', 'KETAMINE HCl INJ', 8, 2, 1, 443150, 1, '2022-03-31 18:10:32', '2022-03-31 18:10:32', '', 0, 0, '', '', '', '', '', '', '', '', NULL, ''),
('BRG1648725403', 'METRONIDAZOLE INFUS 100ML', 8, 2, 1, 124600, 1, '2022-03-31 18:16:43', '2022-03-31 18:16:43', '', 0, 15, '', '', '', '', '', '', '', '', NULL, ''),
('BRG1648725689', 'PLASMINEX INJ (AS. TRANEXAMAT)', 8, 2, 1, 15350, 1, '2022-03-31 18:21:29', '2022-03-31 18:21:29', '', 0, 15, '', '', '', '', '', '', '', '', NULL, ''),
('BRG1648726186', 'SANBE HEST INJ', 8, 2, 1, 223875, 1, '2022-03-31 18:29:46', '2022-03-31 18:29:46', 'PAB1638500243', 0, 0, '', '', '', '', '', '', '', '', NULL, ''),
('BRG1648726436', 'TAXEGRAM 1 INJ', 8, 1, 1, 214250, 1, '2022-03-31 18:33:56', '2022-03-31 18:33:56', '', 0, 0, '', '', '', '', '', '', '', '', NULL, ''),
('BRG1648726609', 'ALKOHOL 70% 1 L', 9, 1, 2, 51200, 1, '2022-03-31 18:36:49', '2022-03-31 18:36:49', '', 0, 0, '', '', '', '', '', '', '', '', NULL, ''),
('CKTFA', 'KALTROFEN 100 MG SUPPO/2x5', NULL, NULL, NULL, 16900, 1, '0000-00-00 00:00:00', '0000-00-00 00:00:00', ' NULL ', NULL, 5, NULL, NULL, NULL, NULL, NULL, NULL, NULL, NULL, NULL, NULL),
('CNGAA', 'NEO GYNOXA OVULA / 2 x 5', NULL, NULL, NULL, 19500, 1, '0000-00-00 00:00:00', '0000-00-00 00:00:00', ' NULL ', NULL, 5, NULL, NULL, NULL, NULL, NULL, NULL, NULL, NULL, NULL, NULL),
('COVIVR', 'COVIVOR', NULL, NULL, NULL, 780000, 1, '0000-00-00 00:00:00', '0000-00-00 00:00:00', ' NULL ', NULL, 5, NULL, NULL, NULL, NULL, NULL, NULL, NULL, NULL, NULL, NULL),
('CVNMA', 'VENOSMIL GEL / 60 G', NULL, NULL, NULL, 221000, 1, '0000-00-00 00:00:00', '0000-00-00 00:00:00', ' NULL ', NULL, 5, NULL, NULL, NULL, NULL, NULL, NULL, NULL, NULL, NULL, NULL),
('DCEFA', 'CEFSPAN DRY SYRUP/30 ML', 1, 1, 1, 130000, 1, '0000-00-00 00:00:00', '2021-12-15 08:09:00', 'PAB1638269381', 6, 5, '', '', '', '', '', '', '', '', NULL, ''),
('DCOXA', 'CLAVAMOX DRY SYRUP/60ML', NULL, NULL, NULL, 97500, 1, '0000-00-00 00:00:00', '0000-00-00 00:00:00', ' NULL ', NULL, 5, NULL, NULL, NULL, NULL, NULL, NULL, NULL, NULL, NULL, NULL),
('de_barang', 'nama_barang', 0, 0, 0, 0, 0, '0000-00-00 00:00:00', '0000-00-00 00:00:00', 'pabrik', 0, 0, 'deskripsi', 'indikasi', 'kandungan', 'dosis', 'kemasan', 'efek_samping', 'zat_aktif', 'etiket', 'foto_barang', 'barcode'),
('DSTRA', 'STAFORIN 250 MG DRY SYRUP/60ML', NULL, NULL, NULL, 97500, 1, '0000-00-00 00:00:00', '0000-00-00 00:00:00', ' NULL ', NULL, 5, NULL, NULL, NULL, NULL, NULL, NULL, NULL, NULL, NULL, NULL),
('DSTRB', 'STAFORIN 125 MG/5 ML DS /60 ML', NULL, NULL, NULL, 65000, 1, '0000-00-00 00:00:00', '0000-00-00 00:00:00', ' NULL ', NULL, 5, NULL, NULL, NULL, NULL, NULL, NULL, NULL, NULL, NULL, NULL),
('DVLPI', 'DIVALPI', NULL, NULL, NULL, 728000, 1, '0000-00-00 00:00:00', '0000-00-00 00:00:00', ' NULL ', NULL, 5, NULL, NULL, NULL, NULL, NULL, NULL, NULL, NULL, NULL, NULL),
('DVTIA', 'VESTEIN DRY SYRUP / 60 ML', NULL, NULL, NULL, 52000, 1, '0000-00-00 00:00:00', '0000-00-00 00:00:00', ' NULL ', NULL, 5, NULL, NULL, NULL, NULL, NULL, NULL, NULL, NULL, NULL, NULL),
('FLVIR', 'FLUVIR 1 x 10tab', NULL, NULL, NULL, 16900, 1, '0000-00-00 00:00:00', '0000-00-00 00:00:00', ' NULL ', NULL, 5, NULL, NULL, NULL, NULL, NULL, NULL, NULL, NULL, NULL, NULL),
('FVLOW10', 'FAVILOW tab 10x10', NULL, NULL, NULL, 20800, 1, '0000-00-00 00:00:00', '0000-00-00 00:00:00', ' NULL ', NULL, 5, NULL, NULL, NULL, NULL, NULL, NULL, NULL, NULL, NULL, NULL),
('GBATA', 'BRAINACT 1000 MG SACHET / 5', NULL, NULL, NULL, 32500, 1, '0000-00-00 00:00:00', '0000-00-00 00:00:00', ' NULL ', NULL, 5, NULL, NULL, NULL, NULL, NULL, NULL, NULL, NULL, NULL, NULL),
('GLRCA', 'LIPROLAC VANILLA POWDER / 30', NULL, NULL, NULL, 8667, 1, '0000-00-00 00:00:00', '0000-00-00 00:00:00', ' NULL ', NULL, 5, NULL, NULL, NULL, NULL, NULL, NULL, NULL, NULL, NULL, NULL),
('GTRTA', 'TROLIT SACHET 4 G / 6', NULL, NULL, NULL, 14083, 1, '0000-00-00 00:00:00', '0000-00-00 00:00:00', ' NULL ', NULL, 5, NULL, NULL, NULL, NULL, NULL, NULL, NULL, NULL, NULL, NULL),
('IBATB', 'BRAINACT 250 MG/2 ML INJ/5\'S', NULL, NULL, NULL, 55900, 1, '0000-00-00 00:00:00', '0000-00-00 00:00:00', ' NULL ', NULL, 5, NULL, NULL, NULL, NULL, NULL, NULL, NULL, NULL, NULL, NULL),
('IBATC', 'BRAINACT 500 MG/4 ML INJ AMP/5', NULL, NULL, NULL, 91000, 1, '0000-00-00 00:00:00', '0000-00-00 00:00:00', ' NULL ', NULL, 5, NULL, NULL, NULL, NULL, NULL, NULL, NULL, NULL, NULL, NULL),
('IBATD', 'BRAINACT 1000MG/8 ML INJ AMP/5', NULL, NULL, NULL, 140400, 1, '0000-00-00 00:00:00', '0000-00-00 00:00:00', ' NULL ', NULL, 5, NULL, NULL, NULL, NULL, NULL, NULL, NULL, NULL, NULL, NULL),
('ICFZE', 'CEFAZOL 1 GR INJ+AQUA PI/1', NULL, NULL, NULL, 169000, 1, '0000-00-00 00:00:00', '0000-00-00 00:00:00', ' NULL ', NULL, 5, NULL, NULL, NULL, NULL, NULL, NULL, NULL, NULL, NULL, NULL),
('IFLTB', 'FLUTIAS 125 MCG INHALER / 1', NULL, NULL, NULL, 182000, 1, '0000-00-00 00:00:00', '0000-00-00 00:00:00', ' NULL ', NULL, 5, NULL, NULL, NULL, NULL, NULL, NULL, NULL, NULL, NULL, NULL),
('IHXLA', 'HEXILON INJEKSI 125 MG 2ML/1', NULL, NULL, NULL, 130000, 1, '0000-00-00 00:00:00', '0000-00-00 00:00:00', ' NULL ', NULL, 5, NULL, NULL, NULL, NULL, NULL, NULL, NULL, NULL, NULL, NULL),
('IMIKA', 'MIKASIN 250 MG/2 ML INJ VL/1', NULL, NULL, NULL, 130000, 1, '0000-00-00 00:00:00', '0000-00-00 00:00:00', ' NULL ', NULL, 5, NULL, NULL, NULL, NULL, NULL, NULL, NULL, NULL, NULL, NULL),
('IMIKB', 'MIKASIN 500 MG/2 ML INJ VL/1', NULL, NULL, NULL, 230100, 1, '0000-00-00 00:00:00', '0000-00-00 00:00:00', ' NULL ', NULL, 5, NULL, NULL, NULL, NULL, NULL, NULL, NULL, NULL, NULL, NULL),
('IMRFA', 'MEROFEN 500 MG IV VIAL / 1', NULL, NULL, NULL, 351000, 1, '0000-00-00 00:00:00', '0000-00-00 00:00:00', ' NULL ', NULL, 5, NULL, NULL, NULL, NULL, NULL, NULL, NULL, NULL, NULL, NULL),
('IMRFC', 'MEROFEN 1000 MG IV VIAL / 1', NULL, NULL, NULL, 663000, 1, '0000-00-00 00:00:00', '0000-00-00 00:00:00', ' NULL ', NULL, 5, NULL, NULL, NULL, NULL, NULL, NULL, NULL, NULL, NULL, NULL),
('INRTB', 'NEUROTAM 3 GR INJ AMP / 4', NULL, NULL, NULL, 71500, 1, '0000-00-00 00:00:00', '0000-00-00 00:00:00', ' NULL ', NULL, 5, NULL, NULL, NULL, NULL, NULL, NULL, NULL, NULL, NULL, NULL),
('INRTC', 'NEUROTAM INFUS 60 ML VIAL / 1', NULL, NULL, NULL, 273000, 1, '0000-00-00 00:00:00', '0000-00-00 00:00:00', ' NULL ', NULL, 5, NULL, NULL, NULL, NULL, NULL, NULL, NULL, NULL, NULL, NULL),
('IOTBD', 'OCTALBIN 20% 100 ML INFUS/1', NULL, NULL, NULL, 1950000, 1, '0000-00-00 00:00:00', '0000-00-00 00:00:00', ' NULL ', NULL, 5, NULL, NULL, NULL, NULL, NULL, NULL, NULL, NULL, NULL, NULL),
('IOTBE', 'OCTALBIN 25% 50 ML INFUS/1', NULL, NULL, NULL, 1274000, 1, '0000-00-00 00:00:00', '0000-00-00 00:00:00', ' NULL ', NULL, 5, NULL, NULL, NULL, NULL, NULL, NULL, NULL, NULL, NULL, NULL),
('IOTBF', 'OCTALBIN 25% 100 ML INFUS/1', NULL, NULL, NULL, 2535000, 1, '0000-00-00 00:00:00', '0000-00-00 00:00:00', ' NULL ', NULL, 5, NULL, NULL, NULL, NULL, NULL, NULL, NULL, NULL, NULL, NULL),
('ITRSB', 'TORASIC 30 MG INJ AMP 1 ML/1x6', NULL, NULL, NULL, 46583, 1, '0000-00-00 00:00:00', '0000-00-00 00:00:00', ' NULL ', NULL, 5, NULL, NULL, NULL, NULL, NULL, NULL, NULL, NULL, NULL, NULL),
('IVDNA', 'VITADION 2 MG INJ AMP 1 ML/5', NULL, NULL, NULL, 15600, 1, '0000-00-00 00:00:00', '0000-00-00 00:00:00', ' NULL ', NULL, 5, NULL, NULL, NULL, NULL, NULL, NULL, NULL, NULL, NULL, NULL),
('IVPMA', 'VIPIME 1 G+AQUA PI AMP 10ML/1', NULL, NULL, NULL, 390000, 1, '0000-00-00 00:00:00', '0000-00-00 00:00:00', ' NULL ', NULL, 5, NULL, NULL, NULL, NULL, NULL, NULL, NULL, NULL, NULL, NULL),
('KCEFB', 'CEFSPAN 100MG KAPSUL/3X10', 4, 9, 1, 32890, 1, '0000-00-00 00:00:00', '2022-01-14 11:55:15', 'PAB1638269381', 2, 5, '', '', '', '', '', '', '', '', NULL, ''),
('KFCHB', 'FUCOHELIX 100 MG KAPSUL/2X10', NULL, NULL, NULL, 14950, 1, '0000-00-00 00:00:00', '0000-00-00 00:00:00', ' NULL ', NULL, 5, NULL, NULL, NULL, NULL, NULL, NULL, NULL, NULL, NULL, NULL),
('KFCLB', 'FLUCORAL 150 MG KAPSUL/1 X 10', NULL, NULL, NULL, 91000, 1, '0000-00-00 00:00:00', '0000-00-00 00:00:00', ' NULL ', NULL, 5, NULL, NULL, NULL, NULL, NULL, NULL, NULL, NULL, NULL, NULL),
('KFNRA', 'FORNEURO 5 X 6 KAPSUL', NULL, NULL, NULL, 7367, 1, '0000-00-00 00:00:00', '0000-00-00 00:00:00', ' NULL ', NULL, 5, NULL, NULL, NULL, NULL, NULL, NULL, NULL, NULL, NULL, NULL),
('KGSDA', 'GLISODIN KAPSUL / 30', NULL, NULL, NULL, 8017, 1, '0000-00-00 00:00:00', '0000-00-00 00:00:00', ' NULL ', NULL, 5, NULL, NULL, NULL, NULL, NULL, NULL, NULL, NULL, NULL, NULL),
('KHPXB', 'HEPAMAX KAPSUL / 3X10', NULL, NULL, NULL, 11917, 1, '0000-00-00 00:00:00', '0000-00-00 00:00:00', ' NULL ', NULL, 5, NULL, NULL, NULL, NULL, NULL, NULL, NULL, NULL, NULL, NULL),
('KKMCK', 'KALMECO 500 MCG KAPSUL/10X10', NULL, NULL, NULL, 3640, 1, '0000-00-00 00:00:00', '0000-00-00 00:00:00', ' NULL ', NULL, 5, NULL, NULL, NULL, NULL, NULL, NULL, NULL, NULL, NULL, NULL),
('KKNXE', 'KALNEX 250MG KAPSUL/10X10', NULL, NULL, NULL, 2535, 1, '0000-00-00 00:00:00', '0000-00-00 00:00:00', ' NULL ', NULL, 5, NULL, NULL, NULL, NULL, NULL, NULL, NULL, NULL, NULL, NULL),
('KKXTA', 'KALXETIN 20 MG 30 KAPSUL', NULL, NULL, NULL, 8667, 1, '0000-00-00 00:00:00', '0000-00-00 00:00:00', ' NULL ', NULL, 5, NULL, NULL, NULL, NULL, NULL, NULL, NULL, NULL, NULL, NULL),
('KKXTB', 'KALXETIN 10 MG 30 KAPSUL', NULL, NULL, NULL, 5200, 1, '0000-00-00 00:00:00', '0000-00-00 00:00:00', ' NULL ', NULL, 5, NULL, NULL, NULL, NULL, NULL, NULL, NULL, NULL, NULL, NULL),
('KLCDA', 'LANCID 30 MG KAPSUL / 2X10', NULL, NULL, NULL, 19500, 1, '0000-00-00 00:00:00', '0000-00-00 00:00:00', ' NULL ', NULL, 5, NULL, NULL, NULL, NULL, NULL, NULL, NULL, NULL, NULL, NULL),
('KNPTA', 'NEPATIC 300 MG KAPSUL /5X10', NULL, NULL, NULL, 12740, 1, '0000-00-00 00:00:00', '0000-00-00 00:00:00', ' NULL ', NULL, 5, NULL, NULL, NULL, NULL, NULL, NULL, NULL, NULL, NULL, NULL),
('KOFDA', 'OSFIT DHA KAPSUL / 3 x 10', NULL, NULL, NULL, 5850, 1, '0000-00-00 00:00:00', '0000-00-00 00:00:00', ' NULL ', NULL, 5, NULL, NULL, NULL, NULL, NULL, NULL, NULL, NULL, NULL, NULL),
('KPVLA', 'PROVELYN 75 MG KAPSUL / 14\'S', NULL, NULL, NULL, 13492, 1, '0000-00-00 00:00:00', '0000-00-00 00:00:00', ' NULL ', NULL, 5, NULL, NULL, NULL, NULL, NULL, NULL, NULL, NULL, NULL, NULL),
('KPVLB', 'PROVELYN 150 MG KAPSUL / 14\'S', NULL, NULL, NULL, 20893, 1, '0000-00-00 00:00:00', '0000-00-00 00:00:00', ' NULL ', NULL, 5, NULL, NULL, NULL, NULL, NULL, NULL, NULL, NULL, NULL, NULL),
('KSBOB', 'SYNBIO KAPSUL / 3X10', NULL, NULL, NULL, 5850, 1, '0000-00-00 00:00:00', '0000-00-00 00:00:00', ' NULL ', NULL, 5, NULL, NULL, NULL, NULL, NULL, NULL, NULL, NULL, NULL, NULL),
('KSTRK', 'STAFORIN 500 MG KAPSUL/3X10', NULL, NULL, NULL, 12783, 1, '0000-00-00 00:00:00', '0000-00-00 00:00:00', ' NULL ', NULL, 5, NULL, NULL, NULL, NULL, NULL, NULL, NULL, NULL, NULL, NULL),
('KUDHA', 'URDAHEX KAPSUL / 3X10', NULL, NULL, NULL, 12567, 1, '0000-00-00 00:00:00', '0000-00-00 00:00:00', ' NULL ', NULL, 5, NULL, NULL, NULL, NULL, NULL, NULL, NULL, NULL, NULL, NULL),
('KVNMB', 'VENOSMIL KAPSUL / 2X10', NULL, NULL, NULL, 13000, 1, '0000-00-00 00:00:00', '0000-00-00 00:00:00', ' NULL ', NULL, 5, NULL, NULL, NULL, NULL, NULL, NULL, NULL, NULL, NULL, NULL),
('KVTIA', 'VESTEIN 300 MG KAPSUL / 2X10', NULL, NULL, NULL, 5980, 1, '0000-00-00 00:00:00', '0000-00-00 00:00:00', ' NULL ', NULL, 5, NULL, NULL, NULL, NULL, NULL, NULL, NULL, NULL, NULL, NULL),
('LBENA', 'BENACOL EXPECTORANT SYR/60ML', 1, 1, 1, 13200, 1, '0000-00-00 00:00:00', '2021-12-15 08:06:14', 'PAB1638269381', 6, 5, '', '', '', '', '', '', '', '', NULL, ''),
('LBENB', 'BENACOL EXPECTORANT SYR/100ML', 1, 1, 1, 17600, 1, '0000-00-00 00:00:00', '2021-12-15 08:05:05', 'PAB1638269381', 6, 5, '', '', '', '', '', '', '', '', NULL, ''),
('LBNDA', 'BENACOL DTM SYRUP / 60 ML', 1, 1, 1, 15900, 1, '0000-00-00 00:00:00', '2021-12-15 08:00:55', 'PAB1638269381', 6, 5, '', '', '', '', '', '', '', '', NULL, ''),
('LCTNA', 'CETINAL SYRUP / 60 ML', NULL, NULL, NULL, 78000, 1, '0000-00-00 00:00:00', '0000-00-00 00:00:00', ' NULL ', NULL, 5, NULL, NULL, NULL, NULL, NULL, NULL, NULL, NULL, NULL, NULL),
('LENSA', 'ENYSTIN DROPS / 12 ML', NULL, NULL, NULL, 46800, 1, '0000-00-00 00:00:00', '0000-00-00 00:00:00', ' NULL ', NULL, 5, NULL, NULL, NULL, NULL, NULL, NULL, NULL, NULL, NULL, NULL),
('LFCHA', 'FUCOHELIX SYRUP / 90 ML', NULL, NULL, NULL, 117000, 1, '0000-00-00 00:00:00', '0000-00-00 00:00:00', ' NULL ', NULL, 5, NULL, NULL, NULL, NULL, NULL, NULL, NULL, NULL, NULL, NULL),
('LLKMA', 'LIKURMIN SYRUP / 100 ML', NULL, NULL, NULL, 58500, 1, '0000-00-00 00:00:00', '0000-00-00 00:00:00', ' NULL ', NULL, 5, NULL, NULL, NULL, NULL, NULL, NULL, NULL, NULL, NULL, NULL),
('LNCBA', 'NECIBLOK SUSPENSI / 200 ML', NULL, NULL, NULL, 114400, 1, '0000-00-00 00:00:00', '0000-00-00 00:00:00', ' NULL ', NULL, 5, NULL, NULL, NULL, NULL, NULL, NULL, NULL, NULL, NULL, NULL),
('LNCBB', 'NECIBLOK SUSPENSI / 100 ML', NULL, NULL, NULL, 71500, 1, '0000-00-00 00:00:00', '0000-00-00 00:00:00', ' NULL ', NULL, 5, NULL, NULL, NULL, NULL, NULL, NULL, NULL, NULL, NULL, NULL),
('LNRTA', 'NEUROTAM SYRUP / 100 ML', NULL, NULL, NULL, 78000, 1, '0000-00-00 00:00:00', '0000-00-00 00:00:00', ' NULL ', NULL, 5, NULL, NULL, NULL, NULL, NULL, NULL, NULL, NULL, NULL, NULL),
('LNZ100', 'LANZOX 100 IU', NULL, NULL, NULL, 3744000, 1, '0000-00-00 00:00:00', '0000-00-00 00:00:00', ' NULL ', NULL, 5, NULL, NULL, NULL, NULL, NULL, NULL, NULL, NULL, NULL, NULL),
('LNZ50', 'LANZOX 50 IU', NULL, NULL, NULL, 2314000, 1, '0000-00-00 00:00:00', '0000-00-00 00:00:00', ' NULL ', NULL, 5, NULL, NULL, NULL, NULL, NULL, NULL, NULL, NULL, NULL, NULL),
('LPCRLCBD', 'LIPROLAC BABY DROP', NULL, NULL, NULL, 260000, 1, '0000-00-00 00:00:00', '0000-00-00 00:00:00', ' NULL ', NULL, 5, NULL, NULL, NULL, NULL, NULL, NULL, NULL, NULL, NULL, NULL),
('LPFLA', 'PROFILAS SYRUP / 60ML', NULL, NULL, NULL, 91000, 1, '0000-00-00 00:00:00', '0000-00-00 00:00:00', ' NULL ', NULL, 5, NULL, NULL, NULL, NULL, NULL, NULL, NULL, NULL, NULL, NULL),
('LSTMB', 'STARMUNO KIDS SYRUP / 60 ML', NULL, NULL, NULL, 91000, 1, '0000-00-00 00:00:00', '0000-00-00 00:00:00', ' NULL ', NULL, 5, NULL, NULL, NULL, NULL, NULL, NULL, NULL, NULL, NULL, NULL),
('LTBRB', 'TRANSBRONCHO 15MG/5MLLIQ/100ML', NULL, NULL, NULL, 26000, 1, '0000-00-00 00:00:00', '0000-00-00 00:00:00', ' NULL ', NULL, 5, NULL, NULL, NULL, NULL, NULL, NULL, NULL, NULL, NULL, NULL),
('LVAPA', 'VALPI 250 MG/5 ML SYRUP / 60 ML', NULL, NULL, NULL, 52000, 1, '0000-00-00 00:00:00', '0000-00-00 00:00:00', ' NULL ', NULL, 5, NULL, NULL, NULL, NULL, NULL, NULL, NULL, NULL, NULL, NULL),
('LVCRA', 'VOMCERAN 4 MG/5 ML SYRUP/60 ML', NULL, NULL, NULL, 97500, 1, '0000-00-00 00:00:00', '0000-00-00 00:00:00', ' NULL ', NULL, 5, NULL, NULL, NULL, NULL, NULL, NULL, NULL, NULL, NULL, NULL),
('LVMTA', 'VOMITAS SYRUP / 60 ML', NULL, NULL, NULL, 58500, 1, '0000-00-00 00:00:00', '0000-00-00 00:00:00', ' NULL ', NULL, 5, NULL, NULL, NULL, NULL, NULL, NULL, NULL, NULL, NULL, NULL),
('PROVC', 'PROVE C inj 5 Ampul', NULL, NULL, NULL, 39000, 1, '0000-00-00 00:00:00', '0000-00-00 00:00:00', ' NULL ', NULL, 5, NULL, NULL, NULL, NULL, NULL, NULL, NULL, NULL, NULL, NULL),
('PROVD', 'PROVE D tab 30 tab', NULL, NULL, NULL, 3250, 1, '0000-00-00 00:00:00', '0000-00-00 00:00:00', ' NULL ', NULL, 5, NULL, NULL, NULL, NULL, NULL, NULL, NULL, NULL, NULL, NULL),
('PROVDDROP', 'PROVE D DROP', NULL, NULL, NULL, 260000, 1, '0000-00-00 00:00:00', '0000-00-00 00:00:00', ' NULL ', NULL, 5, NULL, NULL, NULL, NULL, NULL, NULL, NULL, NULL, NULL, NULL),
('PROVE', 'PROVE C inj 5 Ampul', NULL, NULL, NULL, 0, 1, '0000-00-00 00:00:00', '0000-00-00 00:00:00', ' NULL ', NULL, 5, NULL, NULL, NULL, NULL, NULL, NULL, NULL, NULL, NULL, NULL),
('TAGNA', 'ANGIOTEN TABLET / 3X10', NULL, NULL, NULL, 16250, 1, '0000-00-00 00:00:00', '0000-00-00 00:00:00', ' NULL ', NULL, 5, NULL, NULL, NULL, NULL, NULL, NULL, NULL, NULL, NULL, NULL),
('TBATA', 'BRAINACT 500 MG TAB/3X10', NULL, NULL, NULL, 16250, 1, '0000-00-00 00:00:00', '0000-00-00 00:00:00', ' NULL ', NULL, 5, NULL, NULL, NULL, NULL, NULL, NULL, NULL, NULL, NULL, NULL),
('TBATB', 'BRAINACT 1000 MG TAB/3X10', NULL, NULL, NULL, 26650, 1, '0000-00-00 00:00:00', '0000-00-00 00:00:00', ' NULL ', NULL, 5, NULL, NULL, NULL, NULL, NULL, NULL, NULL, NULL, NULL, NULL),
('TBATC', 'BRAINACT O-DIS TABLET/30\'S', NULL, NULL, NULL, 16683, 1, '0000-00-00 00:00:00', '0000-00-00 00:00:00', ' NULL ', NULL, 5, NULL, NULL, NULL, NULL, NULL, NULL, NULL, NULL, NULL, NULL),
('TBTOA', 'BETA ONE 2.5 MG TABLET / 5X10', NULL, NULL, NULL, 3250, 1, '0000-00-00 00:00:00', '0000-00-00 00:00:00', ' NULL ', NULL, 5, NULL, NULL, NULL, NULL, NULL, NULL, NULL, NULL, NULL, NULL),
('TBTOB', 'BETA ONE 5 MG TABLET / 3X10', NULL, NULL, NULL, 6890, 1, '0000-00-00 00:00:00', '0000-00-00 00:00:00', ' NULL ', NULL, 5, NULL, NULL, NULL, NULL, NULL, NULL, NULL, NULL, NULL, NULL),
('TBTSK', 'BACTESYN 375 MG KAPLET / 3X10', NULL, NULL, NULL, 28167, 1, '0000-00-00 00:00:00', '0000-00-00 00:00:00', ' NULL ', NULL, 5, NULL, NULL, NULL, NULL, NULL, NULL, NULL, NULL, NULL, NULL),
('TCEFE', 'CEFSPAN 200 MG TABLET / 1x10', NULL, NULL, NULL, 47450, 1, '0000-00-00 00:00:00', '0000-00-00 00:00:00', ' NULL ', NULL, 5, NULL, NULL, NULL, NULL, NULL, NULL, NULL, NULL, NULL, NULL),
('TCLTA', 'CHOLESTAT 10 MG TABLET/3X10', NULL, NULL, NULL, 6240, 1, '0000-00-00 00:00:00', '0000-00-00 00:00:00', ' NULL ', NULL, 5, NULL, NULL, NULL, NULL, NULL, NULL, NULL, NULL, NULL, NULL),
('TCLTE', 'CHOLESTAT 20 MG TABLET/3X10', NULL, NULL, NULL, 10833, 1, '0000-00-00 00:00:00', '0000-00-00 00:00:00', ' NULL ', NULL, 5, NULL, NULL, NULL, NULL, NULL, NULL, NULL, NULL, NULL, NULL),
('TCOXK', 'CLAVAMOX 500 MG TABLET / 3X10', NULL, NULL, NULL, 16683, 1, '0000-00-00 00:00:00', '0000-00-00 00:00:00', ' NULL ', NULL, 5, NULL, NULL, NULL, NULL, NULL, NULL, NULL, NULL, NULL, NULL),
('TCPGB', 'CPG 75 MG TABLET BLISTER/ 3X10', NULL, NULL, NULL, 22100, 1, '0000-00-00 00:00:00', '0000-00-00 00:00:00', ' NULL ', NULL, 5, NULL, NULL, NULL, NULL, NULL, NULL, NULL, NULL, NULL, NULL),
('TCRQB', 'CAR Q 100 MG KAPLET / 3X10', NULL, NULL, NULL, 14300, 1, '0000-00-00 00:00:00', '0000-00-00 00:00:00', ' NULL ', NULL, 5, NULL, NULL, NULL, NULL, NULL, NULL, NULL, NULL, NULL, NULL),
('TCRVE', 'CRAVIT 250 MG TABLET / 1X10', NULL, NULL, NULL, 35100, 1, '0000-00-00 00:00:00', '0000-00-00 00:00:00', ' NULL ', NULL, 5, NULL, NULL, NULL, NULL, NULL, NULL, NULL, NULL, NULL, NULL),
('TCRVK', 'CRAVIT 500MG TABLET / 1X10', NULL, NULL, NULL, 53950, 1, '0000-00-00 00:00:00', '0000-00-00 00:00:00', ' NULL ', NULL, 5, NULL, NULL, NULL, NULL, NULL, NULL, NULL, NULL, NULL, NULL),
('TCRVN', 'CRAVIT 750 MG FILCO KAPLET/1X10', NULL, NULL, NULL, 60450, 1, '0000-00-00 00:00:00', '0000-00-00 00:00:00', ' NULL ', NULL, 5, NULL, NULL, NULL, NULL, NULL, NULL, NULL, NULL, NULL, NULL),
('TCTNA', 'CETINAL 10 MG CHEW TABLET/3X10', 1, 8, 1, 5333, 1, '0000-00-00 00:00:00', '2021-12-15 08:10:27', 'PAB1638269381', 6, 5, '', '', '', '', '', '', '', '', NULL, ''),
('TCTZA', 'CITAZ 50 MG TABLET/5X10', NULL, NULL, NULL, 5070, 1, '0000-00-00 00:00:00', '0000-00-00 00:00:00', ' NULL ', NULL, 5, NULL, NULL, NULL, NULL, NULL, NULL, NULL, NULL, NULL, NULL),
('TCTZB', 'CITAZ 100 MG TABLET/5X10', NULL, NULL, NULL, 14248, 1, '0000-00-00 00:00:00', '0000-00-00 00:00:00', ' NULL ', NULL, 5, NULL, NULL, NULL, NULL, NULL, NULL, NULL, NULL, NULL, NULL),
('TDVKA', 'DIVASK 5 MG TABLET / 3X10', NULL, NULL, NULL, 8450, 1, '0000-00-00 00:00:00', '0000-00-00 00:00:00', ' NULL ', NULL, 5, NULL, NULL, NULL, NULL, NULL, NULL, NULL, NULL, NULL, NULL),
('TDVKB', 'DIVASK 10 MG TABLET / 3X10', NULL, NULL, NULL, 14300, 1, '0000-00-00 00:00:00', '0000-00-00 00:00:00', ' NULL ', NULL, 5, NULL, NULL, NULL, NULL, NULL, NULL, NULL, NULL, NULL, NULL),
('TENTA', 'EMINETON TABLET/10X10', NULL, NULL, NULL, 2210, 1, '0000-00-00 00:00:00', '0000-00-00 00:00:00', ' NULL ', NULL, 5, NULL, NULL, NULL, NULL, NULL, NULL, NULL, NULL, NULL, NULL),
('TFDSA', 'FORDESIA 5 MG TABLET/3X10', NULL, NULL, NULL, 28516, 1, '0000-00-00 00:00:00', '0000-00-00 00:00:00', ' NULL ', NULL, 5, NULL, NULL, NULL, NULL, NULL, NULL, NULL, NULL, NULL, NULL),
('TFGOA', 'FREGO 5 MG TABLET/5 X 10', NULL, NULL, NULL, 7800, 1, '0000-00-00 00:00:00', '0000-00-00 00:00:00', ' NULL ', NULL, 5, NULL, NULL, NULL, NULL, NULL, NULL, NULL, NULL, NULL, NULL),
('TFGOB', 'FREGO 10 MG TABLET/5 X 10', NULL, NULL, NULL, 9620, 1, '0000-00-00 00:00:00', '0000-00-00 00:00:00', ' NULL ', NULL, 5, NULL, NULL, NULL, NULL, NULL, NULL, NULL, NULL, NULL, NULL),
('TFROE', 'FEROFORT FC TABLET/10 X 10', NULL, NULL, NULL, 2080, 1, '0000-00-00 00:00:00', '0000-00-00 00:00:00', ' NULL ', NULL, 5, NULL, NULL, NULL, NULL, NULL, NULL, NULL, NULL, NULL, NULL),
('TFRSA', 'FORRES 50 MG TABLET/5 X 10', NULL, NULL, NULL, 6500, 1, '0000-00-00 00:00:00', '0000-00-00 00:00:00', ' NULL ', NULL, 5, NULL, NULL, NULL, NULL, NULL, NULL, NULL, NULL, NULL, NULL),
('THXLA', 'HEXILON 4 MG KAPLET/5X10', NULL, NULL, NULL, 3900, 1, '0000-00-00 00:00:00', '0000-00-00 00:00:00', ' NULL ', NULL, 5, NULL, NULL, NULL, NULL, NULL, NULL, NULL, NULL, NULL, NULL),
('THXLB', 'HEXILON 8 MG KAPLET/3X10', NULL, NULL, NULL, 5850, 1, '0000-00-00 00:00:00', '0000-00-00 00:00:00', ' NULL ', NULL, 5, NULL, NULL, NULL, NULL, NULL, NULL, NULL, NULL, NULL, NULL),
('THXLC', 'HEXILON 16 MG KAPLET/3X10', NULL, NULL, NULL, 9317, 1, '0000-00-00 00:00:00', '0000-00-00 00:00:00', ' NULL ', NULL, 5, NULL, NULL, NULL, NULL, NULL, NULL, NULL, NULL, NULL, NULL),
('TIVKA', 'IRVASK 150 MG KAPLET / 3X10', NULL, NULL, NULL, 13000, 1, '0000-00-00 00:00:00', '0000-00-00 00:00:00', ' NULL ', NULL, 5, NULL, NULL, NULL, NULL, NULL, NULL, NULL, NULL, NULL, NULL),
('TIVKB', 'IRVASK 300 MG KAPLET / 3X10', NULL, NULL, NULL, 18200, 1, '0000-00-00 00:00:00', '0000-00-00 00:00:00', ' NULL ', NULL, 5, NULL, NULL, NULL, NULL, NULL, NULL, NULL, NULL, NULL, NULL),
('TIVTA', 'INVITEC 200 MCG TABLET/3x10', NULL, NULL, NULL, 14733, 1, '0000-00-00 00:00:00', '0000-00-00 00:00:00', ' NULL ', NULL, 5, NULL, NULL, NULL, NULL, NULL, NULL, NULL, NULL, NULL, NULL),
('TKMYK', 'KALMOXILIN 500MG KAPLET/10X10', NULL, NULL, NULL, 3380, 1, '0000-00-00 00:00:00', '0000-00-00 00:00:00', ' NULL ', NULL, 5, NULL, NULL, NULL, NULL, NULL, NULL, NULL, NULL, NULL, NULL),
('TKNXK', 'KALNEX 500MG TABLET/10X10', NULL, NULL, NULL, 4355, 1, '0000-00-00 00:00:00', '0000-00-00 00:00:00', ' NULL ', NULL, 5, NULL, NULL, NULL, NULL, NULL, NULL, NULL, NULL, NULL, NULL),
('TKOZA', 'KOMBIGLYZE 28 TAB', NULL, NULL, NULL, 17550, 1, '0000-00-00 00:00:00', '0000-00-00 00:00:00', ' NULL ', NULL, 5, NULL, NULL, NULL, NULL, NULL, NULL, NULL, NULL, NULL, NULL),
('TKTFA', 'KALTROFEN 50 MG TABLET', 4, 9, 1, 2400, 1, '0000-00-00 00:00:00', '2022-01-10 22:09:10', 'PAB1638269381', 13, 5, '', '', '', '', '', '', '', '', NULL, ''),
('TKTFB', 'KALTROFEN 100 MG TABLET', 4, 9, 1, 6450, 1, '0000-00-00 00:00:00', '2022-01-14 11:56:38', 'PAB1638269381', 13, 5, '', '', '', '', '', '', '', '', NULL, ''),
('TLINA', 'LIXIANA 15 MG FILCO TABLET/2X14', NULL, NULL, NULL, 31339, 1, '0000-00-00 00:00:00', '0000-00-00 00:00:00', ' NULL ', NULL, 5, NULL, NULL, NULL, NULL, NULL, NULL, NULL, NULL, NULL, NULL),
('TLINB', 'LIXIANA 30 MG FILCO TABLET/2X14', NULL, NULL, NULL, 31339, 1, '0000-00-00 00:00:00', '0000-00-00 00:00:00', ' NULL ', NULL, 5, NULL, NULL, NULL, NULL, NULL, NULL, NULL, NULL, NULL, NULL),
('TLINC', 'LIXIANA 60 MG FILCO TABLET/2X14', NULL, NULL, NULL, 31339, 1, '0000-00-00 00:00:00', '0000-00-00 00:00:00', ' NULL ', NULL, 5, NULL, NULL, NULL, NULL, NULL, NULL, NULL, NULL, NULL, NULL),
('TLTMA', 'LACTAMOR KAPLET/6X10', NULL, NULL, NULL, 2925, 1, '0000-00-00 00:00:00', '0000-00-00 00:00:00', ' NULL ', NULL, 5, NULL, NULL, NULL, NULL, NULL, NULL, NULL, NULL, NULL, NULL),
('TMTXA', 'METRIX 1 MG TABLET/2 X 15', NULL, NULL, NULL, 3683, 1, '0000-00-00 00:00:00', '0000-00-00 00:00:00', ' NULL ', NULL, 5, NULL, NULL, NULL, NULL, NULL, NULL, NULL, NULL, NULL, NULL);
INSERT INTO `tbl_obat_alkes_bhp` (`kode_barang`, `nama_barang`, `id_kategori_barang`, `id_satuan_barang`, `jenis_barang`, `harga`, `id_klinik`, `dtm_crt`, `dtm_upd`, `kode_pabrik`, `id_golongan_barang`, `minimal_stok`, `deskripsi`, `indikasi`, `kandungan`, `dosis`, `kemasan`, `efek_samping`, `zat_aktif`, `etiket`, `foto_barang`, `barcode`) VALUES
('TMTXB', 'METRIX 2 MG TABLET/2 X 15', NULL, NULL, NULL, 6717, 1, '0000-00-00 00:00:00', '0000-00-00 00:00:00', ' NULL ', NULL, 5, NULL, NULL, NULL, NULL, NULL, NULL, NULL, NULL, NULL, NULL),
('TMTXC', 'METRIX 3 MG TABLET/2 X 15', NULL, NULL, NULL, 7800, 1, '0000-00-00 00:00:00', '0000-00-00 00:00:00', ' NULL ', NULL, 5, NULL, NULL, NULL, NULL, NULL, NULL, NULL, NULL, NULL, NULL),
('TMTXD', 'METRIX 4 MG TABLET/2 X 15', NULL, NULL, NULL, 9230, 1, '0000-00-00 00:00:00', '0000-00-00 00:00:00', ' NULL ', NULL, 5, NULL, NULL, NULL, NULL, NULL, NULL, NULL, NULL, NULL, NULL),
('TNRTA', 'NEUROTAM 800 MG KAPLET/5X10', NULL, NULL, NULL, 3380, 1, '0000-00-00 00:00:00', '0000-00-00 00:00:00', ' NULL ', NULL, 5, NULL, NULL, NULL, NULL, NULL, NULL, NULL, NULL, NULL, NULL),
('TNRTB', 'NEUROTAM 1200 MG KAPLET/5X10', NULL, NULL, NULL, 6890, 1, '0000-00-00 00:00:00', '0000-00-00 00:00:00', ' NULL ', NULL, 5, NULL, NULL, NULL, NULL, NULL, NULL, NULL, NULL, NULL, NULL),
('TNVRK', 'NEVOX XR 500 MG TABLET/3X10', NULL, NULL, NULL, 2860, 1, '0000-00-00 00:00:00', '0000-00-00 00:00:00', ' NULL ', NULL, 5, NULL, NULL, NULL, NULL, NULL, NULL, NULL, NULL, NULL, NULL),
('TONZA', 'ONGLYZA 5 MG 28 TAB', NULL, NULL, NULL, 3750, 1, '0000-00-00 00:00:00', '0000-00-00 00:00:00', ' NULL ', NULL, 5, NULL, NULL, NULL, NULL, NULL, NULL, NULL, NULL, NULL, NULL),
('TONZB', 'ONGLYZA 2.5 MG', NULL, NULL, NULL, 364000, 1, '0000-00-00 00:00:00', '0000-00-00 00:00:00', ' NULL ', NULL, 5, NULL, NULL, NULL, NULL, NULL, NULL, NULL, NULL, NULL, NULL),
('TPFLA', 'PROFILAS TABLET /5X10', NULL, NULL, NULL, 4940, 1, '0000-00-00 00:00:00', '0000-00-00 00:00:00', ' NULL ', NULL, 5, NULL, NULL, NULL, NULL, NULL, NULL, NULL, NULL, NULL, NULL),
('TPFTA', 'PROFERTIL 50MG TABLET/1X10', NULL, NULL, NULL, 21450, 1, '0000-00-00 00:00:00', '0000-00-00 00:00:00', ' NULL ', NULL, 5, NULL, NULL, NULL, NULL, NULL, NULL, NULL, NULL, NULL, NULL),
('TPIMA', 'PIONIX M 15/500 MG KAPLET/30\'S', NULL, NULL, NULL, 9750, 1, '0000-00-00 00:00:00', '0000-00-00 00:00:00', ' NULL ', NULL, 5, NULL, NULL, NULL, NULL, NULL, NULL, NULL, NULL, NULL, NULL),
('TPIMB', 'PIONIX M 15/850 MG KAPLET/30\'S', NULL, NULL, NULL, 9750, 1, '0000-00-00 00:00:00', '0000-00-00 00:00:00', ' NULL ', NULL, 5, NULL, NULL, NULL, NULL, NULL, NULL, NULL, NULL, NULL, NULL),
('TPMTA', 'PREMASTON 5 MG TABLET/3X10', NULL, NULL, NULL, 5200, 1, '0000-00-00 00:00:00', '0000-00-00 00:00:00', ' NULL ', NULL, 5, NULL, NULL, NULL, NULL, NULL, NULL, NULL, NULL, NULL, NULL),
('TPNXA', 'PIONIX 15 MG TABLET / 30\'S', NULL, NULL, NULL, 8450, 1, '0000-00-00 00:00:00', '0000-00-00 00:00:00', ' NULL ', NULL, 5, NULL, NULL, NULL, NULL, NULL, NULL, NULL, NULL, NULL, NULL),
('TPNXB', 'PIONIX 30 MG TABLET / 30\'S', NULL, NULL, NULL, 13000, 1, '0000-00-00 00:00:00', '0000-00-00 00:00:00', ' NULL ', NULL, 5, NULL, NULL, NULL, NULL, NULL, NULL, NULL, NULL, NULL, NULL),
('TRANA', 'RANTIN 150 MG TABLET/10X10', NULL, NULL, NULL, 5850, 1, '0000-00-00 00:00:00', '0000-00-00 00:00:00', ' NULL ', NULL, 5, NULL, NULL, NULL, NULL, NULL, NULL, NULL, NULL, NULL, NULL),
('TRLSC', 'RILLUS TABLET/5X6', NULL, NULL, NULL, 9317, 1, '0000-00-00 00:00:00', '0000-00-00 00:00:00', ' NULL ', NULL, 5, NULL, NULL, NULL, NULL, NULL, NULL, NULL, NULL, NULL, NULL),
('TSCNA', 'SINCRONIK KAPLET SS / 3X10', NULL, NULL, NULL, 10400, 1, '0000-00-00 00:00:00', '0000-00-00 00:00:00', ' NULL ', NULL, 5, NULL, NULL, NULL, NULL, NULL, NULL, NULL, NULL, NULL, NULL),
('TSLNA', 'SEROLIN 10 MG TABLET/5 X 21', NULL, NULL, NULL, 8419, 1, '0000-00-00 00:00:00', '0000-00-00 00:00:00', ' NULL ', NULL, 5, NULL, NULL, NULL, NULL, NULL, NULL, NULL, NULL, NULL, NULL),
('TSLNB', 'SEROLIN 30 MG TABLET/2 X 21', NULL, NULL, NULL, 16714, 1, '0000-00-00 00:00:00', '0000-00-00 00:00:00', ' NULL ', NULL, 5, NULL, NULL, NULL, NULL, NULL, NULL, NULL, NULL, NULL, NULL),
('TSPOA', 'SPIROLA 25 MG TABLET / 5X10', NULL, NULL, NULL, 2340, 1, '0000-00-00 00:00:00', '0000-00-00 00:00:00', ' NULL ', NULL, 5, NULL, NULL, NULL, NULL, NULL, NULL, NULL, NULL, NULL, NULL),
('TSPOB', 'SPIROLA 100 MG TABLET / 5X10', NULL, NULL, NULL, 6370, 1, '0000-00-00 00:00:00', '0000-00-00 00:00:00', ' NULL ', NULL, 5, NULL, NULL, NULL, NULL, NULL, NULL, NULL, NULL, NULL, NULL),
('TSTMA', 'STARMUNO KAPLET /3X10', NULL, NULL, NULL, 10617, 1, '0000-00-00 00:00:00', '0000-00-00 00:00:00', ' NULL ', NULL, 5, NULL, NULL, NULL, NULL, NULL, NULL, NULL, NULL, NULL, NULL),
('TTBRA', 'TRANSBRONCHO 30 MG TAB / 10X10', NULL, NULL, NULL, 975, 1, '0000-00-00 00:00:00', '0000-00-00 00:00:00', ' NULL ', NULL, 5, NULL, NULL, NULL, NULL, NULL, NULL, NULL, NULL, NULL, NULL),
('TTIVE', 'TARIVID 200 MG TABLET / 3X10', NULL, NULL, NULL, 12133, 1, '0000-00-00 00:00:00', '0000-00-00 00:00:00', ' NULL ', NULL, 5, NULL, NULL, NULL, NULL, NULL, NULL, NULL, NULL, NULL, NULL),
('TTIVK', 'TARIVID 400 MG TABLET / 3X10', NULL, NULL, NULL, 20367, 1, '0000-00-00 00:00:00', '0000-00-00 00:00:00', ' NULL ', NULL, 5, NULL, NULL, NULL, NULL, NULL, NULL, NULL, NULL, NULL, NULL),
('TTKVA', 'TKV 0.5 MG FILCO TABLET/3X10', NULL, NULL, NULL, 34667, 1, '0000-00-00 00:00:00', '0000-00-00 00:00:00', ' NULL ', NULL, 5, NULL, NULL, NULL, NULL, NULL, NULL, NULL, NULL, NULL, NULL),
('TTRSA', 'TORASIC 10 MG TABLET / 2X10', NULL, NULL, NULL, 6825, 1, '0000-00-00 00:00:00', '0000-00-00 00:00:00', ' NULL ', NULL, 5, NULL, NULL, NULL, NULL, NULL, NULL, NULL, NULL, NULL, NULL),
('TTRVD', 'TRUVAZ 10 MG TABLET/3X10', NULL, NULL, NULL, 19067, 1, '0000-00-00 00:00:00', '0000-00-00 00:00:00', ' NULL ', NULL, 5, NULL, NULL, NULL, NULL, NULL, NULL, NULL, NULL, NULL, NULL),
('TTRVE', 'TRUVAZ 20 MG TABLET/3X10', NULL, NULL, NULL, 20800, 1, '0000-00-00 00:00:00', '0000-00-00 00:00:00', ' NULL ', NULL, 5, NULL, NULL, NULL, NULL, NULL, NULL, NULL, NULL, NULL, NULL),
('TTRVF', 'TRUVAZ 40 MG TABLET/3X10', NULL, NULL, NULL, 22533, 1, '0000-00-00 00:00:00', '0000-00-00 00:00:00', ' NULL ', NULL, 5, NULL, NULL, NULL, NULL, NULL, NULL, NULL, NULL, NULL, NULL),
('TVBCA', 'V-BLOC 25 MG TABLET/3 X 10', NULL, NULL, NULL, 9230, 1, '0000-00-00 00:00:00', '0000-00-00 00:00:00', ' NULL ', NULL, 5, NULL, NULL, NULL, NULL, NULL, NULL, NULL, NULL, NULL, NULL),
('TVBCC', 'V-BLOC 6.25 MG TABLET/3 X 10', NULL, NULL, NULL, 3467, 1, '0000-00-00 00:00:00', '0000-00-00 00:00:00', ' NULL ', NULL, 5, NULL, NULL, NULL, NULL, NULL, NULL, NULL, NULL, NULL, NULL),
('TVCRA', 'VOMCERAN 8 MG TABLET/1 X 10', NULL, NULL, NULL, 27300, 1, '0000-00-00 00:00:00', '0000-00-00 00:00:00', ' NULL ', NULL, 5, NULL, NULL, NULL, NULL, NULL, NULL, NULL, NULL, NULL, NULL),
('TVCRB', 'VOMCERAN 4 MG TABLET/1 X 10', NULL, NULL, NULL, 20800, 1, '0000-00-00 00:00:00', '0000-00-00 00:00:00', ' NULL ', NULL, 5, NULL, NULL, NULL, NULL, NULL, NULL, NULL, NULL, NULL, NULL),
('TVMTB', 'VOMITAS FDT /5 X 10', NULL, NULL, NULL, 5330, 1, '0000-00-00 00:00:00', '0000-00-00 00:00:00', ' NULL ', NULL, 5, NULL, NULL, NULL, NULL, NULL, NULL, NULL, NULL, NULL, NULL),
('TZEGA', 'ZEGAVIT KAPLET / 5X10', NULL, NULL, NULL, 4160, 1, '0000-00-00 00:00:00', '0000-00-00 00:00:00', ' NULL ', NULL, 5, NULL, NULL, NULL, NULL, NULL, NULL, NULL, NULL, NULL, NULL),
('TZTXA', 'ZITHRAX 500 MG KAPLET/1X6', NULL, NULL, NULL, 56333, 1, '0000-00-00 00:00:00', '0000-00-00 00:00:00', ' NULL ', NULL, 5, NULL, NULL, NULL, NULL, NULL, NULL, NULL, NULL, NULL, NULL),
('VBRHA', 'BROADCED HOSPITAL PACK 1G VL/1', NULL, NULL, NULL, 292500, 1, '0000-00-00 00:00:00', '0000-00-00 00:00:00', ' NULL ', NULL, 5, NULL, NULL, NULL, NULL, NULL, NULL, NULL, NULL, NULL, NULL),
('VBROK', 'BROADCED 1 G.I.V VIAL /1', NULL, NULL, NULL, 266500, 1, '0000-00-00 00:00:00', '0000-00-00 00:00:00', ' NULL ', NULL, 5, NULL, NULL, NULL, NULL, NULL, NULL, NULL, NULL, NULL, NULL),
('VBTSA', 'BACTESYN 0.75 G VIAL/1', NULL, NULL, NULL, 91000, 1, '0000-00-00 00:00:00', '0000-00-00 00:00:00', ' NULL ', NULL, 5, NULL, NULL, NULL, NULL, NULL, NULL, NULL, NULL, NULL, NULL),
('VBTSB', 'BACTESYN 1,5 G VIAL/1', NULL, NULL, NULL, 171500, 1, '0000-00-00 00:00:00', '0000-00-00 00:00:00', ' NULL ', NULL, 5, NULL, NULL, NULL, NULL, NULL, NULL, NULL, NULL, NULL, NULL),
('VCNEB', 'CERNEVIT INJEKSI / 10', NULL, NULL, NULL, 253500, 1, '0000-00-00 00:00:00', '0000-00-00 00:00:00', ' NULL ', NULL, 5, NULL, NULL, NULL, NULL, NULL, NULL, NULL, NULL, NULL, NULL),
('VCRVD', 'CRAVIT 750 MG FLEXYBAG 150ML/1', NULL, NULL, NULL, 481000, 1, '0000-00-00 00:00:00', '0000-00-00 00:00:00', ' NULL ', NULL, 5, NULL, NULL, NULL, NULL, NULL, NULL, NULL, NULL, NULL, NULL),
('VCRVE', 'CRAVIT 500 MG FLEXYBAG 100 ML / 1', NULL, NULL, NULL, 403000, 1, '0000-00-00 00:00:00', '0000-00-00 00:00:00', ' NULL ', NULL, 5, NULL, NULL, NULL, NULL, NULL, NULL, NULL, NULL, NULL, NULL),
('VEDNA', 'ENDROLIN PACK 3.75 MG VIAL / 1', NULL, NULL, NULL, 1592500, 1, '0000-00-00 00:00:00', '0000-00-00 00:00:00', ' NULL ', NULL, 5, NULL, NULL, NULL, NULL, NULL, NULL, NULL, NULL, NULL, NULL),
('VEZLA', 'EZELIN 300 IU INJEKSI 3 ML/1', NULL, NULL, NULL, 162500, 1, '0000-00-00 00:00:00', '0000-00-00 00:00:00', ' NULL ', NULL, 5, NULL, NULL, NULL, NULL, NULL, NULL, NULL, NULL, NULL, NULL),
('VEZMA', 'EZOMEB 40 MG INJEKSI VIAL 10 ML/1', NULL, NULL, NULL, 175500, 1, '0000-00-00 00:00:00', '0000-00-00 00:00:00', ' NULL ', NULL, 5, NULL, NULL, NULL, NULL, NULL, NULL, NULL, NULL, NULL, NULL),
('VKFXK', 'KALFOXIM 0.5 G VIAL/1', NULL, NULL, NULL, 104000, 1, '0000-00-00 00:00:00', '0000-00-00 00:00:00', ' NULL ', NULL, 5, NULL, NULL, NULL, NULL, NULL, NULL, NULL, NULL, NULL, NULL),
('VKFXP', 'KALFOXIM 1 G VIAL / 1', NULL, NULL, NULL, 195000, 1, '0000-00-00 00:00:00', '0000-00-00 00:00:00', ' NULL ', NULL, 5, NULL, NULL, NULL, NULL, NULL, NULL, NULL, NULL, NULL, NULL),
('VOTBA', 'OCTALBIN 5% INFUS 250 ML/1', NULL, NULL, NULL, 1625000, 1, '0000-00-00 00:00:00', '0000-00-00 00:00:00', ' NULL ', NULL, 5, NULL, NULL, NULL, NULL, NULL, NULL, NULL, NULL, NULL, NULL),
('VPRZA', 'PRANZA 40 MG VIAL / 1', NULL, NULL, NULL, 188500, 1, '0000-00-00 00:00:00', '0000-00-00 00:00:00', ' NULL ', NULL, 5, NULL, NULL, NULL, NULL, NULL, NULL, NULL, NULL, NULL, NULL),
('VRITA', 'RIBACTER 500 MG', NULL, NULL, NULL, 585000, 1, '0000-00-00 00:00:00', '0000-00-00 00:00:00', ' NULL ', NULL, 5, NULL, NULL, NULL, NULL, NULL, NULL, NULL, NULL, NULL, NULL),
('VTAZA', 'TAZAM 4.5 G INJEKSI VIAL/1', NULL, NULL, NULL, 357500, 1, '0000-00-00 00:00:00', '0000-00-00 00:00:00', ' NULL ', NULL, 5, NULL, NULL, NULL, NULL, NULL, NULL, NULL, NULL, NULL, NULL),
('VTHDB', 'THIDIM 1 G VIAL / 1', NULL, NULL, NULL, 299000, 1, '0000-00-00 00:00:00', '0000-00-00 00:00:00', ' NULL ', NULL, 5, NULL, NULL, NULL, NULL, NULL, NULL, NULL, NULL, NULL, NULL),
('VTIVC', 'TARIVID OTIC SOLUTION / 5 ML', NULL, NULL, NULL, 104000, 1, '0000-00-00 00:00:00', '0000-00-00 00:00:00', ' NULL ', NULL, 5, NULL, NULL, NULL, NULL, NULL, NULL, NULL, NULL, NULL, NULL);

-- --------------------------------------------------------

--
-- Table structure for table `tbl_obat_racikan`
--

CREATE TABLE `tbl_obat_racikan` (
  `kode_obat_racikan` varchar(25) NOT NULL,
  `nama_obat_racikan` varchar(50) NOT NULL,
  `id_kategori_barang` int(11) NOT NULL,
  `dtm_crt` datetime NOT NULL DEFAULT current_timestamp(),
  `dtm_upd` datetime NOT NULL DEFAULT current_timestamp()
) ENGINE=InnoDB DEFAULT CHARSET=latin1;

-- --------------------------------------------------------

--
-- Table structure for table `tbl_obat_racikan_child_jasa`
--

CREATE TABLE `tbl_obat_racikan_child_jasa` (
  `id_orc_jasa` int(11) NOT NULL,
  `kode_obat_racikan` varchar(15) NOT NULL,
  `kode_jasa` varchar(15) NOT NULL,
  `dtm_crt` datetime NOT NULL DEFAULT current_timestamp(),
  `dtm_upd` datetime NOT NULL DEFAULT current_timestamp()
) ENGINE=InnoDB DEFAULT CHARSET=latin1;

-- --------------------------------------------------------

--
-- Table structure for table `tbl_obat_racikan_child_obat`
--

CREATE TABLE `tbl_obat_racikan_child_obat` (
  `id_orc_obat` int(11) NOT NULL,
  `kode_obat_racikan` varchar(15) NOT NULL,
  `kode_barang` varchar(15) NOT NULL,
  `dtm_crt` datetime NOT NULL DEFAULT current_timestamp(),
  `dtm_upd` datetime NOT NULL DEFAULT current_timestamp()
) ENGINE=InnoDB DEFAULT CHARSET=latin1;

-- --------------------------------------------------------

--
-- Table structure for table `tbl_pabrik`
--

CREATE TABLE `tbl_pabrik` (
  `kode_pabrik` varchar(15) NOT NULL,
  `nama_pabrik` varchar(50) NOT NULL,
  `alamat_pabrik` varchar(100) NOT NULL,
  `kota` varchar(25) NOT NULL,
  `telp` varchar(15) NOT NULL,
  `npwp` varchar(30) NOT NULL,
  `dtm_crt` datetime NOT NULL DEFAULT current_timestamp(),
  `dtm_upd` datetime NOT NULL DEFAULT current_timestamp()
) ENGINE=InnoDB DEFAULT CHARSET=latin1;

--
-- Dumping data for table `tbl_pabrik`
--

INSERT INTO `tbl_pabrik` (`kode_pabrik`, `nama_pabrik`, `alamat_pabrik`, `kota`, `telp`, `npwp`, `dtm_crt`, `dtm_upd`) VALUES
('PAB1573711347', 'PT Obat Sejahtera', 'jl payah kumbuh', 'sulawesi', '08998989898', '09-0909-8849', '2019-11-14 13:02:27', '2019-11-14 07:24:57'),
('PAB1624001874', 'PT Selama Bersama', 'Jalan penjaringan sari II F no 46', 'Surabaya', '082264619988', '198672453688', '2021-06-18 14:37:54', '2021-06-18 14:37:54'),
('PAB1638269278', 'PT. DEXA MEDICA INJEKSI', 'SURABAYA', 'SURABAYA', '085738296745', '67891', '2021-11-30 10:47:58', '2021-11-30 10:47:58'),
('PAB1638269381', 'PT. KALBE FARMA', 'RUNGKUT', 'SURABAYA', '085738296745', '98754', '2021-11-30 10:49:41', '2021-11-30 10:49:41'),
('PAB1638500170', 'Phapros', '-', '-', '-', '-', '2021-12-03 09:36:54', '2021-12-03 09:38:07'),
('PAB1638500193', 'Lucas Djaja', '-', '-', '-', '-', '2021-12-03 09:37:06', '2021-12-03 09:38:17'),
('PAB1638500206', 'Ethica', '-', '-', '-', '-', '2021-12-03 09:37:14', '2021-12-03 09:38:27'),
('PAB1638500215', 'Mepro', '-', '-', '-', '-', '2021-12-03 09:37:25', '2021-12-03 09:38:34'),
('PAB1638500228', 'Bernofarm', '-', '-', '-', '-', '2021-12-03 09:38:42', '2021-12-03 09:38:42'),
('PAB1638500243', 'Sanbe Pharma', '-', '-', '-', '-', '2021-12-03 09:38:57', '2022-01-10 20:06:52'),
('PAB1638500257', 'Quantum Labs', '-', '-', '-', '-', '2021-12-03 16:47:42', '2021-12-03 16:47:42'),
('PAB1638500268', 'Fahrenheit', '-', '-', '-', '-', '2021-12-03 16:47:42', '2021-12-03 16:47:42'),
('PAB1638500290', 'Mahakam Beta Farma', '-', '-', '-', '-', '2021-12-03 16:47:42', '2021-12-03 16:47:42'),
('PAB1638500527', 'Guardian Pharmatama', '-', '-', '-', '-', '2021-12-03 16:47:42', '2021-12-03 16:47:42'),
('PAB1638500536', 'Hameln', '-', '-', '-', '-', '2021-12-03 16:47:42', '2021-12-03 16:47:42'),
('PAB1638500557', 'Novell', '-', '-', '-', '-', '2021-12-03 16:47:42', '2021-12-03 16:47:42'),
('PAB1638500570', 'Kimia Farma', '-', '-', '-', '-', '2021-12-03 16:47:42', '2021-12-03 16:47:42'),
('PAB1638500623', 'Hexapharm Jaya', '-', '-', '-', '-', '2021-12-03 16:47:42', '2021-12-03 16:47:42'),
('PAB1638500640', 'OGB Dexa', '-', '-', '-', '-', '2021-12-03 16:47:42', '2022-01-10 20:05:27'),
('PAB1638500668', 'Etercon Pharma', '-', '-', '-', '-', '2021-12-03 16:47:42', '2021-12-03 16:47:42'),
('PAB1638501021', 'Merck', '-', '-', '-', '-', '2021-12-03 16:47:42', '2021-12-03 16:47:42'),
('PAB1638501029', 'Gsk', '-', '-', '-', '-', '2021-12-03 16:47:42', '2021-12-03 16:47:42'),
('PAB1638501042', 'Interbat', '-', '-', '-', '-', '2021-12-03 16:47:42', '2021-12-03 16:47:42'),
('PAB1641782486', 'BSN', 'Bandung', 'Bandung', '083', '123456', '2022-01-10 09:41:26', '2022-01-10 09:41:26'),
('PAB1641782551', 'POLYMED', 'Bandung', 'Bandung', '083', '123456', '2022-01-10 09:42:31', '2022-01-10 09:42:31'),
('PAB1641821989', 'B BRAUN', 'Jakarta', 'Jakarta', '083', '123456', '2022-01-10 20:39:49', '2022-01-10 20:39:49'),
('PAB1641822018', 'RUSCH', 'Jakarta', 'Jakarta', '083', '123456', '2022-01-10 20:40:18', '2022-01-10 20:40:18'),
('PAB1641822054', 'PAHSCO', 'Jakarta', 'Jakarta', '083', '123456', '2022-01-10 20:40:54', '2022-01-10 20:40:54'),
('PAB1641822077', 'Serenity', 'Jakarta', 'Jakarta', '083', '123456', '2022-01-10 20:41:17', '2022-01-10 20:41:17'),
('PAB1641822132', 'GAMMEX', 'Jakarta', 'Jakarta', '083', '123456', '2022-01-10 20:42:12', '2022-01-10 20:42:12'),
('PAB1641822165', 'TP', 'Jakarta', 'Jakarta', '083', '123456', '2022-01-10 20:42:45', '2022-01-10 20:42:45'),
('PAB1641822192', 'TERUMO', 'Jakarta', 'Bandung', '083', '123456', '2022-01-10 20:43:12', '2022-01-10 20:43:12'),
('PAB1641822216', 'DIAPRO', 'Jakarta', 'Jakarta', '083', '123456', '2022-01-10 20:43:36', '2022-01-10 20:43:36'),
('PAB1641822240', 'GEA', 'Jakarta', 'Jakarta', '083', '123456', '2022-01-10 20:44:00', '2022-01-10 20:44:00'),
('PAB1641822266', 'ONE MED', 'Bandung', 'Bandung', '083', '123456', '2022-01-10 20:44:26', '2022-01-10 20:44:26'),
('PAB1641822357', 'Surgica Alkesindo', 'Jakarta', 'Jakarta', '083', '123456', '2022-01-10 20:45:57', '2022-01-10 20:45:57'),
('PAB1642135719', 'Natura Nuswantara Nirmala', 'Bandung', 'Bandung', '083', '123456', '2022-01-14 11:48:39', '2022-01-14 11:48:39'),
('PAB1642135774', 'Baymed', 'Jogjakarta', 'Jogjakarta', '083', '123456', '2022-01-14 11:49:34', '2022-01-14 11:49:34'),
('PAB1642135775', 'Baymed', 'Jogjakarta', 'Jogjakarta', '083', '123456', '2022-01-14 11:49:35', '2022-01-14 11:49:35'),
('PAB1642828160', 'COSMO', 'JAKARTA', 'Jakarta', '083', '123456', '2022-01-22 12:09:20', '2022-01-22 12:09:20'),
('PAB1642828294', 'EGEMENT', 'JAKARTA', 'Jakarta', '083', '123456', '2022-01-22 12:11:34', '2022-01-22 12:11:34');

-- --------------------------------------------------------

--
-- Table structure for table `tbl_pasien`
--

CREATE TABLE `tbl_pasien` (
  `no_rekam_medis` varchar(10) NOT NULL,
  `no_id_pasien` varchar(20) NOT NULL,
  `nik` varchar(20) NOT NULL,
  `nama_lengkap` varchar(120) NOT NULL,
  `tanggal_lahir` date NOT NULL,
  `golongan_darah` varchar(2) NOT NULL,
  `status_menikah` varchar(20) NOT NULL,
  `pekerjaan` varchar(30) NOT NULL,
  `alamat` varchar(200) NOT NULL,
  `id_kabupaten` int(5) NOT NULL,
  `id_kecamatan` int(7) NOT NULL,
  `id_desa` int(10) NOT NULL,
  `id_dusun` int(11) NOT NULL,
  `rt` varchar(30) NOT NULL,
  `rw` varchar(30) NOT NULL,
  `nama_orang_tua_atau_istri` varchar(30) DEFAULT NULL,
  `nomer_telepon` varchar(20) NOT NULL,
  `riwayat_alergi_obat` text NOT NULL,
  `jenis_kelamin` enum('0','1') DEFAULT NULL COMMENT '0 = Laki - Laki, 1 = Perempuan',
  `agama` enum('0','1','2','3','4') DEFAULT NULL COMMENT '0 = Islam, 1 = Kristen, 2 = Hindu, 3 = Budha, 4 = Katholik',
  `pendidikan` enum('0','1','2','3','4','5') DEFAULT NULL COMMENT '0 = SD, 1 = SMP, 2 = SMA, 3 = S1, 4 = S2, 5 = S3',
  `umur` varchar(3) DEFAULT NULL,
  `nama_kk` varchar(120) DEFAULT NULL,
  `note_dokter` varchar(200) DEFAULT NULL,
  `dtm_crt` datetime NOT NULL DEFAULT current_timestamp(),
  `dtm_upd` datetime NOT NULL DEFAULT current_timestamp()
) ENGINE=MyISAM DEFAULT CHARSET=latin1;

--
-- Dumping data for table `tbl_pasien`
--

INSERT INTO `tbl_pasien` (`no_rekam_medis`, `no_id_pasien`, `nik`, `nama_lengkap`, `tanggal_lahir`, `golongan_darah`, `status_menikah`, `pekerjaan`, `alamat`, `id_kabupaten`, `id_kecamatan`, `id_desa`, `id_dusun`, `rt`, `rw`, `nama_orang_tua_atau_istri`, `nomer_telepon`, `riwayat_alergi_obat`, `jenis_kelamin`, `agama`, `pendidikan`, `umur`, `nama_kk`, `note_dokter`, `dtm_crt`, `dtm_upd`) VALUES
('000001', '000001', '3510095312690000', 'SRI AMINAH', '1969-12-13', '', 'Menikah', 'PETANI', '', 10, 211, 2421, 0, '01', '04', '', '000', '', '1', '0', '0', '52', 'SUKARMAN/ TN', NULL, '2022-05-09 12:51:00', '2022-05-09 12:51:00'),
('000002', '000002', '3306114104880004', 'WATIRAH / NY', '1988-03-01', '', 'Menikah', 'SWASTA', '', 10, 206, 2391, 0, '01', '02', '', '000', '', '1', '0', '1', '34', '', NULL, '2022-05-09 13:05:51', '2022-05-09 13:05:51'),
('000003', '000003', '3510021909650007', 'WAGINO/TN', '1965-09-19', '', 'Menikah', 'PETANI', '', 10, 202, 2353, 6, '01', '01', '', '000', '', '0', '0', '0', '56', 'WAGINO/TN ', NULL, '2022-05-09 14:04:48', '2022-05-09 14:04:48'),
('000004', '000004', '000', 'MARJITO/TN', '1979-06-12', '', 'Menikah', 'SWASTA', '', 4, 51, 686, 7, '01', '02', 'SUMINAH', '000', '', '0', '0', '1', '42', '', NULL, '2022-05-09 15:10:17', '2022-05-09 15:10:17'),
('000005', '000005', '3510241602930002', 'DHIKA KARDINATA/SDR', '1993-02-16', '', 'Belum Menikah', 'MAHASISWA', '', 10, 220, 2510, 8, '001', '001', '', '000', '', '0', '0', '3', '31', 'DHIKA', NULL, '2022-05-09 15:16:25', '2022-05-09 15:16:25'),
('000006', '000006', '3510081806560003', 'SUYATNO/TN', '1956-06-18', '', 'Menikah', 'SWASTA', '', 10, 212, 2424, 9, '05', '03', 'TUMINAH/NY', '85215046729', '', '0', '0', '0', '65', 'SUYATNO/TN', NULL, '2022-05-10 09:17:44', '2022-05-10 09:17:44'),
('000007', '000007', '3510086903870002', 'ENOT KARYAWATI/MRS', '1987-03-29', '', 'Menikah', 'SWASTA', '', 10, 201, 2346, 10, '03', '02', '', '85259142134', '', '1', '0', '2', '34', 'SUGENG / TN', NULL, '2022-05-10 09:23:40', '2022-05-10 09:23:40'),
('000008', '000008', '6402030909700002', 'KUSHARI WICAKSONO/ TN', '1970-09-09', '', 'Menikah', 'WIRASWASTA', '', 10, 211, 2421, 11, '02', '03', 'SUWARNI/ NY', '85249544198', '', '0', '0', '1', '51', 'KUSHARI WICAKSONO/ TN', NULL, '2022-05-10 09:36:25', '2022-05-10 09:36:25'),
('000009', '000009', '3510091608910003', 'ARFIANDA HARI ANGGAR KUSUMA/TN', '1991-08-16', '', 'Menikah', 'SWASTA', '', 10, 211, 2419, 12, '01', '01', 'ROSIANA/NY', '0895391358030', '', '0', '0', '3', '30', 'ARFIANDA HARI ANGGAR KUSUMA/TN', NULL, '2022-05-10 09:42:19', '2022-05-10 09:42:19');

-- --------------------------------------------------------

--
-- Table structure for table `tbl_pegawai`
--

CREATE TABLE `tbl_pegawai` (
  `id_pegawai` int(11) NOT NULL,
  `nama_pegawai` varchar(100) NOT NULL,
  `nik` varchar(16) NOT NULL,
  `tanggal_lahir` date NOT NULL,
  `email` varchar(50) NOT NULL,
  `no_hp` varchar(20) NOT NULL,
  `alamat_tinggal` varchar(200) NOT NULL,
  `id_jabatan` int(11) NOT NULL,
  `pendidikan_terakhir` varchar(20) NOT NULL,
  `pelatihan` varchar(255) NOT NULL,
  `nilai_index` int(6) NOT NULL,
  `tanggal_mulai_tugas` date NOT NULL,
  `id_shift` int(11) DEFAULT NULL,
  `id_klinik` int(11) NOT NULL,
  `dtm_crt` datetime NOT NULL DEFAULT current_timestamp(),
  `dtm_upd` datetime NOT NULL DEFAULT current_timestamp()
) ENGINE=InnoDB DEFAULT CHARSET=latin1;

--
-- Dumping data for table `tbl_pegawai`
--

INSERT INTO `tbl_pegawai` (`id_pegawai`, `nama_pegawai`, `nik`, `tanggal_lahir`, `email`, `no_hp`, `alamat_tinggal`, `id_jabatan`, `pendidikan_terakhir`, `pelatihan`, `nilai_index`, `tanggal_mulai_tugas`, `id_shift`, `id_klinik`, `dtm_crt`, `dtm_upd`) VALUES
(1, 'TITIK PUSPITASARI', '3510064302860001', '1986-02-03', 'titikpuspitasari474@gmail.com', '081332682806', 'Dsn.Trembelang RT.01 RW.04 Desa Cluring Kec.Cluring', 2, 'D3', 'APN , MU', 1, '2021-10-01', NULL, 1, '2021-12-01 04:02:50', '2021-12-01 04:02:50'),
(2, 'SULIS RISMAWATI', '3510074205890002', '1989-05-02', 'altanalkareem@gmail.com', '083111725897', 'Dsn.krajan rt.07 rw.02,Ds.jajag,Kec.Gambiran,Kab.banyuwangi', 2, 'S1', 'Asuhan Persalinan Normal,PEKERTI,Midwifery Update', 1, '2021-10-01', NULL, 1, '2021-12-01 07:09:03', '2021-12-01 07:17:48'),
(4, 'DIAN LATRI DEWI KARTIKA SARI', '3510095809940001', '1994-09-18', 'dianlatri99@gmail.com', '082331141529', 'DUSUN TEMUREJO RT 001 RW 007 DESA KEMBIRITAN KECAMATAN GENTENG KABUPATEN BANYUWANGI', 6, 'D3', 'APN', 1, '2021-10-01', NULL, 1, '2021-12-01 07:12:21', '2021-12-01 07:12:21'),
(5, 'Mohammad nur rizal usnanda', '3510093103950001', '1995-03-31', 'arizalnandadika@gmail.com', '081393283914, 083119', 'Dusun kaliputih rt 03 rw 06 desa kembiritan kecamatan genteng kabupaten banyuwangi', 11, 'SMA', '', 1, '2021-10-01', NULL, 1, '2021-12-01 07:16:24', '2021-12-01 07:16:24'),
(6, 'HARI STIYAWAN', '3510090205820015', '1982-05-02', 'HER@gmail.com', '082335969354', 'dusun pandan rt 001 rw 001 desa kembiritan kecamatan genteng kabupaten banyuwangi', 9, 'SMA', '', 1, '2021-10-01', NULL, 1, '2021-12-01 07:22:32', '2021-12-01 07:22:32'),
(7, 'Bayu setiawan', '3502050103000001', '2000-03-01', 'bayukawok9@gmail.com', '083114307795', 'Kembiritan genteng banyuwangi', 10, 'SMA', '', 1, '2021-10-01', NULL, 1, '2021-12-01 10:14:17', '2021-12-01 10:14:17'),
(8, 'Fiona Febrianti', '3510084402970002', '1997-02-04', 'febriantifiona@gmail.com', '087781305878', 'Dsn. Umbulrejo 003/007 ds. Bagorejo kec. Srono kab. Banyuwangi', 6, 'D3', 'Btcls', 1, '2021-10-01', NULL, 1, '2021-12-02 09:01:23', '2021-12-02 09:01:23'),
(9, 'Gunawan wibisono', '3509152807680001', '1968-07-28', 'Gunawanwibisono@gmail.com', '082230299417', 'Dsn. Jatisari 003/001 ds.bmo kec.blimbingsari kab.banyuwangi', 8, 'SMA', '', 1, '2021-10-01', NULL, 1, '2021-12-02 09:04:12', '2021-12-02 09:04:12'),
(10, 'Rizki hidayat', '3510112803920002', '1992-03-26', 'rizkineanculspeed012@gmail.com', '087857857057', 'Dsn. Krajan rt 03 rw 09 desa kalibaru kulon, kec. Kalibaru, kab. banyuwangi', 6, 'S1', 'BTCLS', 1, '2021-10-01', NULL, 1, '2021-12-02 11:49:44', '2021-12-02 11:49:44'),
(11, 'Ongky ramadhan', '3510111703920002', '1992-03-17', 'Ongkyramadhan121@gmail.com', '082325632686', 'Dusun Krajan rt 01 re 08 desa kalibaru kulon kecamatan kalibaru kabupaten banyuwangi', 6, 'S1', 'Vaksinator, btcls', 1, '2021-10-01', NULL, 1, '2021-12-04 02:16:53', '2021-12-04 02:17:14'),
(12, 'Laila Nur Afni', '3510054104000005', '1999-09-02', 'lailanurafni232@gmail.com', '082338587609', 'Dsn. Krajan 001/020 Ds. Tembokrejo Kec. Muncar Kab. Banyuwangi', 7, 'D3', 'BTCLS', 1, '2021-10-01', NULL, 1, '2021-12-04 02:19:30', '2021-12-04 02:19:30');

-- --------------------------------------------------------

--
-- Table structure for table `tbl_pendaftaran`
--

CREATE TABLE `tbl_pendaftaran` (
  `id_pendaftaran` int(11) NOT NULL,
  `no_pendaftaran` varchar(30) NOT NULL,
  `no_rekam_medis` varchar(10) NOT NULL,
  `id_klinik` int(11) NOT NULL,
  `id_dokter` int(11) NOT NULL,
  `id_poli` int(3) NOT NULL,
  `is_periksa` int(1) NOT NULL COMMENT '0:"Dalam Antrian" , 1:"Selesai", 2:"Dibatalkan", 3:"Ditunda"',
  `is_closed` enum('0','1') NOT NULL DEFAULT '0' COMMENT '	0 = Masih Proses Periksa, 1 = Selesai Diperiksa',
  `is_bayar` enum('0','1') NOT NULL DEFAULT '0',
  `is_pasien` enum('0','1') NOT NULL COMMENT '0 = Pasien Lama, 1 = Pasien Baru',
  `Tindakan` enum('OPERATIF','NON OPERATIF') NOT NULL,
  `dtm_crt` datetime NOT NULL DEFAULT current_timestamp(),
  `dtm_upd` datetime NOT NULL DEFAULT current_timestamp()
) ENGINE=MyISAM DEFAULT CHARSET=latin1;

--
-- Dumping data for table `tbl_pendaftaran`
--

INSERT INTO `tbl_pendaftaran` (`id_pendaftaran`, `no_pendaftaran`, `no_rekam_medis`, `id_klinik`, `id_dokter`, `id_poli`, `is_periksa`, `is_closed`, `is_bayar`, `is_pasien`, `Tindakan`, `dtm_crt`, `dtm_upd`) VALUES
(1, '000119', '000001', 1, 5, 0, 0, '0', '0', '1', '', '2022-05-09 12:51:00', '2022-05-09 12:51:00'),
(2, '000121', '000002', 1, 3, 0, 0, '0', '0', '1', 'OPERATIF', '2022-05-09 13:05:51', '2022-05-09 13:05:51'),
(3, '000123', '000003', 1, 3, 0, 0, '0', '0', '1', 'OPERATIF', '2022-05-09 14:04:48', '2022-05-09 14:04:48'),
(4, '000125', '000004', 1, 3, 0, 0, '0', '0', '1', '', '2022-05-09 15:10:17', '2022-05-09 15:10:17'),
(5, '000127', '000005', 1, 3, 0, 0, '0', '0', '1', '', '2022-05-09 15:16:25', '2022-05-09 15:16:25'),
(6, '000129', '000006', 1, 3, 0, 0, '0', '0', '1', '', '2022-05-10 09:17:44', '2022-05-10 09:17:44'),
(7, '000131', '000007', 1, 3, 0, 0, '0', '0', '1', 'OPERATIF', '2022-05-10 09:23:40', '2022-05-10 09:23:40'),
(8, '000133', '000008', 1, 3, 0, 0, '0', '0', '1', '', '2022-05-10 09:36:25', '2022-05-10 09:36:25'),
(9, '000135', '000009', 1, 3, 0, 0, '0', '0', '1', 'OPERATIF', '2022-05-10 09:42:19', '2022-05-10 09:42:19');

-- --------------------------------------------------------

--
-- Table structure for table `tbl_periksa`
--

CREATE TABLE `tbl_periksa` (
  `no_periksa` varchar(40) NOT NULL,
  `no_pendaftaran` varchar(30) NOT NULL,
  `no_rekam_medis` varchar(30) NOT NULL,
  `anamnesi` text NOT NULL COMMENT 'Gunakan separator ;',
  `diagnosa` text NOT NULL COMMENT 'Gunakan separator ;',
  `tindakan` text NOT NULL COMMENT 'Gunakan separator ;',
  `is_surat_ket_sakit` int(1) NOT NULL,
  `nomor_skt` varchar(18) NOT NULL,
  `tujuan_surat` varchar(60) DEFAULT NULL,
  `tanggal_mulai` date DEFAULT NULL,
  `lama_istirahat_surat` int(2) DEFAULT NULL,
  `id_dokter` int(11) NOT NULL,
  `note_dokter` varchar(200) DEFAULT NULL,
  `note_apoteker` text NOT NULL,
  `is_ambil_obat` int(1) NOT NULL,
  `obat_detail` text DEFAULT NULL,
  `dtm_crt` datetime NOT NULL DEFAULT current_timestamp(),
  `dtm_upd` datetime NOT NULL DEFAULT current_timestamp()
) ENGINE=MyISAM DEFAULT CHARSET=latin1;

-- --------------------------------------------------------

--
-- Table structure for table `tbl_periksa_diagnosa`
--

CREATE TABLE `tbl_periksa_diagnosa` (
  `id_periksa_diagnosa` int(5) NOT NULL,
  `no_periksa` varchar(40) NOT NULL,
  `id_diagnosa` int(4) NOT NULL
) ENGINE=InnoDB DEFAULT CHARSET=utf8mb4;

-- --------------------------------------------------------

--
-- Table structure for table `tbl_periksa_d_alkes`
--

CREATE TABLE `tbl_periksa_d_alkes` (
  `id_periksa_d_alkes` int(11) NOT NULL,
  `no_pendaftaran` varchar(30) NOT NULL,
  `no_periksa` varchar(40) NOT NULL,
  `kode_barang` varchar(30) NOT NULL,
  `jumlah` int(11) NOT NULL,
  `harga_satuan` int(11) NOT NULL,
  `tipe_periksa` enum('1','2','3','4','5','6') NOT NULL COMMENT '1= Poli, 2 = Rawat Inap, 3 = Operasi, 4 = Laboratorium, 5 = Radiologi, 6 = UGD',
  `dtm_crt` datetime NOT NULL DEFAULT current_timestamp(),
  `dtm_upd` datetime NOT NULL DEFAULT current_timestamp()
) ENGINE=MyISAM DEFAULT CHARSET=latin1;

-- --------------------------------------------------------

--
-- Table structure for table `tbl_periksa_d_biaya`
--

CREATE TABLE `tbl_periksa_d_biaya` (
  `id_periksa_d_biaya` int(11) NOT NULL,
  `no_pendaftaran` varchar(30) NOT NULL,
  `no_periksa` varchar(40) NOT NULL,
  `id_biaya` int(6) NOT NULL,
  `jumlah` int(5) NOT NULL,
  `biaya` int(11) NOT NULL,
  `tipe_periksa` enum('1','2','3','4','5','6') NOT NULL COMMENT '	1= Poli, 2 = Rawat Inap, 3 = Operasi, 4 = Laboratorium, 5 = Radiologi, 6 = UGD',
  `dtm_crt` datetime NOT NULL DEFAULT current_timestamp(),
  `dtm_upd` datetime NOT NULL DEFAULT current_timestamp()
) ENGINE=InnoDB DEFAULT CHARSET=utf8mb4;

-- --------------------------------------------------------

--
-- Table structure for table `tbl_periksa_d_fisik`
--

CREATE TABLE `tbl_periksa_d_fisik` (
  `id_periksa_d_fisik` int(11) NOT NULL,
  `no_periksa` varchar(40) NOT NULL,
  `nama_periksa_fisik` varchar(60) NOT NULL,
  `nilai_periksa_fisik` varchar(10) NOT NULL,
  `dtm_crt` datetime NOT NULL DEFAULT current_timestamp(),
  `dtm_upd` datetime NOT NULL DEFAULT current_timestamp()
) ENGINE=MyISAM DEFAULT CHARSET=latin1;

-- --------------------------------------------------------

--
-- Table structure for table `tbl_periksa_d_obat`
--

CREATE TABLE `tbl_periksa_d_obat` (
  `id_periksa_d_obat` int(11) NOT NULL,
  `no_pendaftaran` varchar(30) NOT NULL,
  `no_periksa` varchar(40) NOT NULL,
  `kode_barang` varchar(30) NOT NULL,
  `jumlah` double NOT NULL,
  `harga_satuan` int(11) NOT NULL,
  `anjuran` varchar(60) NOT NULL,
  `keterangan` varchar(60) NOT NULL,
  `penggunaan_obat` varchar(240) DEFAULT NULL,
  `is_tebus` int(1) NOT NULL,
  `tipe_periksa` enum('1','2','3','4','5','6') NOT NULL COMMENT '1= Poli, 2 = Rawat Inap, 3 = Operasi, 4 = Laboratorium, 5 = Radiologi, 6 = UGD',
  `dtm_crt` datetime NOT NULL DEFAULT current_timestamp(),
  `dtm_upd` datetime NOT NULL DEFAULT current_timestamp()
) ENGINE=MyISAM DEFAULT CHARSET=latin1;

-- --------------------------------------------------------

--
-- Table structure for table `tbl_periksa_d_tindakan`
--

CREATE TABLE `tbl_periksa_d_tindakan` (
  `id_periksa_d_tindakan` int(11) NOT NULL,
  `no_pendaftaran` varchar(30) COLLATE utf8mb4_unicode_ci NOT NULL,
  `no_periksa` varchar(40) COLLATE utf8mb4_unicode_ci NOT NULL,
  `kode_tindakan` varchar(8) COLLATE utf8mb4_unicode_ci NOT NULL,
  `jumlah` int(5) NOT NULL,
  `biaya` int(11) NOT NULL,
  `tipe_periksa` enum('1','2','3','4','5','6') COLLATE utf8mb4_unicode_ci NOT NULL COMMENT '1= Poli, 2 = Rawat Inap, 3 = Operasi, 4 = Laboratorium, 5 = Radiologi, 6 = UGD',
  `dtm_crt` datetime NOT NULL DEFAULT current_timestamp(),
  `dtm_upd` datetime NOT NULL DEFAULT current_timestamp()
) ENGINE=InnoDB DEFAULT CHARSET=utf8mb4 COLLATE=utf8mb4_unicode_ci;

-- --------------------------------------------------------

--
-- Table structure for table `tbl_periksa_lab`
--

CREATE TABLE `tbl_periksa_lab` (
  `id_periksa_lab` int(5) NOT NULL,
  `no_pendaftaran` varchar(30) NOT NULL,
  `no_periksa` varchar(40) NOT NULL
) ENGINE=InnoDB DEFAULT CHARSET=utf8mb4;

-- --------------------------------------------------------

--
-- Table structure for table `tbl_periksa_lab_detail`
--

CREATE TABLE `tbl_periksa_lab_detail` (
  `id_detail` int(6) NOT NULL,
  `id_periksa_lab` int(5) NOT NULL,
  `id_tipe` int(3) NOT NULL,
  `biaya` int(11) NOT NULL,
  `hasil` varchar(200) NOT NULL
) ENGINE=InnoDB DEFAULT CHARSET=utf8mb4;

-- --------------------------------------------------------

--
-- Table structure for table `tbl_periksa_lanjutan`
--

CREATE TABLE `tbl_periksa_lanjutan` (
  `id_periksa` int(11) NOT NULL,
  `no_pendaftaran` varchar(30) NOT NULL,
  `tipe_periksa` enum('1','2','3','4','5','6') NOT NULL COMMENT '1= Poli, 2 = Rawat Inap, 3 = Operasi, 4 = Laboratorium, 5 = Radiologi, 6 = UGD',
  `tanggal` datetime NOT NULL,
  `is_periksa` enum('0','1','2') NOT NULL COMMENT '0 = Sudah Diperiksa, 1 = Periksa Aktif, 2 = Sedang Diperiksa'
) ENGINE=InnoDB DEFAULT CHARSET=utf8mb4;

--
-- Dumping data for table `tbl_periksa_lanjutan`
--

INSERT INTO `tbl_periksa_lanjutan` (`id_periksa`, `no_pendaftaran`, `tipe_periksa`, `tanggal`, `is_periksa`) VALUES
(1, '000119', '1', '2022-05-09 12:51:00', '1'),
(2, '000121', '1', '2022-05-09 13:05:51', '1'),
(3, '000123', '1', '2022-05-09 14:04:48', '1'),
(4, '000125', '1', '2022-05-09 15:10:17', '1'),
(5, '000127', '1', '2022-05-09 15:16:25', '1'),
(6, '000129', '1', '2022-05-10 09:17:44', '1'),
(7, '000131', '1', '2022-05-10 09:23:40', '1'),
(8, '000133', '1', '2022-05-10 09:36:25', '1'),
(9, '000135', '1', '2022-05-10 09:42:19', '1');

-- --------------------------------------------------------

--
-- Table structure for table `tbl_periksa_operasi`
--

CREATE TABLE `tbl_periksa_operasi` (
  `id_periksa_operasi` int(3) NOT NULL,
  `no_pendaftaran` varchar(30) NOT NULL,
  `no_periksa` varchar(40) NOT NULL,
  `id_jenis_operasi` int(3) NOT NULL,
  `id_ruangan` int(3) NOT NULL,
  `biaya_ok` int(11) NOT NULL
) ENGINE=InnoDB DEFAULT CHARSET=utf8mb4;

-- --------------------------------------------------------

--
-- Table structure for table `tbl_periksa_operasi_d_alat`
--

CREATE TABLE `tbl_periksa_operasi_d_alat` (
  `id_periksa_operasi_d_alat` int(11) NOT NULL,
  `no_pendaftaran` varchar(30) COLLATE utf8mb4_unicode_ci NOT NULL,
  `no_periksa` varchar(40) COLLATE utf8mb4_unicode_ci NOT NULL,
  `id_alat` int(3) NOT NULL,
  `jumlah` int(5) NOT NULL,
  `dtm_crt` timestamp NOT NULL DEFAULT current_timestamp(),
  `dtm_upd` timestamp NOT NULL DEFAULT current_timestamp()
) ENGINE=InnoDB DEFAULT CHARSET=utf8mb4 COLLATE=utf8mb4_unicode_ci;

-- --------------------------------------------------------

--
-- Table structure for table `tbl_periksa_radiologi`
--

CREATE TABLE `tbl_periksa_radiologi` (
  `id_periksa_radiologi` int(5) NOT NULL,
  `no_pendaftaran` varchar(30) NOT NULL,
  `no_periksa` varchar(40) NOT NULL
) ENGINE=InnoDB DEFAULT CHARSET=utf8mb4;

-- --------------------------------------------------------

--
-- Table structure for table `tbl_periksa_radiologi_detail`
--

CREATE TABLE `tbl_periksa_radiologi_detail` (
  `id_detail` int(7) NOT NULL,
  `id_periksa_radiologi` int(5) NOT NULL,
  `id_tipe` int(3) NOT NULL,
  `biaya` int(11) NOT NULL,
  `hasil` varchar(200) COLLATE utf8mb4_unicode_ci NOT NULL
) ENGINE=InnoDB DEFAULT CHARSET=utf8mb4 COLLATE=utf8mb4_unicode_ci;

-- --------------------------------------------------------

--
-- Table structure for table `tbl_periksa_rawat_inap`
--

CREATE TABLE `tbl_periksa_rawat_inap` (
  `id_periksa_rawat_inap` int(5) NOT NULL,
  `no_pendaftaran` varchar(30) NOT NULL,
  `no_periksa` varchar(40) NOT NULL
) ENGINE=InnoDB DEFAULT CHARSET=utf8mb4;

-- --------------------------------------------------------

--
-- Table structure for table `tbl_periksa_rawat_inap_detail`
--

CREATE TABLE `tbl_periksa_rawat_inap_detail` (
  `id_detail` int(7) NOT NULL,
  `id_periksa_rawat_inap` int(5) NOT NULL,
  `id_kamar` int(5) NOT NULL,
  `biaya_per_hari` int(11) NOT NULL,
  `jml_hari` int(2) NOT NULL
) ENGINE=InnoDB DEFAULT CHARSET=utf8mb4;

-- --------------------------------------------------------

--
-- Table structure for table `tbl_poli`
--

CREATE TABLE `tbl_poli` (
  `id_poli` int(3) NOT NULL,
  `item` varchar(255) NOT NULL
) ENGINE=InnoDB DEFAULT CHARSET=utf8mb4;

-- --------------------------------------------------------

--
-- Table structure for table `tbl_potongan_gaji`
--

CREATE TABLE `tbl_potongan_gaji` (
  `id_potongan` int(11) NOT NULL,
  `potongan_bpjs` double DEFAULT NULL,
  `cicilan` double DEFAULT NULL,
  `kasbon` double DEFAULT NULL,
  `bulan` varchar(15) NOT NULL,
  `id_pegawai` int(11) NOT NULL,
  `dtm_crt` datetime NOT NULL DEFAULT current_timestamp(),
  `dtm_upd` datetime NOT NULL DEFAULT current_timestamp()
) ENGINE=InnoDB DEFAULT CHARSET=latin1;

-- --------------------------------------------------------

--
-- Table structure for table `tbl_profil_rumah_sakit`
--

CREATE TABLE `tbl_profil_rumah_sakit` (
  `id` int(11) NOT NULL,
  `nama_rumah_sakit` varchar(50) NOT NULL,
  `alamat` text NOT NULL,
  `propinsi` varchar(30) NOT NULL,
  `kabupaten` varchar(30) NOT NULL,
  `no_telpon` varchar(30) NOT NULL,
  `logo` text NOT NULL,
  `dtm_crt` datetime NOT NULL DEFAULT current_timestamp(),
  `dtm_upd` datetime NOT NULL DEFAULT current_timestamp()
) ENGINE=InnoDB DEFAULT CHARSET=latin1;

--
-- Dumping data for table `tbl_profil_rumah_sakit`
--

INSERT INTO `tbl_profil_rumah_sakit` (`id`, `nama_rumah_sakit`, `alamat`, `propinsi`, `kabupaten`, `no_telpon`, `logo`, `dtm_crt`, `dtm_upd`) VALUES
(1, 'Klinik Mahottama', 'Jl. Raya Genteng No. 405 Kembiritan Genteng', 'Jawa Timur', 'BANYUWANGI', '0333-8468 556', 'logo.png', '2018-03-27 11:38:32', '2022-01-07 17:30:21');

-- --------------------------------------------------------

--
-- Table structure for table `tbl_provinsi`
--

CREATE TABLE `tbl_provinsi` (
  `id` int(3) NOT NULL,
  `provinsi` varchar(200) COLLATE utf8mb4_unicode_ci NOT NULL
) ENGINE=InnoDB DEFAULT CHARSET=utf8mb4 COLLATE=utf8mb4_unicode_ci;

--
-- Dumping data for table `tbl_provinsi`
--

INSERT INTO `tbl_provinsi` (`id`, `provinsi`) VALUES
(1, 'Jawa Timur');

-- --------------------------------------------------------

--
-- Table structure for table `tbl_purchases`
--

CREATE TABLE `tbl_purchases` (
  `kode_purchase` varchar(15) NOT NULL,
  `kode_supplier` varchar(15) NOT NULL,
  `id_apoteker` int(11) NOT NULL,
  `id_klinik` int(11) NOT NULL,
  `jenis_pembayaran` varchar(15) NOT NULL,
  `is_closed` tinyint(1) NOT NULL,
  `is_receive` tinyint(1) NOT NULL,
  `keterangan` varchar(200) NOT NULL,
  `total_harga` int(11) NOT NULL,
  `tanggal_po` date NOT NULL,
  `pengirim` varchar(50) DEFAULT NULL,
  `dtm_crt` datetime NOT NULL DEFAULT current_timestamp(),
  `dtm_upd` datetime NOT NULL DEFAULT current_timestamp()
) ENGINE=InnoDB DEFAULT CHARSET=latin1;

--
-- Dumping data for table `tbl_purchases`
--

INSERT INTO `tbl_purchases` (`kode_purchase`, `kode_supplier`, `id_apoteker`, `id_klinik`, `jenis_pembayaran`, `is_closed`, `is_receive`, `keterangan`, `total_harga`, `tanggal_po`, `pengirim`, `dtm_crt`, `dtm_upd`) VALUES
('PO1640168962', 'SUP1638869394', 2, 1, '1', 0, 1, 'MAHOTTAMA', 15300000, '2021-12-22', 'WAWAN', '2021-12-22 10:29:22', '2021-12-22 10:29:22'),
('PO1640169206', 'SUP1638869025', 2, 1, '0', 1, 1, 'MAHOTTAMA', 2500000, '2021-12-22', 'YONO', '2021-12-22 10:33:26', '2021-12-22 10:33:26'),
('PO1640612138', 'SUP1638869394', 2, 1, '1', 0, 1, 'MAHOTTAMA', 16580000, '2021-12-27', 'FERY', '2021-12-27 13:35:38', '2021-12-27 13:35:38'),
('PO1640612701', 'SUP1638870114', 2, 1, '1', 0, 1, 'MAHOTTAMA', 900000, '2021-12-27', 'WAWAN', '2021-12-27 13:45:01', '2021-12-27 13:45:01'),
('PO1642136537', 'SUP1638087407', 2, 1, '1', 0, 0, 'Satuan Obat Tablet', 3960000, '2021-11-26', NULL, '2022-01-14 12:02:17', '2022-01-14 12:02:17'),
('PO1642136652', 'SUP1638087407', 2, 1, '1', 0, 0, 'Satuan Obat Tablet', 3960000, '2021-11-19', NULL, '2022-01-14 12:04:12', '2022-01-14 12:04:12'),
('PO1642136744', 'SUP1638087407', 2, 1, '1', 0, 1, 'Satuan Obat Tablet', 3960000, '2022-01-04', 'JOKO', '2022-01-14 12:05:44', '2022-01-14 12:05:44'),
('PO1642136789', 'SUP1638087407', 2, 1, '1', 0, 1, 'Satuan Obat Tablet', 3960000, '2021-12-08', 'DOT', '2022-01-14 12:06:29', '2022-01-14 12:06:29'),
('PO1649231462', 'SUP1638869841', 2, 1, '0', 0, 0, 'fix', 385000, '2022-04-06', NULL, '2022-04-06 14:51:02', '2022-04-06 14:51:02'),
('PO1649231526', 'SUP1638869841', 2, 1, '0', 0, 0, 'fix', 850000, '2022-04-06', NULL, '2022-04-06 14:52:06', '2022-04-06 14:52:06'),
('PO1649231758', 'SUP1638869394', 2, 1, '0', 0, 0, 'INJEKSI', 6086950, '2022-04-06', NULL, '2022-04-06 14:55:58', '2022-04-06 14:55:58'),
('PO1649231999', 'SUP1638869025', 2, 1, '0', 0, 0, 'INJEKSI', 16878300, '2022-04-06', NULL, '2022-04-06 14:59:59', '2022-04-06 14:59:59'),
('PO1649232116', 'SUP1638869841', 2, 1, '0', 0, 0, 'INJEKSI', 505000, '2022-04-06', NULL, '2022-04-06 15:01:56', '2022-04-06 15:01:56'),
('PO1649232230', 'SUP1638869841', 2, 1, '0', 0, 0, 'INJEKSI', 13905000, '2022-04-06', NULL, '2022-04-06 15:03:50', '2022-04-06 15:03:50'),
('PO1649232458', 'SUP1638869394', 2, 1, '0', 0, 0, 'INJEKSI', 18234500, '2022-04-06', NULL, '2022-04-06 15:07:38', '2022-04-06 15:07:38'),
('PO1649232622', 'SUP1638869841', 2, 1, '0', 0, 0, 'INJEKSI', 7108685, '2022-04-06', NULL, '2022-04-06 15:10:22', '2022-04-06 15:10:22'),
('PO1649232898', 'SUP1638087407', 2, 1, '0', 0, 0, 'INJEKSI', 10376750, '2022-04-06', NULL, '2022-04-06 15:14:58', '2022-04-06 15:14:58'),
('PO1649233372', 'SUP1638870114', 2, 1, '0', 1, 1, 'INJEKSI', 27830975, '2022-04-06', 'JOKO', '2022-04-06 15:22:52', '2022-04-06 15:22:52'),
('PO1649237577', 'SUP1638870114', 2, 1, '0', 1, 1, 'BENANG', 8372500, '2022-04-06', 'WAWAN', '2022-04-06 16:32:57', '2022-04-06 16:32:57');

-- --------------------------------------------------------

--
-- Table structure for table `tbl_purchase_d`
--

CREATE TABLE `tbl_purchase_d` (
  `id_purchase_d` int(11) NOT NULL,
  `kode_purchase` varchar(15) NOT NULL,
  `kode_barang` varchar(15) NOT NULL,
  `jumlah` double NOT NULL,
  `harga` int(11) NOT NULL,
  `diskon` int(11) NOT NULL,
  `dtm_crt` datetime NOT NULL DEFAULT current_timestamp(),
  `dtm_upd` datetime NOT NULL DEFAULT current_timestamp()
) ENGINE=InnoDB DEFAULT CHARSET=latin1;

--
-- Dumping data for table `tbl_purchase_d`
--

INSERT INTO `tbl_purchase_d` (`id_purchase_d`, `kode_purchase`, `kode_barang`, `jumlah`, `harga`, `diskon`, `dtm_crt`, `dtm_upd`) VALUES
(4, 'PO1640168962', 'AKNXA', 75, 105000, 0, '2021-12-22 10:29:22', '2021-12-22 10:29:22'),
(5, 'PO1640168962', 'AKMCA', 55, 135000, 0, '2021-12-22 10:29:22', '2021-12-22 10:29:22'),
(6, 'PO1640169206', 'BRG1638272332', 125, 20000, 0, '2021-12-22 10:33:26', '2021-12-22 10:33:26'),
(7, 'PO1640612138', 'AKNXA', 120, 109000, 0, '2021-12-27 13:35:38', '2021-12-27 13:35:38'),
(8, 'PO1640612138', 'AKMCA', 25, 140000, 0, '2021-12-27 13:35:38', '2021-12-27 13:35:38'),
(9, 'PO1640612701', 'BRG1638090777', 150, 6000, 0, '2021-12-27 13:45:01', '2021-12-27 13:45:01'),
(42, 'PO1642136537', 'BRG1642135928', 30, 66000, 0, '2022-01-14 12:02:17', '2022-01-14 12:02:17'),
(43, 'PO1642136537', 'BRG1642136012', 300, 6600, 0, '2022-01-14 12:02:17', '2022-01-14 12:02:17'),
(44, 'PO1642136652', 'BRG1642135928', 30, 66000, 0, '2022-01-14 12:04:12', '2022-01-14 12:04:12'),
(45, 'PO1642136652', 'BRG1642136012', 300, 6600, 0, '2022-01-14 12:04:12', '2022-01-14 12:04:12'),
(46, 'PO1642136744', 'BRG1642135928', 60, 66000, 0, '2022-01-14 12:05:44', '2022-01-14 12:05:44'),
(47, 'PO1642136789', 'BRG1642135928', 60, 66000, 0, '2022-01-14 12:06:29', '2022-01-14 12:06:29'),
(49, 'PO1649231462', 'BRG1638505330', 100, 3850, 0, '2022-04-06 14:51:02', '2022-04-06 14:51:02'),
(50, 'PO1649231526', 'BRG1638505328', 100, 8500, 0, '2022-04-06 14:52:06', '2022-04-06 14:52:06'),
(51, 'PO1649231758', 'BRG1638505333', 100, 11000, 0, '2022-04-06 14:55:58', '2022-04-06 14:55:58'),
(52, 'PO1649231758', 'BRG1638505337', 150, 3113, 0, '2022-04-06 14:55:58', '2022-04-06 14:55:58'),
(53, 'PO1649231758', 'BRG1638505338', 50, 44000, 0, '2022-04-06 14:55:58', '2022-04-06 14:55:58'),
(54, 'PO1649231758', 'BRG1638505339', 50, 46400, 0, '2022-04-06 14:55:58', '2022-04-06 14:55:58'),
(55, 'PO1649231999', 'BRG1638505341', 50, 73000, 0, '2022-04-06 14:59:59', '2022-04-06 14:59:59'),
(56, 'PO1649231999', 'BRG1638505342', 100, 19650, 0, '2022-04-06 14:59:59', '2022-04-06 14:59:59'),
(57, 'PO1649231999', 'BRG1638505343', 5, 1625000, 0, '2022-04-06 14:59:59', '2022-04-06 14:59:59'),
(58, 'PO1649231999', 'BRG1638505346', 100, 16500, 0, '2022-04-06 14:59:59', '2022-04-06 14:59:59'),
(59, 'PO1649231999', 'BRG1638505349', 150, 9922, 0, '2022-04-06 14:59:59', '2022-04-06 14:59:59'),
(60, 'PO1649232116', 'BRG1638505352', 200, 2525, 0, '2022-04-06 15:01:56', '2022-04-06 15:01:56'),
(61, 'PO1649232230', 'BRG1648723085', 10, 365500, 0, '2022-04-06 15:03:50', '2022-04-06 15:03:50'),
(62, 'PO1649232230', 'BRG1638505354', 50, 84000, 0, '2022-04-06 15:03:50', '2022-04-06 15:03:50'),
(63, 'PO1649232230', 'BRG1648723208', 5, 1210000, 0, '2022-04-06 15:03:50', '2022-04-06 15:03:50'),
(64, 'PO1649232458', 'BRG1638505388', 100, 10500, 0, '2022-04-06 15:07:38', '2022-04-06 15:07:38'),
(65, 'PO1649232458', 'BRG1648723446', 100, 39500, 0, '2022-04-06 15:07:38', '2022-04-06 15:07:38'),
(66, 'PO1649232458', 'BRG1648723510', 25, 225500, 0, '2022-04-06 15:07:38', '2022-04-06 15:07:38'),
(67, 'PO1649232458', 'BRG1638505359', 100, 45100, 0, '2022-04-06 15:07:38', '2022-04-06 15:07:38'),
(68, 'PO1649232458', 'BRG1638505360', 15, 205800, 0, '2022-04-06 15:07:38', '2022-04-06 15:07:38'),
(69, 'PO1649232622', 'BRG1638505335', 100, 18843, 0, '2022-04-06 15:10:22', '2022-04-06 15:10:22'),
(70, 'PO1649232622', 'BRG1638505364', 100, 10450, 0, '2022-04-06 15:10:22', '2022-04-06 15:10:22'),
(71, 'PO1649232622', 'BRG1648724982', 75, 33000, 0, '2022-04-06 15:10:22', '2022-04-06 15:10:22'),
(72, 'PO1649232622', 'BRG1648725032', 5, 340877, 0, '2022-04-06 15:10:22', '2022-04-06 15:10:22'),
(73, 'PO1649232898', 'BRG1638505365', 100, 8800, 0, '2022-04-06 15:14:58', '2022-04-06 15:14:58'),
(74, 'PO1649232898', 'BRG1638505367', 5, 473880, 0, '2022-04-06 15:14:58', '2022-04-06 15:14:58'),
(75, 'PO1649232898', 'BRG1638505368', 100, 820, 0, '2022-04-06 15:14:58', '2022-04-06 15:14:58'),
(76, 'PO1649232898', 'BRG1638505369', 100, 9130, 0, '2022-04-06 15:14:58', '2022-04-06 15:14:58'),
(77, 'PO1649232898', 'BRG1648725403', 25, 95810, 0, '2022-04-06 15:14:58', '2022-04-06 15:14:58'),
(78, 'PO1649232898', 'BRG1638505372', 100, 9321, 0, '2022-04-06 15:14:58', '2022-04-06 15:14:58'),
(79, 'PO1649232898', 'BRG1638505373', 15, 187000, 0, '2022-04-06 15:14:58', '2022-04-06 15:14:58'),
(80, 'PO1649233372', 'BRG1638505374', 100, 8250, 0, '2022-04-06 15:22:52', '2022-04-06 15:22:52'),
(81, 'PO1649233372', 'BRG1638505376', 50, 34650, 0, '2022-04-06 15:22:52', '2022-04-06 15:22:52'),
(82, 'PO1649233372', 'BRG1648725689', 75, 11781, 0, '2022-04-06 15:22:52', '2022-04-06 15:22:52'),
(83, 'PO1649233372', 'BRG1638505379', 7, 173250, 0, '2022-04-06 15:22:52', '2022-04-06 15:22:52'),
(84, 'PO1649233372', 'BRG1638505381', 50, 20735, 0, '2022-04-06 15:22:52', '2022-04-06 15:22:52'),
(85, 'PO1649233372', 'BRG1641821297', 50, 42250, 0, '2022-04-06 15:22:52', '2022-04-06 15:22:52'),
(86, 'PO1649233372', 'BRG1638505383', 100, 9229, 0, '2022-04-06 15:22:52', '2022-04-06 15:22:52'),
(87, 'PO1649233372', 'BRG1648726186', 15, 172200, 0, '2022-04-06 15:22:52', '2022-04-06 15:22:52'),
(88, 'PO1649233372', 'BRG1641821138', 25, 70600, 0, '2022-04-06 15:22:52', '2022-04-06 15:22:52'),
(89, 'PO1649233372', 'BRG1648726436', 25, 164800, 0, '2022-04-06 15:22:52', '2022-04-06 15:22:52'),
(90, 'PO1649233372', 'BRG1638505390', 25, 220000, 0, '2022-04-06 15:22:52', '2022-04-06 15:22:52'),
(91, 'PO1649233372', 'BRG1638505387', 100, 11990, 0, '2022-04-06 15:22:52', '2022-04-06 15:22:52'),
(92, 'PO1649233372', 'BRG1638505391', 100, 39380, 0, '2022-04-06 15:22:52', '2022-04-06 15:22:52'),
(93, 'PO1649237577', 'BRG1641826447', 24, 70000, 0, '2022-04-06 16:32:57', '2022-04-06 16:32:57'),
(94, 'PO1649237577', 'BRG1641826367', 25, 68500, 0, '2022-04-06 16:32:57', '2022-04-06 16:32:57'),
(95, 'PO1649237577', 'BRG1641826797', 24, 106500, 0, '2022-04-06 16:32:57', '2022-04-06 16:32:57'),
(96, 'PO1649237577', 'BRG1641826738', 24, 101000, 0, '2022-04-06 16:32:57', '2022-04-06 16:32:57');

-- --------------------------------------------------------

--
-- Table structure for table `tbl_rapid_antigen`
--

CREATE TABLE `tbl_rapid_antigen` (
  `id_rapid` int(4) NOT NULL,
  `nama` varchar(150) NOT NULL,
  `no_sampel` varchar(30) NOT NULL,
  `nik_or_passport` varchar(20) NOT NULL,
  `tgl_lahir` date NOT NULL,
  `jenis_kelamin` enum('L','P') DEFAULT NULL,
  `email` varchar(150) NOT NULL,
  `no_hp` varchar(15) NOT NULL,
  `alamat_domisili` text NOT NULL,
  `pekerjaan` varchar(150) NOT NULL,
  `alamat_bekerja` text NOT NULL,
  `keluhan` text NOT NULL,
  `komorbid` text NOT NULL,
  `alasan` text NOT NULL,
  `riwayat_vaksin` enum('Belum','Sudah') NOT NULL,
  `tgl_vaksin_1` date NOT NULL,
  `tgl_vaksin_2` date NOT NULL,
  `riwayat_kontak` enum('Ya','Tidak') NOT NULL,
  `tgl_kontak` date NOT NULL,
  `kontak_di` varchar(200) NOT NULL,
  `riwayat_swab_rapid_sebelumnya` text NOT NULL,
  `id_dokter` int(11) NOT NULL,
  `parameter_pemeriksaan` varchar(255) NOT NULL,
  `hasil` enum('Positif','Negatif') DEFAULT NULL,
  `nilai_rujukan` enum('Positif','Negatif') DEFAULT NULL,
  `saran` text NOT NULL,
  `tgl_pemeriksaan` datetime NOT NULL,
  `tgl_buat` date NOT NULL,
  `status` enum('0','1') NOT NULL DEFAULT '0',
  `qr_code` varchar(50) NOT NULL
) ENGINE=InnoDB DEFAULT CHARSET=utf8mb4;

-- --------------------------------------------------------

--
-- Table structure for table `tbl_ref_gaji`
--

CREATE TABLE `tbl_ref_gaji` (
  `id_ref_gaji` int(11) NOT NULL,
  `id_jabatan` int(11) NOT NULL,
  `gaji_pokok` double NOT NULL,
  `uang_kehadiran` double NOT NULL,
  `uang_makan` double NOT NULL,
  `uang_transport` double NOT NULL,
  `uang_lembur` double NOT NULL,
  `dtm_crt` datetime NOT NULL DEFAULT current_timestamp(),
  `dtm_upd` datetime NOT NULL DEFAULT current_timestamp()
) ENGINE=InnoDB DEFAULT CHARSET=latin1;

--
-- Dumping data for table `tbl_ref_gaji`
--

INSERT INTO `tbl_ref_gaji` (`id_ref_gaji`, `id_jabatan`, `gaji_pokok`, `uang_kehadiran`, `uang_makan`, `uang_transport`, `uang_lembur`, `dtm_crt`, `dtm_upd`) VALUES
(1, 5, 0, 28800, 0, 0, 0, '2019-11-21 15:55:47', '2021-09-23 04:26:06'),
(2, 4, 0, 10000, 7500, 2500, 0, '2019-11-21 16:13:40', '2021-09-23 04:25:50'),
(3, 3, 4000000, 250000, 500000, 500000, 0, '2019-11-22 15:44:21', '2021-12-01 07:30:29'),
(4, 1, 1000000, 125000, 250000, 250000, 0, '2019-11-25 17:58:55', '2021-12-01 07:31:32'),
(5, 2, 1000000, 125000, 250000, 250000, 0, '2019-11-27 19:16:13', '2021-12-01 07:29:40'),
(6, 9, 2000000, 0, 250000, 0, 0, '2021-09-23 11:29:14', '2021-12-01 07:31:08'),
(7, 7, 1850000, 125000, 250000, 0, 0, '2021-09-23 11:29:48', '2021-12-01 07:32:16'),
(8, 6, 1650000, 0, 0, 0, 0, '2021-09-23 11:30:06', '2021-09-23 11:30:06'),
(9, 12, 1000000, 125000, 250000, 250000, 0, '2021-12-01 07:29:06', '2021-12-01 07:29:06');

-- --------------------------------------------------------

--
-- Table structure for table `tbl_rekap_asuransi`
--

CREATE TABLE `tbl_rekap_asuransi` (
  `id_rekap_asuransi` int(11) NOT NULL,
  `no_transaksi` varchar(30) NOT NULL,
  `amount` decimal(10,0) NOT NULL,
  `dtm_crt` datetime NOT NULL DEFAULT current_timestamp(),
  `dtm_upd` datetime NOT NULL DEFAULT current_timestamp()
) ENGINE=MyISAM DEFAULT CHARSET=latin1;

-- --------------------------------------------------------

--
-- Table structure for table `tbl_ruangan_operasi`
--

CREATE TABLE `tbl_ruangan_operasi` (
  `id` int(3) NOT NULL,
  `nama` varchar(60) COLLATE utf8mb4_unicode_ci NOT NULL,
  `status` enum('0','1') COLLATE utf8mb4_unicode_ci NOT NULL COMMENT '0 = Kosong, 1 = Terisi'
) ENGINE=InnoDB DEFAULT CHARSET=utf8mb4 COLLATE=utf8mb4_unicode_ci;

--
-- Dumping data for table `tbl_ruangan_operasi`
--

INSERT INTO `tbl_ruangan_operasi` (`id`, `nama`, `status`) VALUES
(1, 'Ruangan Operasi A', '0');

-- --------------------------------------------------------

--
-- Table structure for table `tbl_saldo_akun`
--

CREATE TABLE `tbl_saldo_akun` (
  `id_saldo` int(11) NOT NULL,
  `id_akun` int(11) NOT NULL,
  `tanggal` varchar(15) NOT NULL,
  `jumlah_saldo` double NOT NULL,
  `is_updated` int(1) NOT NULL,
  `dtm_crt` datetime NOT NULL DEFAULT current_timestamp(),
  `dtm_upd` datetime NOT NULL DEFAULT current_timestamp()
) ENGINE=InnoDB DEFAULT CHARSET=latin1;

--
-- Dumping data for table `tbl_saldo_akun`
--

INSERT INTO `tbl_saldo_akun` (`id_saldo`, `id_akun`, `tanggal`, `jumlah_saldo`, `is_updated`, `dtm_crt`, `dtm_upd`) VALUES
(1, 20, '2021-12', 35607949, 0, '2022-01-07 12:05:14', '2022-01-07 12:05:14'),
(2, 58, '2021-12', -4182000, 0, '2022-01-07 12:05:14', '2022-01-07 12:05:14'),
(3, 59, '2021-12', -324000, 0, '2022-01-07 12:05:14', '2022-01-07 12:05:14'),
(4, 109, '2021-12', 0, 0, '2022-01-07 12:05:14', '2022-01-07 12:05:14'),
(5, 112, '2021-12', 3819000, 0, '2022-01-07 12:05:14', '2022-01-07 12:05:14'),
(6, 113, '2021-12', 348000, 0, '2022-01-07 12:05:14', '2022-01-07 12:05:14'),
(7, 115, '2021-12', 27451249, 0, '2022-01-07 12:05:14', '2022-01-07 12:05:14'),
(8, 116, '2021-12', 361200, 0, '2022-01-07 12:05:14', '2022-01-07 12:05:14'),
(9, 117, '2021-12', 288500, 0, '2022-01-07 12:05:14', '2022-01-07 12:05:14'),
(10, 118, '2021-12', 2300000, 0, '2022-01-07 12:05:14', '2022-01-07 12:05:14'),
(11, 65, '2021-12', 0, 0, '2022-01-07 12:05:14', '2022-01-07 12:05:14'),
(12, 58, '2022-02', 0, 0, '2022-02-23 08:03:31', '2022-02-23 08:03:31'),
(13, 59, '2022-02', 0, 0, '2022-02-23 08:03:31', '2022-02-23 08:03:31'),
(14, 109, '2022-02', 0, 0, '2022-02-23 08:03:31', '2022-02-23 08:03:31'),
(15, 65, '2022-02', 0, 0, '2022-02-23 08:03:31', '2022-02-23 08:03:31'),
(16, 58, '2022-01', 0, 0, '2022-02-23 08:03:40', '2022-02-23 08:03:40'),
(17, 59, '2022-01', 0, 0, '2022-02-23 08:03:40', '2022-02-23 08:03:40'),
(18, 109, '2022-01', 0, 0, '2022-02-23 08:03:40', '2022-02-23 08:03:40'),
(19, 65, '2022-01', 0, 0, '2022-02-23 08:03:40', '2022-02-23 08:03:40'),
(20, 20, '2022-04', 0, 0, '2022-04-01 17:07:57', '2022-04-01 17:07:57'),
(21, 58, '2022-04', 0, 0, '2022-04-01 17:07:57', '2022-04-01 17:07:57'),
(22, 59, '2022-04', 0, 0, '2022-04-01 17:07:57', '2022-04-01 17:07:57'),
(23, 109, '2022-04', 0, 0, '2022-04-01 17:07:57', '2022-04-01 17:07:57'),
(24, 112, '2022-04', 0, 0, '2022-04-01 17:07:57', '2022-04-01 17:07:57'),
(25, 113, '2022-04', 0, 0, '2022-04-01 17:07:57', '2022-04-01 17:07:57'),
(26, 115, '2022-04', 0, 0, '2022-04-01 17:07:57', '2022-04-01 17:07:57'),
(27, 118, '2022-04', 0, 0, '2022-04-01 17:07:57', '2022-04-01 17:07:57'),
(28, 65, '2022-04', 0, 0, '2022-04-01 17:07:57', '2022-04-01 17:07:57'),
(29, 20, '2022-03', 0, 0, '2022-04-01 17:08:04', '2022-04-01 17:08:04'),
(30, 58, '2022-03', 0, 0, '2022-04-01 17:08:04', '2022-04-01 17:08:04'),
(31, 59, '2022-03', 0, 0, '2022-04-01 17:08:04', '2022-04-01 17:08:04'),
(32, 109, '2022-03', 0, 0, '2022-04-01 17:08:04', '2022-04-01 17:08:04'),
(33, 112, '2022-03', 0, 0, '2022-04-01 17:08:04', '2022-04-01 17:08:04'),
(34, 113, '2022-03', 0, 0, '2022-04-01 17:08:04', '2022-04-01 17:08:04'),
(35, 115, '2022-03', 0, 0, '2022-04-01 17:08:04', '2022-04-01 17:08:04'),
(36, 118, '2022-03', 0, 0, '2022-04-01 17:08:04', '2022-04-01 17:08:04'),
(37, 65, '2022-03', 0, 0, '2022-04-01 17:08:04', '2022-04-01 17:08:04');

-- --------------------------------------------------------

--
-- Table structure for table `tbl_satuan_barang`
--

CREATE TABLE `tbl_satuan_barang` (
  `id_satuan` int(11) NOT NULL,
  `nama_satuan` varchar(60) NOT NULL,
  `keterangan` varchar(50) NOT NULL,
  `dtm_crt` datetime NOT NULL DEFAULT current_timestamp(),
  `dtm_upd` datetime NOT NULL DEFAULT current_timestamp()
) ENGINE=InnoDB DEFAULT CHARSET=latin1;

--
-- Dumping data for table `tbl_satuan_barang`
--

INSERT INTO `tbl_satuan_barang` (`id_satuan`, `nama_satuan`, `keterangan`, `dtm_crt`, `dtm_upd`) VALUES
(1, 'Botol', 'Satuan Obat Syrup', '2018-03-04 21:46:41', '2022-01-10 20:03:44'),
(2, 'Ampul', 'Satuan Obat Injeksi', '2018-03-04 21:46:41', '2022-01-10 20:03:15'),
(4, 'MG', 'Miligram', '2018-03-04 21:46:41', '2022-01-10 20:02:41'),
(6, 'Cap', 'Satuan Obat Capsul', '2018-03-04 21:46:41', '2022-01-10 20:02:21'),
(7, 'CM', 'Centimeter', '2018-03-04 21:48:53', '2022-01-10 20:01:59'),
(8, 'Pcs', 'Satuan BMHP', '2021-06-18 12:39:32', '2022-01-10 20:01:29'),
(9, 'Tab', 'Satuan Obat Tablet', '2021-10-04 09:48:20', '2022-01-10 20:01:01'),
(10, 'ML', 'Milliliter', '2021-10-04 09:48:42', '2022-01-10 20:00:26'),
(13, 'Vial', 'Satuan Obat Injeksi', '2021-12-03 09:36:23', '2022-01-10 19:59:22'),
(14, 'Flas', 'Satuan Cairan Infus', '2021-12-03 09:36:27', '2022-01-10 19:59:46'),
(15, 'Lembar', 'Satuan Plester Rawat Luka', '2022-01-10 09:45:41', '2022-01-10 09:45:41'),
(16, 'Tube', 'Satuan Obat Salep', '2022-01-10 20:04:19', '2022-01-10 20:04:32'),
(17, 'PASANG', 'BERPASANGAN', '2022-01-22 12:16:11', '2022-01-22 12:16:11'),
(18, 'BOX', '', '2022-03-31 17:48:27', '2022-03-31 17:48:27');

-- --------------------------------------------------------

--
-- Table structure for table `tbl_setting`
--

CREATE TABLE `tbl_setting` (
  `id_setting` int(11) NOT NULL,
  `nama_setting` varchar(50) NOT NULL,
  `value` varchar(40) NOT NULL,
  `dtm_crt` datetime NOT NULL DEFAULT current_timestamp(),
  `dtm_upd` datetime NOT NULL DEFAULT current_timestamp()
) ENGINE=InnoDB DEFAULT CHARSET=latin1;

--
-- Dumping data for table `tbl_setting`
--

INSERT INTO `tbl_setting` (`id_setting`, `nama_setting`, `value`, `dtm_crt`, `dtm_upd`) VALUES
(1, 'Tampil Menu', 'ya', '2018-03-27 10:46:50', '2018-03-27 10:46:50');

-- --------------------------------------------------------

--
-- Table structure for table `tbl_setting_gaji`
--

CREATE TABLE `tbl_setting_gaji` (
  `id_setting_gaji` int(11) NOT NULL,
  `id_pegawai` int(11) NOT NULL,
  `gaji_pokok` double NOT NULL,
  `uang_kehadiran` double DEFAULT NULL,
  `uang_makan` double DEFAULT NULL,
  `uang_transport` double DEFAULT NULL,
  `uang_lembur` double DEFAULT NULL,
  `potongan_telat` double DEFAULT NULL,
  `tunjangan` double DEFAULT NULL,
  `dtm_crt` datetime NOT NULL DEFAULT current_timestamp(),
  `dtm_upd` datetime NOT NULL DEFAULT current_timestamp()
) ENGINE=InnoDB DEFAULT CHARSET=latin1;

-- --------------------------------------------------------

--
-- Table structure for table `tbl_shift`
--

CREATE TABLE `tbl_shift` (
  `id_shift` int(11) NOT NULL,
  `nama_shift` varchar(15) NOT NULL,
  `jam_datang` time DEFAULT NULL,
  `jam_pulang` time DEFAULT NULL,
  `id_klinik` int(11) NOT NULL,
  `dtm_crt` datetime NOT NULL DEFAULT current_timestamp(),
  `dtm_upd` datetime NOT NULL DEFAULT current_timestamp()
) ENGINE=InnoDB DEFAULT CHARSET=latin1;

--
-- Dumping data for table `tbl_shift`
--

INSERT INTO `tbl_shift` (`id_shift`, `nama_shift`, `jam_datang`, `jam_pulang`, `id_klinik`, `dtm_crt`, `dtm_upd`) VALUES
(1, 'S2', '15:00:00', '21:00:00', 1, '2019-11-26 13:14:02', '2021-09-23 04:10:58'),
(2, 'S1', '14:00:00', '20:00:00', 1, '2019-11-26 13:17:05', '2021-09-23 04:10:46'),
(3, 'P2', '08:00:00', '14:00:00', 1, '2019-11-26 13:18:03', '2021-09-23 04:07:12'),
(4, 'P1', '07:00:00', '13:00:00', 1, '2019-11-26 13:18:25', '2021-09-23 04:06:50'),
(5, 'P3', '09:00:00', '15:00:00', 0, '2021-09-23 11:12:00', '2021-09-23 11:12:00'),
(6, 'P3', '09:00:00', '15:00:00', 0, '2021-09-23 11:13:09', '2021-09-23 11:13:09');

-- --------------------------------------------------------

--
-- Table structure for table `tbl_sksehat`
--

CREATE TABLE `tbl_sksehat` (
  `nomor` varchar(18) NOT NULL,
  `nama` varchar(100) NOT NULL,
  `umur` int(2) NOT NULL,
  `pekerjaan` varchar(200) NOT NULL,
  `jenis_kelamin` enum('L','P') NOT NULL,
  `tinggi_badan` float NOT NULL,
  `berat_badan` float NOT NULL,
  `golongan_darah` varchar(2) NOT NULL,
  `alamat` text NOT NULL,
  `buta_warna` varchar(150) NOT NULL,
  `keperluan` text NOT NULL,
  `tgl_cetak` date NOT NULL,
  `id_dokter` int(5) NOT NULL
) ENGINE=InnoDB DEFAULT CHARSET=utf8mb4;

-- --------------------------------------------------------

--
-- Table structure for table `tbl_spesialis`
--

CREATE TABLE `tbl_spesialis` (
  `id_spesialis` int(11) NOT NULL,
  `spesialis` varchar(40) NOT NULL,
  `dtm_crt` datetime NOT NULL DEFAULT current_timestamp(),
  `dtm_upd` datetime NOT NULL DEFAULT current_timestamp()
) ENGINE=InnoDB DEFAULT CHARSET=latin1;

--
-- Dumping data for table `tbl_spesialis`
--

INSERT INTO `tbl_spesialis` (`id_spesialis`, `spesialis`, `dtm_crt`, `dtm_upd`) VALUES
(4, 'Umum', '2018-03-27 10:47:49', '2018-03-27 10:47:49'),
(5, 'Penyakit Dalam', '2018-03-27 10:47:49', '2018-03-27 10:47:49'),
(6, 'Gigi', '2021-09-23 09:20:20', '2021-09-23 02:20:31'),
(11, 'Spesialis Bedah', '2021-11-28 11:30:04', '2021-11-28 14:29:44'),
(13, 'Kandungan', '2022-05-09 11:29:31', '2022-05-09 11:29:31');

-- --------------------------------------------------------

--
-- Table structure for table `tbl_status_menikah`
--

CREATE TABLE `tbl_status_menikah` (
  `id_status_menikah` int(11) NOT NULL,
  `status_menikah` varchar(30) NOT NULL,
  `dtm_crt` datetime NOT NULL DEFAULT current_timestamp(),
  `dtm_upd` datetime NOT NULL DEFAULT current_timestamp()
) ENGINE=InnoDB DEFAULT CHARSET=latin1;

--
-- Dumping data for table `tbl_status_menikah`
--

INSERT INTO `tbl_status_menikah` (`id_status_menikah`, `status_menikah`, `dtm_crt`, `dtm_upd`) VALUES
(1, 'kawin', '2018-03-27 10:48:33', '2018-03-27 10:48:33'),
(2, 'belum kawin', '2018-03-27 10:48:33', '2018-03-27 10:48:33'),
(3, 'duda', '2018-03-27 10:48:33', '2018-03-27 10:48:33'),
(4, 'janda', '2018-03-27 10:48:33', '2018-03-27 10:48:33');

-- --------------------------------------------------------

--
-- Table structure for table `tbl_stok_adjustment`
--

CREATE TABLE `tbl_stok_adjustment` (
  `kode` varchar(15) NOT NULL,
  `tanggal` datetime NOT NULL
) ENGINE=InnoDB DEFAULT CHARSET=utf8mb4;

-- --------------------------------------------------------

--
-- Table structure for table `tbl_stok_adjustment_detail`
--

CREATE TABLE `tbl_stok_adjustment_detail` (
  `id_detail` int(6) NOT NULL,
  `kode` varchar(15) NOT NULL,
  `kode_barang` varchar(15) NOT NULL,
  `from_stok` int(7) NOT NULL,
  `to_stok` int(7) NOT NULL
) ENGINE=InnoDB DEFAULT CHARSET=utf8mb4;

-- --------------------------------------------------------

--
-- Table structure for table `tbl_supplier`
--

CREATE TABLE `tbl_supplier` (
  `kode_supplier` varchar(15) NOT NULL,
  `nama_supplier` varchar(50) NOT NULL,
  `alamat_supplier` varchar(200) NOT NULL,
  `kota` varchar(25) NOT NULL,
  `telp` varchar(25) NOT NULL,
  `npwp` varchar(25) NOT NULL,
  `no_rekening` varchar(25) NOT NULL,
  `dtm_crt` datetime NOT NULL DEFAULT current_timestamp(),
  `dtm_upd` datetime NOT NULL DEFAULT current_timestamp()
) ENGINE=InnoDB DEFAULT CHARSET=latin1;

--
-- Dumping data for table `tbl_supplier`
--

INSERT INTO `tbl_supplier` (`kode_supplier`, `nama_supplier`, `alamat_supplier`, `kota`, `telp`, `npwp`, `no_rekening`, `dtm_crt`, `dtm_upd`) VALUES
('SUP1638087407', 'ALPHA', 'Banyuwangi', 'Banyuwangi', '083', '123456', '456789', '2021-11-28 15:16:47', '2021-11-28 15:16:47'),
('SUP1638869025', 'BINA SAN PRIMA (BSP)', 'JALAN LETJEN SUTOYO NO.138, KRAJAN, KRANJINGAN, KECAMATAN SUMBERSARI, KABUPATEN JEMBER', 'JEMBER', '08112047418', '000', '000', '2021-12-07 09:23:45', '2021-12-07 09:23:45'),
('SUP1638869394', 'ENSEVAL PUTERA MEGATRADING', 'JALAN MOLTER NONGSINSIDI NO.889 JEMBER', 'JEMBER', '(0331) 335000', '01.342.572.3-054.000', '1. MANDIRI VA (8800701301', '2021-12-07 09:29:54', '2021-12-07 09:30:59'),
('SUP1638869841', 'MITRA MEDITAMA ABADI', 'JALAN SIMPANG DANAU LIMBOTO TIMUR II A5-I 32', 'MALANG', '0', '31.310.458.0-623.000', 'BCA (318.319.777)', '2021-12-07 09:37:21', '2021-12-07 09:37:21'),
('SUP1638870114', 'SURGIKA ALKESINDO', 'JALAN LETJEN SUPRAPTO NO. 60 GEDUNG INDRA SENTRAL UNIT G-H', 'JAKARTA PUSAT', '(021) 425 3634', '94.231.534.2-627.000', 'BNI (016 361 126 5)', '2021-12-07 09:41:54', '2021-12-07 09:41:54');

-- --------------------------------------------------------

--
-- Table structure for table `tbl_tindakan`
--

CREATE TABLE `tbl_tindakan` (
  `kode_tindakan` varchar(8) NOT NULL,
  `tindakan` varchar(150) NOT NULL,
  `biaya` int(11) NOT NULL,
  `id_kategori` int(3) NOT NULL
) ENGINE=InnoDB DEFAULT CHARSET=utf8;

--
-- Dumping data for table `tbl_tindakan`
--

INSERT INTO `tbl_tindakan` (`kode_tindakan`, `tindakan`, `biaya`, `id_kategori`) VALUES
('B10', 'PASANG RECTAL TUBE', 25000, 6),
('B11', 'AFF RECTAL TUBE', 25000, 6),
('B12', 'PASANG DRAIN', 25000, 6),
('B13', 'AFF DRAIN', 25000, 6),
('B14', 'PASANG KATETER', 25000, 6),
('B15', 'AFF  KATETER', 25000, 6),
('B2', 'PASANG INFUS', 5000, 6),
('B2A', 'AFF INFUS', 5000, 8),
('B3', 'INJEKSI/OBAT', 5000, 6),
('B4', 'HECTING &lt; 5 CM', 100000, 6),
('B5', 'HECTING &lt; 5 - 10 CM', 250000, 6),
('B6', 'RAWAT LUKA SEDERHANA', 125000, 6),
('B7', 'RAWAT LUKA SEDANG', 250000, 6),
('B8', 'PASANG NGT', 25000, 6),
('B9', 'AFF NGT', 25000, 6),
('C10', 'RAWAT LUKA POST OP', 35000, 7),
('C3', 'RAWAT LUKA  RINGAN - POLI', 200000, 7),
('C4', 'RAWAT LUKA SEDANG - POLI', 300000, 7),
('C5', 'RAWAT LUKA BERAT - POLI', 400000, 7),
('C6', 'ANGKAT JAHITAN', 15000, 7),
('C7', 'GANTI KATETER', 25000, 7),
('C8', 'ASPIRASI SEROMA', 100000, 7),
('C9', 'INCISI ABSES', 100000, 7);

-- --------------------------------------------------------

--
-- Table structure for table `tbl_tipe_periksa_jasa`
--

CREATE TABLE `tbl_tipe_periksa_jasa` (
  `id_tipe` int(3) NOT NULL,
  `item` varchar(255) NOT NULL,
  `harga` int(9) NOT NULL
) ENGINE=InnoDB DEFAULT CHARSET=utf8mb4;

-- --------------------------------------------------------

--
-- Table structure for table `tbl_tipe_periksa_lab`
--

CREATE TABLE `tbl_tipe_periksa_lab` (
  `id_tipe` int(3) NOT NULL,
  `item` varchar(200) NOT NULL,
  `id_kategori` int(3) NOT NULL,
  `harga` int(9) NOT NULL,
  `nilai_normal` text NOT NULL,
  `diet` text NOT NULL
) ENGINE=InnoDB DEFAULT CHARSET=utf8mb4;

--
-- Dumping data for table `tbl_tipe_periksa_lab`
--

INSERT INTO `tbl_tipe_periksa_lab` (`id_tipe`, `item`, `id_kategori`, `harga`, `nilai_normal`, `diet`) VALUES
(1, 'Hemoglobin', 0, 100000, 'L:13, 4-17,7,P:11,4-15,1 g/dl', ''),
(2, 'DL', 0, 104000, '', ''),
(3, 'DL (Otomatik)', 0, 104000, '', ''),
(4, 'Hb (Otomatik)', 0, 52000, '', ''),
(5, 'Glukosa Acak', 0, 28600, '', ''),
(6, 'DL (Otomatik)', 1, 104000, '', ''),
(7, 'Hb (Otomatik)', 1, 52000, '', ''),
(8, 'Glukosa Puasa', 15, 28600, '', ''),
(9, 'Glukosa 2 Jam PP', 15, 28600, '', ''),
(10, 'Glukosa Acak', 15, 28600, '', ''),
(18, 'Leukosit (Otomatik)', 1, 78000, '', ''),
(19, 'Hitung jenis', 1, 32500, '', ''),
(20, 'LED', 1, 32500, '', ''),
(21, 'Trombosit', 1, 58500, '', ''),
(22, 'Hematokrit', 1, 52000, '', ''),
(23, 'Eritrosit', 1, 52000, '', ''),
(24, 'Eosinofil', 1, 39000, '', ''),
(25, 'Retikulosit', 1, 84500, '', ''),
(26, 'Waktu pendarahan', 1, 26000, '', ''),
(27, 'Waktu pembekuan', 0, 26000, '', ''),
(28, 'PPT', 1, 214500, '', ''),
(29, 'KPTT', 1, 195000, '', ''),
(30, 'Gol. Darah ABO & Rhesus', 1, 39000, '', ''),
(31, 'Hapusan Darah', 1, 156000, '', ''),
(32, 'Faal Hemostasis', 1, 585000, '', ''),
(33, 'Malaria', 1, 65000, '', ''),
(34, 'Viscositas Darah', 1, 78000, '', ''),
(35, 'Viscositas plasma', 1, 78000, '', ''),
(36, 'HB ELP', 1, 780000, '', ''),
(37, 'Serum Iron', 1, 240500, '', ''),
(38, 'TIBC', 1, 425100, '', ''),
(39, 'G6PD', 1, 495300, '', ''),
(40, 'Fibrinogen', 1, 422500, '', ''),
(41, 'Sel LE', 1, 130000, '', ''),
(42, 'Ferritin', 1, 344500, '', ''),
(43, 'Hb F', 1, 643500, '', ''),
(44, 'Goldar ABO', 1, 32500, '', ''),
(45, 'INR', 1, 331500, '', ''),
(46, 'SGOT', 2, 46800, '', ''),
(47, 'SGPT', 2, 46800, '', ''),
(48, 'Gamma GT', 2, 84500, '', ''),
(49, 'Bilirubin (D/T)', 2, 97500, '', ''),
(50, 'Alkali Phospotase', 2, 84500, '', ''),
(51, 'Albumin', 2, 49400, '', ''),
(52, 'Globumin', 2, 49400, '', ''),
(53, 'Preotein Total', 2, 71500, '', ''),
(54, 'Gamma Globulin', 2, 513500, '', ''),
(55, 'ELP Serum', 2, 552500, '', ''),
(56, 'Amylase', 2, 357500, '', ''),
(57, 'Lipase', 2, 341900, '', ''),
(58, 'Cholinesterase', 2, 227500, '', ''),
(59, 'Widal', 3, 78000, '', ''),
(60, 'Rematik (RA)', 3, 91000, '', ''),
(61, 'CRP Semi Kuantitatif', 3, 104000, '', ''),
(62, 'CRP Kwantitatif', 3, 403000, '', ''),
(63, 'HS CRP', 3, 435500, '', ''),
(64, 'ASTO Semi Kuantitatif', 3, 113100, '', ''),
(65, 'TPHA', 3, 117000, '', ''),
(66, 'VDRL', 3, 107250, '', ''),
(67, 'Dengue NS1', 3, 305500, '', ''),
(68, 'Ig M Salmonella ( Tubex TF)', 3, 195000, '', ''),
(69, 'Anti DHF', 3, 247000, '', ''),
(70, 'ANA Test', 3, 637000, '', ''),
(71, 'Troponin', 3, 299000, '', ''),
(72, 'Anti HIV (ICT)', 3, 162500, '', ''),
(73, 'Anti HIV (ECLIA)', 3, 286000, '', ''),
(74, 'Anti HIV Duo Ultra', 3, 590200, '', ''),
(75, 'Paket Elektrolit (Na, K, Cl)', 4, 273000, '', ''),
(76, 'Kalsium', 4, 97500, '', ''),
(77, 'Phospor', 4, 104000, '', ''),
(78, 'Magnesium', 4, 97500, '', ''),
(79, 'Preparat Gram', 5, 71500, '', ''),
(80, 'Preparat G.O', 5, 71500, '', ''),
(81, 'Preparat Jamur', 5, 71500, '', ''),
(82, 'Preparat BTA', 5, 52000, '', ''),
(83, 'Preparat BTA SPS (3x)', 5, 169000, '', ''),
(84, 'Preparat BTA PS', 5, 117000, '', ''),
(85, 'Preparat Secret uretra/Vagina', 5, 117000, '', ''),
(86, 'BUN (Ureum)', 16, 45500, '', ''),
(87, 'Creatinin', 16, 45500, '', ''),
(88, 'Clearence Creatinin', 16, 97500, '', ''),
(89, 'Asam Urat', 16, 36400, '', ''),
(90, 'Cystatin C', 16, 496600, '', ''),
(91, 'HPA', 0, 650000, '', ''),
(92, 'HPA', 27, 650000, '', '');

-- --------------------------------------------------------

--
-- Table structure for table `tbl_tipe_periksa_radiologi`
--

CREATE TABLE `tbl_tipe_periksa_radiologi` (
  `id_tipe` int(3) NOT NULL,
  `item` varchar(200) NOT NULL,
  `id_kategori` int(3) NOT NULL,
  `harga` int(9) NOT NULL,
  `nilai_normal` text NOT NULL
) ENGINE=InnoDB DEFAULT CHARSET=utf8mb4;

--
-- Dumping data for table `tbl_tipe_periksa_radiologi`
--

INSERT INTO `tbl_tipe_periksa_radiologi` (`id_tipe`, `item`, `id_kategori`, `harga`, `nilai_normal`) VALUES
(1, 'Radiologi', 0, 100000, '2'),
(3, 'Thorax PA', 21, 208000, ''),
(4, 'Thorax Lateral', 21, 214500, ''),
(5, 'BOF', 21, 214500, ''),
(6, 'Skull AP', 22, 188500, ''),
(7, 'Skull Lateral', 22, 188500, ''),
(8, 'Waters', 22, 188500, ''),
(9, 'Cervical AP/LAT', 25, 182000, ''),
(10, 'Clavicula', 23, 188500, ''),
(11, 'Shoulder', 23, 188500, ''),
(12, 'Humerus', 23, 188500, ''),
(13, 'Cubuti', 23, 188500, ''),
(14, 'Antebrachii', 23, 188500, ''),
(15, 'Wrist', 23, 182000, ''),
(16, 'Manus Dextra', 23, 175500, ''),
(17, 'Manus Sinistra', 23, 175500, ''),
(18, 'Cruris', 24, 195000, ''),
(19, 'Femur Dex AP/LAT', 24, 201500, ''),
(20, 'Femur Sin AP/LAT', 24, 201500, ''),
(21, 'Genu Dex AP/LAT', 24, 188500, ''),
(22, 'Genu Sin AP/LAT', 24, 188500, ''),
(23, 'Ankle Dex AP/LAT', 24, 175500, ''),
(24, 'Ankle Sin AP/LAT', 24, 175500, ''),
(25, 'Cervical OBL DEX/SIN', 25, 182000, ''),
(26, 'Thoracalis AP/LAT', 25, 357500, ''),
(27, 'Lumbosacral AP', 25, 214500, ''),
(28, 'Lumbosacral LAT', 25, 214500, ''),
(29, 'Ig A', 26, 520000, ''),
(30, 'Ig G Total', 26, 546000, ''),
(31, 'Ig M', 26, 520000, '');

-- --------------------------------------------------------

--
-- Table structure for table `tbl_transaksi`
--

CREATE TABLE `tbl_transaksi` (
  `id_transaksi` bigint(20) NOT NULL,
  `kode_transaksi` varchar(20) NOT NULL,
  `id_klinik` int(11) NOT NULL,
  `no_transaksi` varchar(40) NOT NULL,
  `id_periksa_lanjutan` int(11) NOT NULL,
  `tgl_transaksi` date NOT NULL,
  `status_transaksi` int(2) NOT NULL,
  `atas_nama` varchar(60) DEFAULT NULL,
  `cara_pembayaran` enum('1','2') DEFAULT NULL COMMENT '1 = Tunai, 2 = Transfer',
  `dtm_crt` datetime NOT NULL DEFAULT current_timestamp(),
  `dtm_upd` datetime NOT NULL DEFAULT current_timestamp()
) ENGINE=MyISAM DEFAULT CHARSET=latin1;

-- --------------------------------------------------------

--
-- Table structure for table `tbl_transaksi_d`
--

CREATE TABLE `tbl_transaksi_d` (
  `id_transaksi_d` bigint(20) NOT NULL,
  `id_transaksi` bigint(20) NOT NULL,
  `deskripsi` varchar(200) NOT NULL,
  `amount_transaksi` bigint(20) NOT NULL,
  `dc` varchar(2) NOT NULL,
  `dtm_crt` datetime NOT NULL DEFAULT current_timestamp(),
  `dtm_upd` datetime NOT NULL DEFAULT current_timestamp()
) ENGINE=MyISAM DEFAULT CHARSET=latin1;

-- --------------------------------------------------------

--
-- Table structure for table `tbl_transaksi_d_obat`
--

CREATE TABLE `tbl_transaksi_d_obat` (
  `id_transaksi_d_obat` int(11) NOT NULL,
  `no_transaksi` varchar(30) NOT NULL,
  `kode_barang` varchar(30) NOT NULL,
  `jumlah` int(11) NOT NULL,
  `harga` int(11) NOT NULL,
  `dtm_crt` datetime NOT NULL DEFAULT current_timestamp(),
  `dtm_upd` datetime NOT NULL DEFAULT current_timestamp()
) ENGINE=MyISAM DEFAULT CHARSET=latin1;

-- --------------------------------------------------------

--
-- Table structure for table `tbl_trx_akuntansi`
--

CREATE TABLE `tbl_trx_akuntansi` (
  `id_trx_akun` int(11) NOT NULL,
  `deskripsi` text NOT NULL,
  `tanggal` date NOT NULL,
  `dtm_crt` datetime DEFAULT current_timestamp(),
  `dtm_upd` datetime NOT NULL DEFAULT current_timestamp()
) ENGINE=InnoDB DEFAULT CHARSET=latin1;

--
-- Dumping data for table `tbl_trx_akuntansi`
--

INSERT INTO `tbl_trx_akuntansi` (`id_trx_akun`, `deskripsi`, `tanggal`, `dtm_crt`, `dtm_upd`) VALUES
(4, 'Pembelian Barang dengan Kode PO1642136789', '2022-01-22', '2022-01-22 10:26:38', '2022-01-22 10:26:38'),
(26, 'Pembelian Barang dengan Kode PO1642136744', '2022-03-31', '2022-03-31 19:11:34', '2022-03-31 19:11:34'),
(31, 'Pembelian Barang dengan Kode PO1649233372', '2022-04-06', '2022-04-06 15:40:46', '2022-04-06 15:40:46'),
(48, 'Pembelian Barang dengan Kode PO1649237577', '2022-04-06', '2022-04-06 16:34:03', '2022-04-06 16:34:03');

-- --------------------------------------------------------

--
-- Table structure for table `tbl_trx_akuntansi_detail`
--

CREATE TABLE `tbl_trx_akuntansi_detail` (
  `id_trx_akun_detail` int(11) NOT NULL,
  `id_trx_akun` int(11) NOT NULL,
  `id_akun` int(11) NOT NULL,
  `jumlah` double NOT NULL,
  `tipe` varchar(10) NOT NULL,
  `keterangan` varchar(15) NOT NULL,
  `dtm_crt` datetime NOT NULL DEFAULT current_timestamp(),
  `dtm_upd` datetime NOT NULL DEFAULT current_timestamp()
) ENGINE=InnoDB DEFAULT CHARSET=latin1;

--
-- Dumping data for table `tbl_trx_akuntansi_detail`
--

INSERT INTO `tbl_trx_akuntansi_detail` (`id_trx_akun_detail`, `id_trx_akun`, `id_akun`, `jumlah`, `tipe`, `keterangan`, `dtm_crt`, `dtm_upd`) VALUES
(4, 4, 58, 3960000, 'DEBIT', 'akun', '2022-01-22 10:26:38', '2022-01-22 10:26:38'),
(5, 4, 65, 3960000, 'DEBIT', 'lawan', '2022-01-22 10:26:38', '2022-01-22 10:26:38'),
(6, 4, 109, 3960000, 'KREDIT', 'lawan', '2022-01-22 10:26:38', '2022-01-22 10:26:38'),
(66, 26, 58, 3960000, 'DEBIT', 'akun', '2022-03-31 19:11:34', '2022-03-31 19:11:34'),
(67, 26, 109, 3960000, 'KREDIT', 'lawan', '2022-03-31 19:11:34', '2022-03-31 19:11:34'),
(72, 31, 58, 23892975, 'DEBIT', 'akun', '2022-04-06 15:40:46', '2022-04-06 15:40:46'),
(73, 31, 20, 23892975, 'KREDIT', 'lawan', '2022-04-06 15:40:46', '2022-04-06 15:40:46'),
(107, 48, 59, 8372500, 'DEBIT', 'akun', '2022-04-06 16:34:03', '2022-04-06 16:34:03'),
(108, 48, 20, 8372500, 'KREDIT', 'lawan', '2022-04-06 16:34:03', '2022-04-06 16:34:03');

-- --------------------------------------------------------

--
-- Table structure for table `tbl_user`
--

CREATE TABLE `tbl_user` (
  `id_users` int(11) NOT NULL,
  `full_name` varchar(50) NOT NULL,
  `email` varchar(50) NOT NULL,
  `password` varchar(50) NOT NULL,
  `images` text NOT NULL,
  `id_user_level` int(11) NOT NULL,
  `is_aktif` enum('y','n') NOT NULL,
  `id_dokter` int(11) NOT NULL COMMENT 'Jika user_level merupakan dokter',
  `id_pegawai` int(11) NOT NULL COMMENT 'jika user adalah pegawai',
  `id_apoteker` int(11) NOT NULL COMMENT 'jika user adalah apoteker',
  `id_klinik` int(11) NOT NULL,
  `dtm_crt` datetime NOT NULL DEFAULT current_timestamp(),
  `dtm_upd` datetime NOT NULL DEFAULT current_timestamp(),
  `usr_upd` varchar(100) DEFAULT NULL
) ENGINE=InnoDB DEFAULT CHARSET=latin1;

--
-- Dumping data for table `tbl_user`
--

INSERT INTO `tbl_user` (`id_users`, `full_name`, `email`, `password`, `images`, `id_user_level`, `is_aktif`, `id_dokter`, `id_pegawai`, `id_apoteker`, `id_klinik`, `dtm_crt`, `dtm_upd`, `usr_upd`) VALUES
(1, 'Super Admin', 'super.admin@gmail.com', '5f4dcc3b5aa765d61d8327deb882cf99', '-', 1, 'y', 0, 0, 0, 1, '2021-09-29 14:21:00', '2021-09-29 14:21:00', 'null'),
(18, 'Pendaftaran', 'pendaftaran@gmail.com', '5f4dcc3b5aa765d61d8327deb882cf99', '', 4, 'y', 0, 0, 0, 1, '2021-11-28 12:12:40', '2021-11-28 12:12:40', NULL),
(19, 'accounting', 'accounting@gmail.com', '5f4dcc3b5aa765d61d8327deb882cf99', '', 7, 'y', 0, 0, 0, 1, '2021-11-28 12:15:06', '2021-11-28 12:15:06', NULL),
(20, 'billing', 'billing@gmail.com', '5f4dcc3b5aa765d61d8327deb882cf99', '', 8, 'y', 0, 0, 0, 1, '2021-11-28 12:16:58', '2021-11-28 12:16:58', NULL),
(22, 'Poli', 'poli@gmail.com', '5f4dcc3b5aa765d61d8327deb882cf99', '', 10, 'y', 0, 0, 0, 1, '2021-11-28 12:41:17', '2021-11-28 12:41:17', NULL),
(23, 'Dr. Indah', 'dr.indah@gmail.com', '5f4dcc3b5aa765d61d8327deb882cf99', '', 5, 'y', 4, 0, 0, 1, '2021-11-28 12:48:41', '2022-05-09 11:55:53', 'super.admin@gmail.com'),
(24, 'Apotek', 'apotek@gmail.com', '5f4dcc3b5aa765d61d8327deb882cf99', '', 3, 'y', 0, 0, 0, 1, '2021-11-28 15:14:15', '2021-11-28 14:43:21', NULL),
(25, 'dr. NYOMAN WIRA SWASTIKA, Sp.B', 'drwira@gmail.com', '5f4dcc3b5aa765d61d8327deb882cf99', '', 5, 'y', 3, 0, 0, 1, '2021-11-29 10:54:49', '2022-05-09 13:01:21', 'super.admin@gmail.com'),
(26, 'dr. ROBBY', 'dr.robby@gmail.com', '5f4dcc3b5aa765d61d8327deb882cf99', '', 5, 'y', 5, 0, 0, 1, '2021-11-29 11:01:22', '2022-05-10 09:10:48', 'super.admin@gmail.com'),
(27, 'Rawat Inap', 'rawatinap@gmail.com', '5f4dcc3b5aa765d61d8327deb882cf99', '', 11, 'y', 0, 0, 0, 1, '2022-01-06 07:59:14', '2022-01-06 07:59:14', NULL),
(28, 'Operasi', 'operasi@gmail.com', '5f4dcc3b5aa765d61d8327deb882cf99', '', 12, 'y', 0, 0, 0, 1, '2022-01-06 07:59:43', '2022-01-06 07:59:43', NULL),
(29, 'UGD', 'ugd@gmail.com', '5f4dcc3b5aa765d61d8327deb882cf99', '', 13, 'y', 0, 0, 0, 1, '2022-01-07 13:32:26', '2022-01-07 13:32:26', NULL),
(30, 'Laboratorium', 'laboratorium@gmail.com', '5f4dcc3b5aa765d61d8327deb882cf99', '', 14, 'y', 0, 0, 0, 1, '2022-03-17 13:20:35', '2022-03-17 13:20:35', NULL),
(31, 'drg. Anindita Maya Pramudina', 'drg.maya@gmail.com', '5f4dcc3b5aa765d61d8327deb882cf99', '', 5, 'y', 6, 0, 0, 1, '2022-05-09 12:31:55', '2022-05-09 12:31:55', NULL),
(32, 'dr.Kamalia,SpOG', 'dr.kamalia@gmail.com', '5f4dcc3b5aa765d61d8327deb882cf99', '', 5, 'y', 7, 0, 0, 1, '2022-05-09 12:32:46', '2022-05-09 12:32:46', NULL),
(33, 'dr.Nurul Huda Didiek Putra,Sp.B', 'dr.huda@gmail.com', '5f4dcc3b5aa765d61d8327deb882cf99', '', 5, 'y', 8, 0, 0, 1, '2022-05-09 12:33:36', '2022-05-09 12:33:36', NULL),
(34, 'dr.Yusri Chizma Najwa', 'dr.chizma', '5f4dcc3b5aa765d61d8327deb882cf99', '', 5, 'y', 9, 0, 0, 1, '2022-05-09 12:34:13', '2022-05-09 12:34:13', NULL);

-- --------------------------------------------------------

--
-- Table structure for table `tbl_user_level`
--

CREATE TABLE `tbl_user_level` (
  `id_user_level` int(11) NOT NULL,
  `nama_level` varchar(30) NOT NULL,
  `dtm_crt` datetime NOT NULL DEFAULT current_timestamp(),
  `dtm_upd` datetime NOT NULL DEFAULT current_timestamp()
) ENGINE=InnoDB DEFAULT CHARSET=latin1;

--
-- Dumping data for table `tbl_user_level`
--

INSERT INTO `tbl_user_level` (`id_user_level`, `nama_level`, `dtm_crt`, `dtm_upd`) VALUES
(1, 'Super Admin', '2018-03-27 10:49:30', '2018-03-27 10:49:30'),
(3, 'Petugas Apotek', '2018-03-27 10:49:30', '2018-05-10 19:17:58'),
(4, 'Pendaftaran', '2018-03-27 10:49:30', '2018-03-27 10:49:30'),
(5, 'Dokter', '2018-03-27 10:49:30', '2018-03-27 10:49:30'),
(6, 'HRD', '2019-11-26 09:25:50', '2019-11-26 09:25:50'),
(7, 'Accounting', '2019-11-26 09:28:18', '2019-11-26 09:28:18'),
(8, 'Billing', '2019-12-13 09:14:04', '2019-12-13 09:14:04'),
(9, 'Nakes', '2021-09-29 10:48:24', '2021-09-29 10:48:24'),
(10, 'Poli', '2021-11-28 12:40:50', '2021-11-28 12:40:50'),
(11, 'Rawat Inap', '2022-01-06 07:56:29', '2022-01-06 07:56:29'),
(12, 'Operasi', '2022-01-06 07:56:38', '2022-01-06 07:56:38'),
(13, 'UGD', '2022-01-07 13:32:05', '2022-01-07 13:32:05'),
(14, 'Laboratorium', '2022-03-17 13:19:48', '2022-03-17 13:19:48');

-- --------------------------------------------------------

--
-- Table structure for table `tbl_wilayah`
--

CREATE TABLE `tbl_wilayah` (
  `kode` varchar(13) NOT NULL,
  `nama` varchar(25) DEFAULT NULL,
  `dtm_crt` datetime NOT NULL DEFAULT current_timestamp(),
  `dtm_upd` datetime NOT NULL DEFAULT current_timestamp()
) ENGINE=MyISAM DEFAULT CHARSET=latin1;

--
-- Indexes for dumped tables
--

--
-- Indexes for table `alat_operasi`
--
ALTER TABLE `alat_operasi`
  ADD PRIMARY KEY (`id`);

--
-- Indexes for table `alkes_kontrol_kehamilan`
--
ALTER TABLE `alkes_kontrol_kehamilan`
  ADD PRIMARY KEY (`id`);

--
-- Indexes for table `alkes_periksa_lab`
--
ALTER TABLE `alkes_periksa_lab`
  ADD PRIMARY KEY (`id`);

--
-- Indexes for table `alkes_periksa_rapid`
--
ALTER TABLE `alkes_periksa_rapid`
  ADD PRIMARY KEY (`id`);

--
-- Indexes for table `last_sync`
--
ALTER TABLE `last_sync`
  ADD PRIMARY KEY (`id`);

--
-- Indexes for table `no_sync_table`
--
ALTER TABLE `no_sync_table`
  ADD PRIMARY KEY (`table_name`);

--
-- Indexes for table `tbl_absensi_pegawai`
--
ALTER TABLE `tbl_absensi_pegawai`
  ADD PRIMARY KEY (`id_absensi`),
  ADD KEY `id_pegawai` (`id_pegawai`);

--
-- Indexes for table `tbl_agama`
--
ALTER TABLE `tbl_agama`
  ADD PRIMARY KEY (`id_agama`);

--
-- Indexes for table `tbl_akun`
--
ALTER TABLE `tbl_akun`
  ADD PRIMARY KEY (`id_akun`);

--
-- Indexes for table `tbl_akun_detail`
--
ALTER TABLE `tbl_akun_detail`
  ADD PRIMARY KEY (`id_akun_d`),
  ADD KEY `tbl_akun_detail_ibfk_1` (`id_akun`);

--
-- Indexes for table `tbl_alat_operasi`
--
ALTER TABLE `tbl_alat_operasi`
  ADD PRIMARY KEY (`id`);

--
-- Indexes for table `tbl_apoteker`
--
ALTER TABLE `tbl_apoteker`
  ADD PRIMARY KEY (`id_apoteker`);

--
-- Indexes for table `tbl_biaya`
--
ALTER TABLE `tbl_biaya`
  ADD PRIMARY KEY (`id_biaya`);

--
-- Indexes for table `tbl_biaya_jenis_operasi`
--
ALTER TABLE `tbl_biaya_jenis_operasi`
  ADD PRIMARY KEY (`id`);

--
-- Indexes for table `tbl_bidang`
--
ALTER TABLE `tbl_bidang`
  ADD PRIMARY KEY (`id_bidang`);

--
-- Indexes for table `tbl_departemen`
--
ALTER TABLE `tbl_departemen`
  ADD PRIMARY KEY (`id_departemen`);

--
-- Indexes for table `tbl_desa`
--
ALTER TABLE `tbl_desa`
  ADD PRIMARY KEY (`id`);

--
-- Indexes for table `tbl_diagnosa_icd10`
--
ALTER TABLE `tbl_diagnosa_icd10`
  ADD PRIMARY KEY (`id_diagnosa`);

--
-- Indexes for table `tbl_diskon_trx`
--
ALTER TABLE `tbl_diskon_trx`
  ADD PRIMARY KEY (`id_diskon_trx`);

--
-- Indexes for table `tbl_dokter`
--
ALTER TABLE `tbl_dokter`
  ADD PRIMARY KEY (`id_dokter`),
  ADD KEY `id_agama` (`id_agama`),
  ADD KEY `id_spesialis` (`id_spesialis`);

--
-- Indexes for table `tbl_dusun`
--
ALTER TABLE `tbl_dusun`
  ADD PRIMARY KEY (`id`);

--
-- Indexes for table `tbl_golongan_barang`
--
ALTER TABLE `tbl_golongan_barang`
  ADD PRIMARY KEY (`id_golongan_barang`);

--
-- Indexes for table `tbl_gudang`
--
ALTER TABLE `tbl_gudang`
  ADD PRIMARY KEY (`kode_gudang`);

--
-- Indexes for table `tbl_hak_akses`
--
ALTER TABLE `tbl_hak_akses`
  ADD PRIMARY KEY (`id`);

--
-- Indexes for table `tbl_imunisasi`
--
ALTER TABLE `tbl_imunisasi`
  ADD PRIMARY KEY (`no_rekam_medis`);

--
-- Indexes for table `tbl_inventory`
--
ALTER TABLE `tbl_inventory`
  ADD PRIMARY KEY (`id_inventory`),
  ADD KEY `kode_purchase` (`kode_purchase`);

--
-- Indexes for table `tbl_inventory_detail`
--
ALTER TABLE `tbl_inventory_detail`
  ADD PRIMARY KEY (`id_inventory_detail`),
  ADD KEY `id_inventory` (`id_inventory`);

--
-- Indexes for table `tbl_jabatan`
--
ALTER TABLE `tbl_jabatan`
  ADD PRIMARY KEY (`id_jabatan`);

--
-- Indexes for table `tbl_jasa`
--
ALTER TABLE `tbl_jasa`
  ADD PRIMARY KEY (`kode_jasa`);

--
-- Indexes for table `tbl_jenis_operasi`
--
ALTER TABLE `tbl_jenis_operasi`
  ADD PRIMARY KEY (`id_jenis_operasi`);

--
-- Indexes for table `tbl_jenjang_pendidikan`
--
ALTER TABLE `tbl_jenjang_pendidikan`
  ADD PRIMARY KEY (`id_jenjang_pendidikan`);

--
-- Indexes for table `tbl_kabupaten`
--
ALTER TABLE `tbl_kabupaten`
  ADD PRIMARY KEY (`id`);

--
-- Indexes for table `tbl_kamar`
--
ALTER TABLE `tbl_kamar`
  ADD PRIMARY KEY (`id_kamar`);

--
-- Indexes for table `tbl_kartu_hutang`
--
ALTER TABLE `tbl_kartu_hutang`
  ADD PRIMARY KEY (`id`);

--
-- Indexes for table `tbl_kategori_barang`
--
ALTER TABLE `tbl_kategori_barang`
  ADD PRIMARY KEY (`id_kategori_barang`);

--
-- Indexes for table `tbl_kategori_biaya`
--
ALTER TABLE `tbl_kategori_biaya`
  ADD PRIMARY KEY (`id_kategori_biaya`);

--
-- Indexes for table `tbl_kategori_kamar`
--
ALTER TABLE `tbl_kategori_kamar`
  ADD PRIMARY KEY (`id_kategori_kamar`);

--
-- Indexes for table `tbl_kategori_periksa_lab_radiologi`
--
ALTER TABLE `tbl_kategori_periksa_lab_radiologi`
  ADD PRIMARY KEY (`id_kategori`);

--
-- Indexes for table `tbl_kategori_tindakan`
--
ALTER TABLE `tbl_kategori_tindakan`
  ADD PRIMARY KEY (`id_kategori`);

--
-- Indexes for table `tbl_kecamatan`
--
ALTER TABLE `tbl_kecamatan`
  ADD PRIMARY KEY (`id`);

--
-- Indexes for table `tbl_klinik`
--
ALTER TABLE `tbl_klinik`
  ADD PRIMARY KEY (`id_klinik`);

--
-- Indexes for table `tbl_komisi_dokter`
--
ALTER TABLE `tbl_komisi_dokter`
  ADD PRIMARY KEY (`id_komisi`);

--
-- Indexes for table `tbl_kontrol_kehamilan`
--
ALTER TABLE `tbl_kontrol_kehamilan`
  ADD PRIMARY KEY (`id_kontrol`);

--
-- Indexes for table `tbl_lokasi_barang`
--
ALTER TABLE `tbl_lokasi_barang`
  ADD PRIMARY KEY (`id_lokasi_barang`);

--
-- Indexes for table `tbl_manufaktur`
--
ALTER TABLE `tbl_manufaktur`
  ADD PRIMARY KEY (`kode_manufaktur`);

--
-- Indexes for table `tbl_manufaktur_detail`
--
ALTER TABLE `tbl_manufaktur_detail`
  ADD PRIMARY KEY (`id_detail`);

--
-- Indexes for table `tbl_master_reference`
--
ALTER TABLE `tbl_master_reference`
  ADD PRIMARY KEY (`id`);

--
-- Indexes for table `tbl_master_sequence`
--
ALTER TABLE `tbl_master_sequence`
  ADD PRIMARY KEY (`id_master_sequence`);

--
-- Indexes for table `tbl_menu`
--
ALTER TABLE `tbl_menu`
  ADD PRIMARY KEY (`id_menu`);

--
-- Indexes for table `tbl_obat_alkes_bhp`
--
ALTER TABLE `tbl_obat_alkes_bhp`
  ADD PRIMARY KEY (`kode_barang`);

--
-- Indexes for table `tbl_obat_racikan`
--
ALTER TABLE `tbl_obat_racikan`
  ADD PRIMARY KEY (`kode_obat_racikan`);

--
-- Indexes for table `tbl_obat_racikan_child_jasa`
--
ALTER TABLE `tbl_obat_racikan_child_jasa`
  ADD PRIMARY KEY (`id_orc_jasa`);

--
-- Indexes for table `tbl_obat_racikan_child_obat`
--
ALTER TABLE `tbl_obat_racikan_child_obat`
  ADD PRIMARY KEY (`id_orc_obat`);

--
-- Indexes for table `tbl_pabrik`
--
ALTER TABLE `tbl_pabrik`
  ADD PRIMARY KEY (`kode_pabrik`);

--
-- Indexes for table `tbl_pasien`
--
ALTER TABLE `tbl_pasien`
  ADD PRIMARY KEY (`no_rekam_medis`);

--
-- Indexes for table `tbl_pegawai`
--
ALTER TABLE `tbl_pegawai`
  ADD PRIMARY KEY (`id_pegawai`),
  ADD KEY `id_jabatan` (`id_jabatan`);

--
-- Indexes for table `tbl_pendaftaran`
--
ALTER TABLE `tbl_pendaftaran`
  ADD PRIMARY KEY (`id_pendaftaran`);

--
-- Indexes for table `tbl_periksa`
--
ALTER TABLE `tbl_periksa`
  ADD PRIMARY KEY (`no_periksa`);

--
-- Indexes for table `tbl_periksa_diagnosa`
--
ALTER TABLE `tbl_periksa_diagnosa`
  ADD PRIMARY KEY (`id_periksa_diagnosa`);

--
-- Indexes for table `tbl_periksa_d_alkes`
--
ALTER TABLE `tbl_periksa_d_alkes`
  ADD PRIMARY KEY (`id_periksa_d_alkes`);

--
-- Indexes for table `tbl_periksa_d_biaya`
--
ALTER TABLE `tbl_periksa_d_biaya`
  ADD PRIMARY KEY (`id_periksa_d_biaya`);

--
-- Indexes for table `tbl_periksa_d_fisik`
--
ALTER TABLE `tbl_periksa_d_fisik`
  ADD PRIMARY KEY (`id_periksa_d_fisik`);

--
-- Indexes for table `tbl_periksa_d_obat`
--
ALTER TABLE `tbl_periksa_d_obat`
  ADD PRIMARY KEY (`id_periksa_d_obat`);

--
-- Indexes for table `tbl_periksa_d_tindakan`
--
ALTER TABLE `tbl_periksa_d_tindakan`
  ADD PRIMARY KEY (`id_periksa_d_tindakan`);

--
-- Indexes for table `tbl_periksa_lab`
--
ALTER TABLE `tbl_periksa_lab`
  ADD PRIMARY KEY (`id_periksa_lab`);

--
-- Indexes for table `tbl_periksa_lab_detail`
--
ALTER TABLE `tbl_periksa_lab_detail`
  ADD PRIMARY KEY (`id_detail`);

--
-- Indexes for table `tbl_periksa_lanjutan`
--
ALTER TABLE `tbl_periksa_lanjutan`
  ADD PRIMARY KEY (`id_periksa`);

--
-- Indexes for table `tbl_periksa_operasi`
--
ALTER TABLE `tbl_periksa_operasi`
  ADD PRIMARY KEY (`id_periksa_operasi`);

--
-- Indexes for table `tbl_periksa_operasi_d_alat`
--
ALTER TABLE `tbl_periksa_operasi_d_alat`
  ADD PRIMARY KEY (`id_periksa_operasi_d_alat`);

--
-- Indexes for table `tbl_periksa_radiologi`
--
ALTER TABLE `tbl_periksa_radiologi`
  ADD PRIMARY KEY (`id_periksa_radiologi`);

--
-- Indexes for table `tbl_periksa_radiologi_detail`
--
ALTER TABLE `tbl_periksa_radiologi_detail`
  ADD PRIMARY KEY (`id_detail`);

--
-- Indexes for table `tbl_periksa_rawat_inap`
--
ALTER TABLE `tbl_periksa_rawat_inap`
  ADD PRIMARY KEY (`id_periksa_rawat_inap`);

--
-- Indexes for table `tbl_periksa_rawat_inap_detail`
--
ALTER TABLE `tbl_periksa_rawat_inap_detail`
  ADD PRIMARY KEY (`id_detail`);

--
-- Indexes for table `tbl_poli`
--
ALTER TABLE `tbl_poli`
  ADD PRIMARY KEY (`id_poli`);

--
-- Indexes for table `tbl_potongan_gaji`
--
ALTER TABLE `tbl_potongan_gaji`
  ADD PRIMARY KEY (`id_potongan`);

--
-- Indexes for table `tbl_profil_rumah_sakit`
--
ALTER TABLE `tbl_profil_rumah_sakit`
  ADD PRIMARY KEY (`id`);

--
-- Indexes for table `tbl_provinsi`
--
ALTER TABLE `tbl_provinsi`
  ADD PRIMARY KEY (`id`);

--
-- Indexes for table `tbl_purchases`
--
ALTER TABLE `tbl_purchases`
  ADD PRIMARY KEY (`kode_purchase`);

--
-- Indexes for table `tbl_purchase_d`
--
ALTER TABLE `tbl_purchase_d`
  ADD PRIMARY KEY (`id_purchase_d`),
  ADD KEY `kode_purchase` (`kode_purchase`);

--
-- Indexes for table `tbl_rapid_antigen`
--
ALTER TABLE `tbl_rapid_antigen`
  ADD PRIMARY KEY (`id_rapid`);

--
-- Indexes for table `tbl_ref_gaji`
--
ALTER TABLE `tbl_ref_gaji`
  ADD PRIMARY KEY (`id_ref_gaji`);

--
-- Indexes for table `tbl_rekap_asuransi`
--
ALTER TABLE `tbl_rekap_asuransi`
  ADD PRIMARY KEY (`id_rekap_asuransi`);

--
-- Indexes for table `tbl_ruangan_operasi`
--
ALTER TABLE `tbl_ruangan_operasi`
  ADD PRIMARY KEY (`id`);

--
-- Indexes for table `tbl_saldo_akun`
--
ALTER TABLE `tbl_saldo_akun`
  ADD PRIMARY KEY (`id_saldo`),
  ADD KEY `id_akun` (`id_akun`);

--
-- Indexes for table `tbl_satuan_barang`
--
ALTER TABLE `tbl_satuan_barang`
  ADD PRIMARY KEY (`id_satuan`);

--
-- Indexes for table `tbl_setting`
--
ALTER TABLE `tbl_setting`
  ADD PRIMARY KEY (`id_setting`);

--
-- Indexes for table `tbl_setting_gaji`
--
ALTER TABLE `tbl_setting_gaji`
  ADD PRIMARY KEY (`id_setting_gaji`);

--
-- Indexes for table `tbl_shift`
--
ALTER TABLE `tbl_shift`
  ADD PRIMARY KEY (`id_shift`);

--
-- Indexes for table `tbl_sksehat`
--
ALTER TABLE `tbl_sksehat`
  ADD PRIMARY KEY (`nomor`);

--
-- Indexes for table `tbl_spesialis`
--
ALTER TABLE `tbl_spesialis`
  ADD PRIMARY KEY (`id_spesialis`);

--
-- Indexes for table `tbl_status_menikah`
--
ALTER TABLE `tbl_status_menikah`
  ADD PRIMARY KEY (`id_status_menikah`);

--
-- Indexes for table `tbl_stok_adjustment`
--
ALTER TABLE `tbl_stok_adjustment`
  ADD PRIMARY KEY (`kode`);

--
-- Indexes for table `tbl_stok_adjustment_detail`
--
ALTER TABLE `tbl_stok_adjustment_detail`
  ADD PRIMARY KEY (`id_detail`);

--
-- Indexes for table `tbl_supplier`
--
ALTER TABLE `tbl_supplier`
  ADD PRIMARY KEY (`kode_supplier`);

--
-- Indexes for table `tbl_tindakan`
--
ALTER TABLE `tbl_tindakan`
  ADD PRIMARY KEY (`kode_tindakan`);

--
-- Indexes for table `tbl_tipe_periksa_jasa`
--
ALTER TABLE `tbl_tipe_periksa_jasa`
  ADD PRIMARY KEY (`id_tipe`);

--
-- Indexes for table `tbl_tipe_periksa_lab`
--
ALTER TABLE `tbl_tipe_periksa_lab`
  ADD PRIMARY KEY (`id_tipe`);

--
-- Indexes for table `tbl_tipe_periksa_radiologi`
--
ALTER TABLE `tbl_tipe_periksa_radiologi`
  ADD PRIMARY KEY (`id_tipe`);

--
-- Indexes for table `tbl_transaksi`
--
ALTER TABLE `tbl_transaksi`
  ADD PRIMARY KEY (`id_transaksi`);

--
-- Indexes for table `tbl_transaksi_d`
--
ALTER TABLE `tbl_transaksi_d`
  ADD PRIMARY KEY (`id_transaksi_d`);

--
-- Indexes for table `tbl_transaksi_d_obat`
--
ALTER TABLE `tbl_transaksi_d_obat`
  ADD PRIMARY KEY (`id_transaksi_d_obat`);

--
-- Indexes for table `tbl_trx_akuntansi`
--
ALTER TABLE `tbl_trx_akuntansi`
  ADD PRIMARY KEY (`id_trx_akun`);

--
-- Indexes for table `tbl_trx_akuntansi_detail`
--
ALTER TABLE `tbl_trx_akuntansi_detail`
  ADD PRIMARY KEY (`id_trx_akun_detail`),
  ADD KEY `tbl_trx_akuntansi_detail_ibfk_1` (`id_trx_akun`);

--
-- Indexes for table `tbl_user`
--
ALTER TABLE `tbl_user`
  ADD PRIMARY KEY (`id_users`);

--
-- Indexes for table `tbl_user_level`
--
ALTER TABLE `tbl_user_level`
  ADD PRIMARY KEY (`id_user_level`);

--
-- Indexes for table `tbl_wilayah`
--
ALTER TABLE `tbl_wilayah`
  ADD PRIMARY KEY (`kode`);

--
-- AUTO_INCREMENT for dumped tables
--

--
-- AUTO_INCREMENT for table `alat_operasi`
--
ALTER TABLE `alat_operasi`
  MODIFY `id` int(3) NOT NULL AUTO_INCREMENT;

--
-- AUTO_INCREMENT for table `alkes_kontrol_kehamilan`
--
ALTER TABLE `alkes_kontrol_kehamilan`
  MODIFY `id` int(5) NOT NULL AUTO_INCREMENT;

--
-- AUTO_INCREMENT for table `alkes_periksa_lab`
--
ALTER TABLE `alkes_periksa_lab`
  MODIFY `id` int(11) NOT NULL AUTO_INCREMENT;

--
-- AUTO_INCREMENT for table `alkes_periksa_rapid`
--
ALTER TABLE `alkes_periksa_rapid`
  MODIFY `id` int(11) NOT NULL AUTO_INCREMENT;

--
-- AUTO_INCREMENT for table `tbl_absensi_pegawai`
--
ALTER TABLE `tbl_absensi_pegawai`
  MODIFY `id_absensi` int(11) NOT NULL AUTO_INCREMENT;

--
-- AUTO_INCREMENT for table `tbl_agama`
--
ALTER TABLE `tbl_agama`
  MODIFY `id_agama` int(11) NOT NULL AUTO_INCREMENT, AUTO_INCREMENT=5;

--
-- AUTO_INCREMENT for table `tbl_akun`
--
ALTER TABLE `tbl_akun`
  MODIFY `id_akun` int(11) NOT NULL AUTO_INCREMENT, AUTO_INCREMENT=121;

--
-- AUTO_INCREMENT for table `tbl_akun_detail`
--
ALTER TABLE `tbl_akun_detail`
  MODIFY `id_akun_d` int(11) NOT NULL AUTO_INCREMENT, AUTO_INCREMENT=91;

--
-- AUTO_INCREMENT for table `tbl_alat_operasi`
--
ALTER TABLE `tbl_alat_operasi`
  MODIFY `id` int(3) NOT NULL AUTO_INCREMENT, AUTO_INCREMENT=2;

--
-- AUTO_INCREMENT for table `tbl_apoteker`
--
ALTER TABLE `tbl_apoteker`
  MODIFY `id_apoteker` int(11) NOT NULL AUTO_INCREMENT, AUTO_INCREMENT=3;

--
-- AUTO_INCREMENT for table `tbl_biaya`
--
ALTER TABLE `tbl_biaya`
  MODIFY `id_biaya` int(3) NOT NULL AUTO_INCREMENT, AUTO_INCREMENT=70;

--
-- AUTO_INCREMENT for table `tbl_biaya_jenis_operasi`
--
ALTER TABLE `tbl_biaya_jenis_operasi`
  MODIFY `id` int(3) NOT NULL AUTO_INCREMENT, AUTO_INCREMENT=35;

--
-- AUTO_INCREMENT for table `tbl_bidang`
--
ALTER TABLE `tbl_bidang`
  MODIFY `id_bidang` int(11) NOT NULL AUTO_INCREMENT, AUTO_INCREMENT=4;

--
-- AUTO_INCREMENT for table `tbl_departemen`
--
ALTER TABLE `tbl_departemen`
  MODIFY `id_departemen` int(11) NOT NULL AUTO_INCREMENT, AUTO_INCREMENT=4;

--
-- AUTO_INCREMENT for table `tbl_desa`
--
ALTER TABLE `tbl_desa`
  MODIFY `id` int(10) UNSIGNED NOT NULL AUTO_INCREMENT, AUTO_INCREMENT=8399;

--
-- AUTO_INCREMENT for table `tbl_diagnosa_icd10`
--
ALTER TABLE `tbl_diagnosa_icd10`
  MODIFY `id_diagnosa` int(4) NOT NULL AUTO_INCREMENT, AUTO_INCREMENT=1992;

--
-- AUTO_INCREMENT for table `tbl_diskon_trx`
--
ALTER TABLE `tbl_diskon_trx`
  MODIFY `id_diskon_trx` int(11) NOT NULL AUTO_INCREMENT;

--
-- AUTO_INCREMENT for table `tbl_dokter`
--
ALTER TABLE `tbl_dokter`
  MODIFY `id_dokter` int(11) NOT NULL AUTO_INCREMENT, AUTO_INCREMENT=10;

--
-- AUTO_INCREMENT for table `tbl_dusun`
--
ALTER TABLE `tbl_dusun`
  MODIFY `id` int(11) NOT NULL AUTO_INCREMENT, AUTO_INCREMENT=13;

--
-- AUTO_INCREMENT for table `tbl_golongan_barang`
--
ALTER TABLE `tbl_golongan_barang`
  MODIFY `id_golongan_barang` int(11) NOT NULL AUTO_INCREMENT, AUTO_INCREMENT=15;

--
-- AUTO_INCREMENT for table `tbl_hak_akses`
--
ALTER TABLE `tbl_hak_akses`
  MODIFY `id` int(11) NOT NULL AUTO_INCREMENT, AUTO_INCREMENT=332;

--
-- AUTO_INCREMENT for table `tbl_inventory_detail`
--
ALTER TABLE `tbl_inventory_detail`
  MODIFY `id_inventory_detail` int(11) NOT NULL AUTO_INCREMENT, AUTO_INCREMENT=173;

--
-- AUTO_INCREMENT for table `tbl_jabatan`
--
ALTER TABLE `tbl_jabatan`
  MODIFY `id_jabatan` int(11) NOT NULL AUTO_INCREMENT, AUTO_INCREMENT=14;

--
-- AUTO_INCREMENT for table `tbl_jenis_operasi`
--
ALTER TABLE `tbl_jenis_operasi`
  MODIFY `id_jenis_operasi` int(3) NOT NULL AUTO_INCREMENT, AUTO_INCREMENT=5;

--
-- AUTO_INCREMENT for table `tbl_jenjang_pendidikan`
--
ALTER TABLE `tbl_jenjang_pendidikan`
  MODIFY `id_jenjang_pendidikan` int(11) NOT NULL AUTO_INCREMENT, AUTO_INCREMENT=8;

--
-- AUTO_INCREMENT for table `tbl_kabupaten`
--
ALTER TABLE `tbl_kabupaten`
  MODIFY `id` int(10) UNSIGNED NOT NULL AUTO_INCREMENT, AUTO_INCREMENT=40;

--
-- AUTO_INCREMENT for table `tbl_kamar`
--
ALTER TABLE `tbl_kamar`
  MODIFY `id_kamar` int(5) NOT NULL AUTO_INCREMENT, AUTO_INCREMENT=16;

--
-- AUTO_INCREMENT for table `tbl_kartu_hutang`
--
ALTER TABLE `tbl_kartu_hutang`
  MODIFY `id` int(6) NOT NULL AUTO_INCREMENT, AUTO_INCREMENT=8;

--
-- AUTO_INCREMENT for table `tbl_kategori_barang`
--
ALTER TABLE `tbl_kategori_barang`
  MODIFY `id_kategori_barang` int(11) NOT NULL AUTO_INCREMENT, AUTO_INCREMENT=12;

--
-- AUTO_INCREMENT for table `tbl_kategori_biaya`
--
ALTER TABLE `tbl_kategori_biaya`
  MODIFY `id_kategori_biaya` int(3) NOT NULL AUTO_INCREMENT, AUTO_INCREMENT=21;

--
-- AUTO_INCREMENT for table `tbl_kategori_kamar`
--
ALTER TABLE `tbl_kategori_kamar`
  MODIFY `id_kategori_kamar` int(2) NOT NULL AUTO_INCREMENT, AUTO_INCREMENT=3;

--
-- AUTO_INCREMENT for table `tbl_kategori_periksa_lab_radiologi`
--
ALTER TABLE `tbl_kategori_periksa_lab_radiologi`
  MODIFY `id_kategori` int(3) NOT NULL AUTO_INCREMENT, AUTO_INCREMENT=28;

--
-- AUTO_INCREMENT for table `tbl_kategori_tindakan`
--
ALTER TABLE `tbl_kategori_tindakan`
  MODIFY `id_kategori` int(3) NOT NULL AUTO_INCREMENT, AUTO_INCREMENT=10;

--
-- AUTO_INCREMENT for table `tbl_kecamatan`
--
ALTER TABLE `tbl_kecamatan`
  MODIFY `id` int(5) NOT NULL AUTO_INCREMENT, AUTO_INCREMENT=668;

--
-- AUTO_INCREMENT for table `tbl_klinik`
--
ALTER TABLE `tbl_klinik`
  MODIFY `id_klinik` int(11) NOT NULL AUTO_INCREMENT, AUTO_INCREMENT=6;

--
-- AUTO_INCREMENT for table `tbl_komisi_dokter`
--
ALTER TABLE `tbl_komisi_dokter`
  MODIFY `id_komisi` int(11) NOT NULL AUTO_INCREMENT;

--
-- AUTO_INCREMENT for table `tbl_kontrol_kehamilan`
--
ALTER TABLE `tbl_kontrol_kehamilan`
  MODIFY `id_kontrol` int(5) NOT NULL AUTO_INCREMENT;

--
-- AUTO_INCREMENT for table `tbl_lokasi_barang`
--
ALTER TABLE `tbl_lokasi_barang`
  MODIFY `id_lokasi_barang` int(11) NOT NULL AUTO_INCREMENT, AUTO_INCREMENT=3;

--
-- AUTO_INCREMENT for table `tbl_manufaktur_detail`
--
ALTER TABLE `tbl_manufaktur_detail`
  MODIFY `id_detail` int(5) NOT NULL AUTO_INCREMENT;

--
-- AUTO_INCREMENT for table `tbl_master_reference`
--
ALTER TABLE `tbl_master_reference`
  MODIFY `id` bigint(20) NOT NULL AUTO_INCREMENT, AUTO_INCREMENT=631;

--
-- AUTO_INCREMENT for table `tbl_master_sequence`
--
ALTER TABLE `tbl_master_sequence`
  MODIFY `id_master_sequence` int(11) NOT NULL AUTO_INCREMENT, AUTO_INCREMENT=5;

--
-- AUTO_INCREMENT for table `tbl_menu`
--
ALTER TABLE `tbl_menu`
  MODIFY `id_menu` int(11) NOT NULL AUTO_INCREMENT, AUTO_INCREMENT=166;

--
-- AUTO_INCREMENT for table `tbl_obat_racikan_child_jasa`
--
ALTER TABLE `tbl_obat_racikan_child_jasa`
  MODIFY `id_orc_jasa` int(11) NOT NULL AUTO_INCREMENT;

--
-- AUTO_INCREMENT for table `tbl_obat_racikan_child_obat`
--
ALTER TABLE `tbl_obat_racikan_child_obat`
  MODIFY `id_orc_obat` int(11) NOT NULL AUTO_INCREMENT;

--
-- AUTO_INCREMENT for table `tbl_pegawai`
--
ALTER TABLE `tbl_pegawai`
  MODIFY `id_pegawai` int(11) NOT NULL AUTO_INCREMENT, AUTO_INCREMENT=13;

--
-- AUTO_INCREMENT for table `tbl_pendaftaran`
--
ALTER TABLE `tbl_pendaftaran`
  MODIFY `id_pendaftaran` int(11) NOT NULL AUTO_INCREMENT, AUTO_INCREMENT=10;

--
-- AUTO_INCREMENT for table `tbl_periksa_diagnosa`
--
ALTER TABLE `tbl_periksa_diagnosa`
  MODIFY `id_periksa_diagnosa` int(5) NOT NULL AUTO_INCREMENT;

--
-- AUTO_INCREMENT for table `tbl_periksa_d_alkes`
--
ALTER TABLE `tbl_periksa_d_alkes`
  MODIFY `id_periksa_d_alkes` int(11) NOT NULL AUTO_INCREMENT;

--
-- AUTO_INCREMENT for table `tbl_periksa_d_biaya`
--
ALTER TABLE `tbl_periksa_d_biaya`
  MODIFY `id_periksa_d_biaya` int(11) NOT NULL AUTO_INCREMENT;

--
-- AUTO_INCREMENT for table `tbl_periksa_d_fisik`
--
ALTER TABLE `tbl_periksa_d_fisik`
  MODIFY `id_periksa_d_fisik` int(11) NOT NULL AUTO_INCREMENT;

--
-- AUTO_INCREMENT for table `tbl_periksa_d_obat`
--
ALTER TABLE `tbl_periksa_d_obat`
  MODIFY `id_periksa_d_obat` int(11) NOT NULL AUTO_INCREMENT;

--
-- AUTO_INCREMENT for table `tbl_periksa_d_tindakan`
--
ALTER TABLE `tbl_periksa_d_tindakan`
  MODIFY `id_periksa_d_tindakan` int(11) NOT NULL AUTO_INCREMENT;

--
-- AUTO_INCREMENT for table `tbl_periksa_lab`
--
ALTER TABLE `tbl_periksa_lab`
  MODIFY `id_periksa_lab` int(5) NOT NULL AUTO_INCREMENT;

--
-- AUTO_INCREMENT for table `tbl_periksa_lab_detail`
--
ALTER TABLE `tbl_periksa_lab_detail`
  MODIFY `id_detail` int(6) NOT NULL AUTO_INCREMENT;

--
-- AUTO_INCREMENT for table `tbl_periksa_lanjutan`
--
ALTER TABLE `tbl_periksa_lanjutan`
  MODIFY `id_periksa` int(11) NOT NULL AUTO_INCREMENT, AUTO_INCREMENT=10;

--
-- AUTO_INCREMENT for table `tbl_periksa_operasi`
--
ALTER TABLE `tbl_periksa_operasi`
  MODIFY `id_periksa_operasi` int(3) NOT NULL AUTO_INCREMENT;

--
-- AUTO_INCREMENT for table `tbl_periksa_operasi_d_alat`
--
ALTER TABLE `tbl_periksa_operasi_d_alat`
  MODIFY `id_periksa_operasi_d_alat` int(11) NOT NULL AUTO_INCREMENT;

--
-- AUTO_INCREMENT for table `tbl_periksa_radiologi`
--
ALTER TABLE `tbl_periksa_radiologi`
  MODIFY `id_periksa_radiologi` int(5) NOT NULL AUTO_INCREMENT;

--
-- AUTO_INCREMENT for table `tbl_periksa_radiologi_detail`
--
ALTER TABLE `tbl_periksa_radiologi_detail`
  MODIFY `id_detail` int(7) NOT NULL AUTO_INCREMENT;

--
-- AUTO_INCREMENT for table `tbl_periksa_rawat_inap`
--
ALTER TABLE `tbl_periksa_rawat_inap`
  MODIFY `id_periksa_rawat_inap` int(5) NOT NULL AUTO_INCREMENT;

--
-- AUTO_INCREMENT for table `tbl_periksa_rawat_inap_detail`
--
ALTER TABLE `tbl_periksa_rawat_inap_detail`
  MODIFY `id_detail` int(7) NOT NULL AUTO_INCREMENT;

--
-- AUTO_INCREMENT for table `tbl_poli`
--
ALTER TABLE `tbl_poli`
  MODIFY `id_poli` int(3) NOT NULL AUTO_INCREMENT;

--
-- AUTO_INCREMENT for table `tbl_potongan_gaji`
--
ALTER TABLE `tbl_potongan_gaji`
  MODIFY `id_potongan` int(11) NOT NULL AUTO_INCREMENT;

--
-- AUTO_INCREMENT for table `tbl_provinsi`
--
ALTER TABLE `tbl_provinsi`
  MODIFY `id` int(3) NOT NULL AUTO_INCREMENT, AUTO_INCREMENT=2;

--
-- AUTO_INCREMENT for table `tbl_purchase_d`
--
ALTER TABLE `tbl_purchase_d`
  MODIFY `id_purchase_d` int(11) NOT NULL AUTO_INCREMENT, AUTO_INCREMENT=97;

--
-- AUTO_INCREMENT for table `tbl_rapid_antigen`
--
ALTER TABLE `tbl_rapid_antigen`
  MODIFY `id_rapid` int(4) NOT NULL AUTO_INCREMENT;

--
-- AUTO_INCREMENT for table `tbl_ref_gaji`
--
ALTER TABLE `tbl_ref_gaji`
  MODIFY `id_ref_gaji` int(11) NOT NULL AUTO_INCREMENT, AUTO_INCREMENT=10;

--
-- AUTO_INCREMENT for table `tbl_rekap_asuransi`
--
ALTER TABLE `tbl_rekap_asuransi`
  MODIFY `id_rekap_asuransi` int(11) NOT NULL AUTO_INCREMENT;

--
-- AUTO_INCREMENT for table `tbl_ruangan_operasi`
--
ALTER TABLE `tbl_ruangan_operasi`
  MODIFY `id` int(3) NOT NULL AUTO_INCREMENT, AUTO_INCREMENT=2;

--
-- AUTO_INCREMENT for table `tbl_saldo_akun`
--
ALTER TABLE `tbl_saldo_akun`
  MODIFY `id_saldo` int(11) NOT NULL AUTO_INCREMENT, AUTO_INCREMENT=38;

--
-- AUTO_INCREMENT for table `tbl_satuan_barang`
--
ALTER TABLE `tbl_satuan_barang`
  MODIFY `id_satuan` int(11) NOT NULL AUTO_INCREMENT, AUTO_INCREMENT=19;

--
-- AUTO_INCREMENT for table `tbl_setting`
--
ALTER TABLE `tbl_setting`
  MODIFY `id_setting` int(11) NOT NULL AUTO_INCREMENT, AUTO_INCREMENT=2;

--
-- AUTO_INCREMENT for table `tbl_setting_gaji`
--
ALTER TABLE `tbl_setting_gaji`
  MODIFY `id_setting_gaji` int(11) NOT NULL AUTO_INCREMENT;

--
-- AUTO_INCREMENT for table `tbl_shift`
--
ALTER TABLE `tbl_shift`
  MODIFY `id_shift` int(11) NOT NULL AUTO_INCREMENT, AUTO_INCREMENT=7;

--
-- AUTO_INCREMENT for table `tbl_spesialis`
--
ALTER TABLE `tbl_spesialis`
  MODIFY `id_spesialis` int(11) NOT NULL AUTO_INCREMENT, AUTO_INCREMENT=14;

--
-- AUTO_INCREMENT for table `tbl_status_menikah`
--
ALTER TABLE `tbl_status_menikah`
  MODIFY `id_status_menikah` int(11) NOT NULL AUTO_INCREMENT, AUTO_INCREMENT=5;

--
-- AUTO_INCREMENT for table `tbl_stok_adjustment_detail`
--
ALTER TABLE `tbl_stok_adjustment_detail`
  MODIFY `id_detail` int(6) NOT NULL AUTO_INCREMENT;

--
-- AUTO_INCREMENT for table `tbl_tipe_periksa_jasa`
--
ALTER TABLE `tbl_tipe_periksa_jasa`
  MODIFY `id_tipe` int(3) NOT NULL AUTO_INCREMENT, AUTO_INCREMENT=5;

--
-- AUTO_INCREMENT for table `tbl_tipe_periksa_lab`
--
ALTER TABLE `tbl_tipe_periksa_lab`
  MODIFY `id_tipe` int(3) NOT NULL AUTO_INCREMENT, AUTO_INCREMENT=93;

--
-- AUTO_INCREMENT for table `tbl_tipe_periksa_radiologi`
--
ALTER TABLE `tbl_tipe_periksa_radiologi`
  MODIFY `id_tipe` int(3) NOT NULL AUTO_INCREMENT, AUTO_INCREMENT=32;

--
-- AUTO_INCREMENT for table `tbl_transaksi`
--
ALTER TABLE `tbl_transaksi`
  MODIFY `id_transaksi` bigint(20) NOT NULL AUTO_INCREMENT;

--
-- AUTO_INCREMENT for table `tbl_transaksi_d`
--
ALTER TABLE `tbl_transaksi_d`
  MODIFY `id_transaksi_d` bigint(20) NOT NULL AUTO_INCREMENT;

--
-- AUTO_INCREMENT for table `tbl_transaksi_d_obat`
--
ALTER TABLE `tbl_transaksi_d_obat`
  MODIFY `id_transaksi_d_obat` int(11) NOT NULL AUTO_INCREMENT;

--
-- AUTO_INCREMENT for table `tbl_trx_akuntansi`
--
ALTER TABLE `tbl_trx_akuntansi`
  MODIFY `id_trx_akun` int(11) NOT NULL AUTO_INCREMENT, AUTO_INCREMENT=49;

--
-- AUTO_INCREMENT for table `tbl_trx_akuntansi_detail`
--
ALTER TABLE `tbl_trx_akuntansi_detail`
  MODIFY `id_trx_akun_detail` int(11) NOT NULL AUTO_INCREMENT, AUTO_INCREMENT=109;

--
-- AUTO_INCREMENT for table `tbl_user`
--
ALTER TABLE `tbl_user`
  MODIFY `id_users` int(11) NOT NULL AUTO_INCREMENT, AUTO_INCREMENT=35;

--
-- AUTO_INCREMENT for table `tbl_user_level`
--
ALTER TABLE `tbl_user_level`
  MODIFY `id_user_level` int(11) NOT NULL AUTO_INCREMENT, AUTO_INCREMENT=15;

--
-- Constraints for dumped tables
--

--
-- Constraints for table `tbl_absensi_pegawai`
--
ALTER TABLE `tbl_absensi_pegawai`
  ADD CONSTRAINT `tbl_absensi_pegawai_ibfk_1` FOREIGN KEY (`id_pegawai`) REFERENCES `tbl_pegawai` (`id_pegawai`) ON DELETE CASCADE ON UPDATE CASCADE;

--
-- Constraints for table `tbl_akun_detail`
--
ALTER TABLE `tbl_akun_detail`
  ADD CONSTRAINT `tbl_akun_detail_ibfk_1` FOREIGN KEY (`id_akun`) REFERENCES `tbl_akun` (`id_akun`) ON DELETE CASCADE ON UPDATE CASCADE;

--
-- Constraints for table `tbl_inventory`
--
ALTER TABLE `tbl_inventory`
  ADD CONSTRAINT `tbl_inventory_ibfk_1` FOREIGN KEY (`kode_purchase`) REFERENCES `tbl_purchases` (`kode_purchase`) ON DELETE CASCADE ON UPDATE CASCADE;

--
-- Constraints for table `tbl_inventory_detail`
--
ALTER TABLE `tbl_inventory_detail`
  ADD CONSTRAINT `tbl_inventory_detail_ibfk_1` FOREIGN KEY (`id_inventory`) REFERENCES `tbl_inventory` (`id_inventory`) ON DELETE CASCADE ON UPDATE CASCADE;

--
-- Constraints for table `tbl_purchase_d`
--
ALTER TABLE `tbl_purchase_d`
  ADD CONSTRAINT `tbl_purchase_d_ibfk_1` FOREIGN KEY (`kode_purchase`) REFERENCES `tbl_purchases` (`kode_purchase`) ON DELETE CASCADE ON UPDATE CASCADE;

--
-- Constraints for table `tbl_saldo_akun`
--
ALTER TABLE `tbl_saldo_akun`
  ADD CONSTRAINT `tbl_saldo_akun_ibfk_1` FOREIGN KEY (`id_akun`) REFERENCES `tbl_akun` (`id_akun`) ON DELETE CASCADE ON UPDATE CASCADE;

--
-- Constraints for table `tbl_trx_akuntansi_detail`
--
ALTER TABLE `tbl_trx_akuntansi_detail`
  ADD CONSTRAINT `tbl_trx_akuntansi_detail_ibfk_1` FOREIGN KEY (`id_trx_akun`) REFERENCES `tbl_trx_akuntansi` (`id_trx_akun`) ON DELETE CASCADE ON UPDATE CASCADE;
COMMIT;

/*!40101 SET CHARACTER_SET_CLIENT=@OLD_CHARACTER_SET_CLIENT */;
/*!40101 SET CHARACTER_SET_RESULTS=@OLD_CHARACTER_SET_RESULTS */;
/*!40101 SET COLLATION_CONNECTION=@OLD_COLLATION_CONNECTION */;
